ID,Box,Number,Square_size_pixels,IT_pixels,IT_mm,Length_pixels,Length_mm,Tongue_pixels,Tongue_mm
H114,Apidae_Megachilidae,1,1107.260,506.668,,1182.33,,,
J52,Apidae_Megachilidae,2,1146.769,552.660,,1120.12,,,
L132,Apidae_Megachilidae,3,1089.698,513.061,,1053.479,,,
H218,Apidae_Megachilidae,4,1137.379,568.507,,1219.180,,,
J84,Apidae_Megachilidae,5,1104.261,624.065,,1558.953,,,
L79,Apidae_Megachilidae,6,1124.114,661.465,,1509.310,,,
H70,Apidae_Megachilidae,7,1120.216,646.894,,1485.148,,,
L141,Apidae_Megachilidae,8,1107.102,583.945,,1465.211,,,
J219,Apidae_Megachilidae,9,1101.588,520.247,,1302.677,,,
J122,Apidae_Megachilidae,10,1095.924,538.080,,1240.572,,,
H171,Apidae_Megachilidae,11,1200.007,436.165,,981.599,,464.560,
L98,Apidae_Megachilidae,12,1100.589,420.076,,916.035,,,
H282,Apidae_Megachilidae,13,1188.136,442.995,,991.095,,,
L190,Apidae_Megachilidae,14,1138.408,342.013,,772.312,,,
L131,Apidae_Megachilidae,15,1144.275,408.991,,939.939,,,
J193,Apidae_Megachilidae,16,1138.774,406.110,,989.204,,,
H254,Apidae_Megachilidae,17,1114.949,405.349,,1332.854,,395.781,
H177,Apidae_Megachilidae,18,1110.065,421.374,,1167.867,,,
H203,Apidae_Megachilidae,19,1104.587,406.241,,1217.790,,,
H125,Apidae_Megachilidae,20,1102.621,379.005,,960.208,,,
H240,Apidae_Megachilidae,21,1094.660,379.033,,1308.031,,314.097,
L128,Apidae_Megachilidae,22,1087.244,397.011,,1063.927,,,
H51,Apidae_Megachilidae,23,1100.764,430.057,,1170.438,,,
J164,Apidae_Megachilidae,24,1121.216,245.204,,681.235,,,
J145,Apidae_Megachilidae,25,1128.044,222.002,,682.750,,,
J189,Apidae_Megachilidae,26,1092.222,188.011,,632.620,,,
J113,Apidae_Megachilidae,27,1102.045,218.215,,649.569,,,
J116,Apidae_Megachilidae,28,1142.343,220.009,,764.848,,,
L191,Apidae_Megachilidae,29,1080.816,221.145,,669.108,,,
J88,Apidae_Megachilidae,30,1091.969,278.115,,970.002,,,
L130,Apidae_Megachilidae,31,1065.369,248.008,,841.049,,,
J117,Apidae_Megachilidae,32,1081.066,264.121,,870.588,,,
J194,Apidae_Megachilidae,33,1104.493,262.275,,900.802,,,
J146,Apidae_Megachilidae,34,1110.002,246.033,,921.227,,,
H222,Apidae_Megachilidae,35,1088.735,240.416,,905.106,,,
H191,Apidae_Megachilidae,36,1118.258,238.000,,932.105,,,
H185,Apidae_Megachilidae,37,1128.044,280.492,,1016.868,,,
H101,Apidae_Megachilidae,38,1095.066,241.531,,758.146,,,
J78,Apidae_Megachilidae,39,1100.000,203.199,,874.439,,,
L75,Apidae_Megachilidae,40,1114.007,236.076,,933.038,,,
L92,Apidae_Megachilidae,41,1126.004,250.072,,920.176,,,
J21,Apidae_Megachilidae,42,1120.009,225.568,,929.938,,,
J29,Apidae_Megachilidae,43,1165.067,232.019,,1161.248,,,
H38,Apidae_Megachilidae,44,1008.335,210.010,,872.330,,,
L134,Apidae_Megachilidae,45,1014.049,362.006,,1022.018,,489.794,
L17,Apidae_Megachilidae,46,998.200,304.946,,818.841,,,
H29,Apidae_Megachilidae,47,1024.411,277.953,,793.459,,,
J53,Apidae_Megachilidae,48,1018.002,264.186,,717.349,,,
L105,Apidae_Megachilidae,49,1031.303,414.001,,1047.039,,,
L146,Apidae_Megachilidae,50,1014.071,375.012,,914.219,,,
J39,Apidae_Megachilidae,50b,1055.190,412.167,,1009.400,,,
L15,Apidae_Megachilidae,51,1057.068,467.052,,1392.029,,,
H22,Apidae_Megachilidae,52,1045.122,486.773,,1413.653,,,
L143,Apidae_Megachilidae,53,1055.068,370.086,,1182.461,,,
J57,Apidae_Megachilidae,54,1080.067,360.022,,1095.497,,,
H42,Apidae_Megachilidae,55,1116.007,406.000,,1130.398,,,
L133,Apidae_Megachilidae,56,1310.673,396.913,,1043.000,,,
H57,Apidae_Megachilidae,57,1039.301,333.384,,852.601,,,
L36,Apidae_Megachilidae,58,1042.693,381.005,,1070.904,,,
H44,Apidae_Megachilidae,59,1026.779,343.023,,948.171,,,
L49,Apidae_Megachilidae,60,1046.002,388.171,,1138.956,,523.470,
J108,Apidae_Megachilidae,61,1029.257,354.051,,1004.796,,,
L46,Apidae_Megachilidae,62,1082.067,339.072,,969.645,,,
J38,Apidae_Megachilidae,63,1032.194,414.792,,1059.830,,,
H26,Apidae_Megachilidae,64,1020.259,289.468,,798.530,,,
H11,Apidae_Megachilidae,65,1046.191,393.411,,930.363,,,
L37,Apidae_Megachilidae,66,1059.038,259.156,,688.003,,,
L50,Apidae_Megachilidae,67,1044.232,361.448,,886.111,,,
L81,Apidae_Megachilidae,68,1028.280,397.000,,996.243,,,
H41,Apidae_Megachilidae,69,1032.039,466.039,,1146.004,,,
J47,Apidae_Megachilidae,70,1034.379,403.366,,1172.215,,586.237,
J62,Apidae_Megachilidae,71,1028.438,456.355,,1244.709,,,
J49,Apidae_Megachilidae,72,1038.557,390.046,,1090.017,,,
J20,Apidae_Megachilidae,73,1041.393,403.985,,1174.783,,,
H46,Apidae_Megachilidae,74,1050.274,418.760,,1200.173,,,
L38,Apidae_Megachilidae,75,1032.017,390.635,,1082.071,,,
L1,Apidae_Megachilidae,76,1016.504,480.104,,1070.007,,,
H21,Apidae_Megachilidae,77,1079.007,474.068,,1106.146,,,
J150,Apidae_Megachilidae,78,1030.95,402.179,,1219.196,,389.554,
L122,Apidae_Megachilidae,79,1052.000,481.269,,1253.196,,453.746,
L183,Apidae_Megachilidae,80,1098.002,480.875,,1191.638,,,
J72,Apidae_Megachilidae,81,1048.551,484.516,,1326.682,,422.607,
L163a,Apidae_Megachilidae,82,1026.125,460.410,,1315.509,,,
H68,Apidae_Megachilidae,83,1052.023,404.317,,1169.978,,,
J176,Apidae_Megachilidae,84,1032.031,388.000,,1198.603,,475.161,
J69,Apidae_Megachilidae,85,1040.008,484.595,,1362.162,,537.760,
J125,Apidae_Megachilidae,86,1039.009,477.067,,1336.006,,,
H288,Apidae_Megachilidae,87,1029.039,491.187,,1372.693,,,
L58,Apidae_Megachilidae,88,1035.082,508.980,,1344.482,,,
J80,Apidae_Megachilidae,89,1042.192,494.793,,1243.971,,,
J149,Apidae_Megachilidae,90,1035.004,321.002,,912.002,,,
L145,Apidae_Megachilidae,91,1024.049,360.139,,966.101,,,
L107,Apidae_Megachilidae,92,1041.008,346.055,,928.349,,,
J123,Apidae_Megachilidae,93,1037.494,363.595,,898.721,,,
L193,Apidae_Megachilidae,94,1022.259,313.102,,764.016,,,
L202,Apidae_Megachilidae,95,1018.196,303.328,,780.000,,,
H73,Apidae_Megachilidae,96,1029.029,401.080,,1025.530,,,
H255,Apidae_Megachilidae,97,1024.158,403.020,,993.519,,403.586,
H172,Apidae_Megachilidae,98,1044.088,384.022,,990.051,,402.518,
J67,Apidae_Megachilidae,99,1033.743,311.373,,811.490,,,
H69,Apidae_Megachilidae,100,1026.439,518.818,,1425.654,,,
H74,Apidae_Megachilidae,101,1037.206,449.090,,1305.390,,327.027,
J169,Apidae_Megachilidae,102,1049.584,452.000,,1344.355,,339.850,
H100,Apidae_Megachilidae,103,1060.832,498.128,,1494.473,,,
H242,Apidae_Megachilidae,104,1042.905,497.531,,1475.225,,,
J58,Apidae_Megachilidae,105,1038.378,489.556,,1345.339,,,
J54,Apidae_Megachilidae,106,1055.758,492.260,,1551.743,,,
J77,Apidae_Megachilidae,107,1035.464,476.026,,1538.082,,,
J132,Apidae_Megachilidae,108,1054.615,516.792,,1375.584,,,
H91,Apidae_Megachilidae,109,1062.323,467.097,,1524.047,,,
H194,Apidae_Megachilidae,110,1065.128,451.775,,1386.218,,363.794,
L171,Apidae_Megachilidae,111,1068.169,612.013,,1786.036,,,
J188,Apidae_Megachilidae,112,1043.232,609.139,,1664.120,,446.494,
J137,Apidae_Megachilidae,113,1036.278,487.743,,1346.439,,,
L89,Apidae_Megachilidae,114,1081.118,534.015,,1564.046,,476.449,
H127,Apidae_Megachilidae,115,1092.046,560.008,,1440.200,,,
J106,Apidae_Megachilidae,116,1075.538,568.254,,1488.874,,,
J120,Apidae_Megachilidae,117,1045.057,561.749,,1443.078,,,
J232,Apidae_Megachilidae,118,1077.706,418.994,,1295.726,,,
J147,Apidae_Megachilidae,119,1044.844,407.149,,1138.213,,,
H163,Apidae_Megachilidae,120,1097.591,387.769,,990.129,,260.386,
H186,Apidae_Megachilidae,121,1076.899,526.186,,1387.052,,,
J124,Apidae_Megachilidae,122,1059.793,510.416,,1300.002,,,
J131,Apidae_Megachilidae,123,1057.090,488.262,,1234.006,,374.108,
J76,Apidae_Megachilidae,124,1057.045,487.333,,1275.127,,,
L91,Apidae_Megachilidae,125,1083.337,460.679,,1398.930,,,
J60,Apidae_Megachilidae,126,1078.818,451.997,,1191.255,,,
H223,Apidae_Megachilidae,127,1065.319,477.067,,1234.026,,,
H190,Apidae_Megachilidae,128,1063.952,455.456,,1253.379,,,
L66,Apidae_Megachilidae,129,1091.438,521.110,,1585.548,,,
J42,Apidae_Megachilidae,130,1097.923,507.319,,1453.39,,,
J32,Apidae_Megachilidae,131,1107.199,536.963,,1641.924,,,
J18,Apidae_Megachilidae,132,1076.027,488.009,,1515.190,,,
J73,Apidae_Megachilidae,133,1102.220,530.241,,1716.168,,708.410,
H27,Apidae_Megachilidae,134,1120.257,464.321,,1437.354,,,
L24,Apidae_Megachilidae,135,1104.555,485.057,,1614.337,,,
J7,Apidae_Megachilidae,136,1085.892,455.536,,1438.380,,,
L135,Apidae_Megachilidae,137,1125.78,546.202,,1240.046,,600.035,
H50,Apidae_Megachilidae,138,1090.888,530.362,,1118.789,,,
L90,Apidae_Megachilidae,139,1123.349,533.735,,1461.583,,,
J68,Apidae_Megachilidae,140,1099.589,510.837,,1303.734,,,
J143,Apidae_Megachilidae,141,1095.884,472.010,,1137.669,,,
H121,Apidae_Megachilidae,142,1140.028,483.501,,1263.228,,,
H99,Apidae_Megachilidae,143,1113.002,1016.197,,2669.292,,571.545,
J3,Apidae_Megachilidae,144,1098.089,606.267,,1598.209,,,
H18,Apidae_Megachilidae,145,1095.029,537.708,,1416.013,,458.473,
H19,Apidae_Megachilidae,146,1324.387,751.349,,1831.31,,,
J33,Apidae_Megachilidae,147,1060.002,628.160,,1401.755,,,
J12,Apidae_Megachilidae,148,1063.084,568.821,,1659.735,,,
J66,Apidae_Megachilidae,149,1048.002,565.796,,1780.320,,,
L80,Apidae_Megachilidae,150,1076.079,577.956,,1739.227,,,
L64,Apidae_Megachilidae,151,1046.048,530.028,,1677.386,,,
J63,Apidae_Megachilidae,152,1034.000,548.234,,1509.763,,,
L100,Apidae_Megachilidae,153,1030.002,558.000,,1694.235,,,
H28,Apidae_Megachilidae,154,1049.012,524.187,,1407.029,,,
H210,Apidae_Megachilidae,155,1034.070,453.018,,1131.322,,,
J10,Apidae_Megachilidae,156,1070.012,482.499,,1453.019,,,
H165,Apidae_Megachilidae,157,1039.039,376.000,,1000.018,,,
J140,Apidae_Megachilidae,158,1026.195,394.000,,1144.007,,540.858,
H40,Apidae_Megachilidae,159,1025.049,561.057,,1688.731,,,
J2,Apidae_Megachilidae,160,1032.008,586.437,,1721.051,,,
J5,Apidae_Megachilidae,161,1046.069,598.084,,1684.190,,,
J45,Apidae_Megachilidae,162,1024.633,582.169,,1608.179,,,
J27,Apidae_Megachilidae,163,1022.565,568.032,,1452.012,,1011.628,
H52,Apidae_Megachilidae,164,1048.081,589.031,,1458.012,,,
L25,Apidae_Megachilidae,165,1037.625,635.079,,1711.052,,,
H20,Apidae_Megachilidae,166,1031.436,556.723,,1590.877,,,
J36,Apidae_Megachilidae,167,1143.273,668.216,,1635.570,,,
H47,Apidae_Megachilidae,168,1016.042,547.001,,1482.983,,490.065,
J48,Apidae_Megachilidae,169,1014.675,567.254,,1532.645,,642.620,
J5,Apidae_Megachilidae,170,1013.652,527.024,,1653.787,,,
L8,Apidae_Megachilidae,171,1052.190,435.611,,1187.416,,,
H45,Apidae_Megachilidae,172,1044.069,396.081,,1281.351,,,
H24,Apidae_Megachilidae,173,1021.031,559.014,,1836.039,,,
J6,Apidae_Megachilidae,174,1030.031,531.008,,1885.156,,,
H112,Apidae_Megachilidae,175,1040.008,478.357,,1384.701,,,
J170,Apidae_Megachilidae,176,1051.023,446.377,,1263.573,,429.492,
L200,Apidae_Megachilidae,177,1019.000,358.353,,1052.616,,381.686,
H113,Apidae_Megachilidae,178,1012.032,449.444,,1254.517,,,
H97,Apidae_Megachilidae,179,1017.018,505.371,,1207.544,,,
H208,Apidae_Megachilidae,180,1020.000,419.724,,1274.057,,,
L211,Apidae_Megachilidae,181,1018.002,444.072,,1226.406,,,
L215,Apidae_Megachilidae,182,1024.002,373.034,,1174.593,,,
L213,Apidae_Megachilidae,183,1032.496,418.134,,1174.354,,,
J231,Apidae_Megachilidae,184,1028.235,343.421,,1215.093,,,
H195,Apidae_Megachilidae,185,1146.806,400.320,,1185.421,,573.474,
H166,Apidae_Megachilidae,186,1014.639,522.188,,1488.435,,,
J156,Apidae_Megachilidae,187,1018.442,569.098,,1504.634,,,
L199,Apidae_Megachilidae,188,1008.097,453.282,,1413.624,,,
H120,Apidae_Megachilidae,189,1023.096,557.818,,1620.469,,,
J158,Apidae_Megachilidae,190,1012.000,511.097,,1671.579,,,
L210,Apidae_Megachilidae,191,1036.109,530.289,,1610.193,,,
H119,Apidae_Megachilidae,192,1026.031,502.780,,1484.212,,,
H226,Apidae_Megachilidae,193,1032.024,492.199,,1505.042,,,
H252,Apidae_Megachilidae,194,1014.333,458.000,,1474.759,,,
H174,Apidae_Megachilidae,195,1018.636,532.635,,1458.605,,447.545,
H176,Apidae_Megachilidae,196,1032.380,465.394,,1215.487,,369.939,
J37,Apidae_Megachilidae,197,1014.217,466.039,,1156.016,,,
J28,Apidae_Megachilidae,198,1045.349,424.019,,1195.408,,,
H53,Apidae_Megachilidae,199,1015.060,485.906,,1127.114,,,
J50,Apidae_Megachilidae,200,1008.127,543.203,,1207.604,,,
J157,Apidae_Megachilidae,201,1030.000,560.985,,1147.216,,,
J175,Apidae_Megachilidae,202,1118.216,476.508,,1218.322,,,
H179,Apidae_Megachilidae,203,1011.791,436.093,,1163.025,,,
J154,Apidae_Megachilidae,204,1010.476,507.213,,1148.377,,,
L201,Apidae_Megachilidae,205,1021.018,378.529,,1037.622,,,
H178,Apidae_Megachilidae,206,1009.476,550.294,,1310.890,,360.141,
J172,Apidae_Megachilidae,207,1011.338,531.456,,1400.383,,,
J153,Apidae_Megachilidae,208,1018.196,540.578,,1495.087,,,
H256,Apidae_Megachilidae,209,1016.238,780.956,,2161.185,,,
L67,Apidae_Megachilidae,210,1012.071,443.464,,1264.122,,307.552,
J41,Apidae_Megachilidae,211,1027.236,436.840,,1120.533,,,
L40,Apidae_Megachilidae,212,1022.501,578.170,,1354.332,,,
L19,Apidae_Megachilidae,213,1022.175,449.010,,1258.297,,,
L39,Apidae_Megachilidae,214,1005.018,429.511,,1292.874,,,
J11,Apidae_Megachilidae,215,1016.008,455.089,,1308.169,,,
J200,Apidae_Megachilidae,216,1012.002,521.552,,1215.300,,,
J155,Apidae_Megachilidae,217,1036.069,501.323,,1239.730,,,
H175,Apidae_Megachilidae,218,1011.012,489.083,,1248.026,,408.101,
J159,Apidae_Megachilidae,219,1004.719,489.980,,1260.089,,,
H257,Apidae_Megachilidae,220,1007.557,501.259,,1442.077,,528.301,
L198,Apidae_Megachilidae,221,1023.174,446.900,,1082.007,,,
L196,Apidae_Megachilidae,222,1013.360,543.000,,1287.503,,,
L86,Apidae_Megachilidae,223,1003.391,524.382,,1320.218,,,
J174,Apidae_Megachilidae,224,1004.510,492.065,,1311.055,,485.346,
L6,Apidae_Megachilidae,225,1033.194,719.762,,1970.669,,,
H62,Apidae_Megachilidae,226,1010.572,507.718,,1227.004,,,
J139,Apidae_Megachilidae,227,1007.870,520.246,,1434.462,,,
H56,Apidae_Megachilidae,228,1009.842,529.046,,1396.006,,,
H253,Apidae_Megachilidae,229,1020.269,559.035,,1578.924,,587.851,
L148,Apidae_Megachilidae,230,999.354,470.384,,1408.460,,475.337,
L218,Apidae_Megachilidae,231,1014.639,639.015,,1717.137,,568.562,
J178,Apidae_Megachilidae,232,1019.012,613.007,,1404.570,,,
L2,Apidae_Megachilidae,233,1018.018,758.169,,1905.361,,,
J144,Apidae_Megachilidae,234,1011.004,515.926,,1622.853,,,
L41,Apidae_Megachilidae,235,1013.097,519.078,,1419.251,,,
J55,Apidae_Megachilidae,236,1017.133,454.070,,1513.312,,788.473,
H48,Apidae_Megachilidae,237,1030.235,505.665,,1644.701,,625.638,
H167,Apidae_Megachilidae,238,1001.040,483.674,,1471.389,,623.503,
H76,Apidae_Megachilidae,239,1020.237,600.333,,1365.646,,,
J243,Apidae_Megachilidae,240,1004.060,548.008,,1528.021,,,
L20,Apidae_Megachilidae,241,1012.040,237.103,,825.174,,,
H198,Apidae_Megachilidae,242,984.041,334.383,,1088.943,,312.524,
J192,Apidae_Megachilidae,243,1105.261,212.085,,700.643,,,
H160,Apidae_Megachilidae,244,965.117,822.002,,272.090,,330.492,
H43,Apidae_Megachilidae,245,962.005,236.932,,796.264,,,
L16,Apidae_Megachilidae,246,1016.868,173.220,,552.635,,,
H150,Apidae_Megachilidae,247,1372.210,198.567,,651.230,,,
L158,Apidae_Megachilidae,248,1512.360,233.932,,805.315,,,
H13,Apidae_Megachilidae,249,1025.176,195.256,,676.958,,,
L185,Apidae_Megachilidae,250,1421.517,171.572,,668.242,,,
H9,Apidae_Megachilidae,251,1042.094,303.816,,1092.597,,,
L104,Apidae_Megachilidae,252,1192.060,234.077,,801.209,,,
L69,Apidae_Megachilidae,253,1536.130,304.007,,1067.367,,,
L42,Apidae_Megachilidae,254,1476.110,234.034,,898.056,,,
H65,Andrenidae_Halictidae_Colletidae,1,1032.175,326.584,,1200.937,,,
L45,Andrenidae_Halictidae_Colletidae,2,1024.031,316.025,,1104.007,,,
L153,Andrenidae_Halictidae_Colletidae,3,1035.017,357.816,,1221.520,,,
L29,Andrenidae_Halictidae_Colletidae,4,1074.012,354.464,,1254.176,,,
J136,Andrenidae_Halictidae_Colletidae,5,1066.004,348.144,,1249.042,,,
H128,Andrenidae_Halictidae_Colletidae,6,1072.000,370.259,,1351.113,,,
L85,Andrenidae_Halictidae_Colletidae,7,1032.031,361.000,,1314.770,,,
L124,Andrenidae_Halictidae_Colletidae,8,1052.002,292.335,,1000.616,,,
H124,Andrenidae_Halictidae_Colletidae,9,1047.000,280.195,,950.295,,,
H4,Andrenidae_Halictidae_Colletidae,10,1038.123,246.376,,928.778,,,
J71,Andrenidae_Halictidae_Colletidae,11,1059.023,370.778,,1501.586,,,
L126,Andrenidae_Halictidae_Colletidae,12,1028.031,416.389,,1597.623,,,
L77,Andrenidae_Halictidae_Colletidae,13,1072.002,414.787,,1752.977,,306.059,
L48,Andrenidae_Halictidae_Colletidae,14,1032.095,345.138,,1431.855,,,
L175,Andrenidae_Halictidae_Colletidae,15,1033.002,427.177,,1579.721,,,
H126,Andrenidae_Halictidae_Colletidae,16,1049.000,420.868,,1618.893,,,
H58,Andrenidae_Halictidae_Colletidae,17,1015.000,424.570,,1494.952,,,
L143,Andrenidae_Halictidae_Colletidae,18,1038.002,418.001,,1426.392,,,
H3,Andrenidae_Halictidae_Colletidae,19,1052.137,190.168,,638.254,,,
J4,Andrenidae_Halictidae_Colletidae,20,1041.012,292.262,,1084.996,,,
H2,Andrenidae_Halictidae_Colletidae,21,1037.004,193.507,,668.270,,,
J13,Andrenidae_Halictidae_Colletidae,22,1060.003,209.038,,706.003,,,
H23,Andrenidae_Halictidae_Colletidae,23,1070.002,212.250,,736.088,,,
L83,Andrenidae_Halictidae_Colletidae,24,1036.017,194.010,,701.744,,,
L162,Andrenidae_Halictidae_Colletidae,25,1061.812,194.659,,774.506,,,
L129,Andrenidae_Halictidae_Colletidae,26,1032.082,238.883,,880.036,,,
L73,Andrenidae_Halictidae_Colletidae,27,1051.023,274.117,,885.183,,,
L54,Andrenidae_Halictidae_Colletidae,28,1073.000,242.837,,771.368,,,
H71,Andrenidae_Halictidae_Colletidae,29,1074.007,320.297,,1288.397,,,
J148,Andrenidae_Halictidae_Colletidae,30,1040.404,320.000,,1122.312,,,
L61,Andrenidae_Halictidae_Colletidae,31,1070.316,300.015,,1231.320,,,
L110,Andrenidae_Halictidae_Colletidae,32,1118.002,148.489,,554.564,,,
L70,Andrenidae_Halictidae_Colletidae,33,1068.120,191.771,,670.107,,,
H269,Andrenidae_Halictidae_Colletidae,34,1046.323,200.085,,714.809,,,
H168,Andrenidae_Halictidae_Colletidae,35,1296.964,346.092,,1344.345,,,
L65,Andrenidae_Halictidae_Colletidae,36,1259.663,279.613,,1030.116,,,
L14,Andrenidae_Halictidae_Colletidae,37,1302.301,358.274,,1272.157,,,
L93,Andrenidae_Halictidae_Colletidae,38,1302.743,375.300,,1314.876,,,
L9,Andrenidae_Halictidae_Colletidae,39,1316.097,350.013,,1282.064,,,
H5,Andrenidae_Halictidae_Colletidae,40,1527.268,447.272,,1534.948,,,
H10,Andrenidae_Halictidae_Colletidae,41,1204.664,330.388,,1299.055,,,
L174,Andrenidae_Halictidae_Colletidae,42,1197.310,314.579,,1167.675,,,
L3,Andrenidae_Halictidae_Colletidae,43,1180.449,313.129,,1218.676,,,
H192,Andrenidae_Halictidae_Colletidae,44,1214.081,345.284,,1200.060,,,
L63,Andrenidae_Halictidae_Colletidae,45,1178.205,426.793,,1576.081,,,
L28,Andrenidae_Halictidae_Colletidae,46,1188.284,446.285,,1568.000,,,
H217,Andrenidae_Halictidae_Colletidae,47,1186.487,399.656,,1226.132,,437.789,
H243,Andrenidae_Halictidae_Colletidae,48,1192.485,420.005,,1230.443,,,
H216,Andrenidae_Halictidae_Colletidae,49,1274.039,471.468,,1606.009,,,
L173,Andrenidae_Halictidae_Colletidae,50,1284.014,507.425,,1628.044,,,
L94,Andrenidae_Halictidae_Colletidae,51,1186.083,369.389,,1246.815,,,
J119,Andrenidae_Halictidae_Colletidae,52,1160.062,347.223,,1032.473,,,
H233,Andrenidae_Halictidae_Colletidae,53,1044.094,196.010,,756.003,,,
H221,Andrenidae_Halictidae_Colletidae,54,1068.000,278.000,,848.943,,,
L169,Andrenidae_Halictidae_Colletidae,55,1030.017,272.007,,996.098,,,
L68,Andrenidae_Halictidae_Colletidae,56,1057.000,266.030,,900.180,,,
H12,Andrenidae_Halictidae_Colletidae,57,1060.002,218.009,,744.132,,,
H188a,Andrenidae_Halictidae_Colletidae,58,1138.053,242.074,,896.056,,,
L74,Andrenidae_Halictidae_Colletidae,59,1074.419,210.152,,676.924,,,
L138,Andrenidae_Halictidae_Colletidae,60,1060.424,197.023,,770.880,,,
H66,Andrenidae_Halictidae_Colletidae,61,1027.329,178.474,,617.081,,,
L204,Andrenidae_Halictidae_Colletidae,62,1078.267,203.416,,738.024,,,
L197,Andrenidae_Halictidae_Colletidae,63,1060.483,205.000,,678.357,,,
H263,Andrenidae_Halictidae_Colletidae,64,1068.826,187.043,,767.053,,,
H133,Andrenidae_Halictidae_Colletidae,65,1152.028,166.018,,758.095,,,
H170,Andrenidae_Halictidae_Colletidae,66,1092.029,200.010,,740.011,,177.910,
J184,Andrenidae_Halictidae_Colletidae,67,1064.395,206.022,,684.462,,,
L33,Andrenidae_Halictidae_Colletidae,68,1092.359,190.095,,689.290,,,
H59,Andrenidae_Halictidae_Colletidae,69,1073.462,171.105,,611.572,,,
L140,Andrenidae_Halictidae_Colletidae,70,1052.068,164.003,,584.500,,,
J35,Andrenidae_Halictidae_Colletidae,71,1089.058,180.025,,609.021,,,
J134,Andrenidae_Halictidae_Colletidae,72,1060.017,153.003,,594.121,,,
H143,Andrenidae_Halictidae_Colletidae,73,1052.008,146.031,,579.280,,,
H107,Andrenidae_Halictidae_Colletidae,74,1054.000,154.055,,600.120,,,
H16,Andrenidae_Halictidae_Colletidae,75,1060.030,164.575,,NA,,,
H265,Andrenidae_Halictidae_Colletidae,76,1104.004,192.375,,632.674,,,
J242,Andrenidae_Halictidae_Colletidae,77,1076.002,141.796,,568.043,,,
H234,Andrenidae_Halictidae_Colletidae,78,1035.004,136.367,,465.988,,,
H134,Andrenidae_Halictidae_Colletidae,79,1083.066,138.232,,508.270,,,
H75,Andrenidae_Halictidae_Colletidae,80,1072.002,437.114,,437.114,,,
L188,Andrenidae_Halictidae_Colletidae,81,1062.004,133.660,,426.307,,,
H63,Andrenidae_Halictidae_Colletidae,82,1056.613,138.058,,483.994,,,
H279,Andrenidae_Halictidae_Colletidae,83,1046.008,118.343,,422.623,,,
H142,Andrenidae_Halictidae_Colletidae,84,1060.000,135.181,,441.200,,,
J126,Andrenidae_Halictidae_Colletidae,85,1122.007,263.321,,963.004,,123.968,
H267,Andrenidae_Halictidae_Colletidae,86,1044.002,266.182,,819.250,,,
H211,Andrenidae_Halictidae_Colletidae,87,1052.080,258.327,,813.138,,,
L32,Andrenidae_Halictidae_Colletidae,88,1054.057,264.017,,961.216,,,
L52,Andrenidae_Halictidae_Colletidae,89,1078.150,134.000,,444.288,,,
L30,Andrenidae_Halictidae_Colletidae,90,1038.008,131.015,,500.529,,,
H201,Andrenidae_Halictidae_Colletidae,91,1040.002,232.000,,884.000,,257.843,
H199,Andrenidae_Halictidae_Colletidae,92,1034.002,261.725,,867.696,,,
L13,Andrenidae_Halictidae_Colletidae,93,1034.435,242.528,,804.006,,,
J26,Andrenidae_Halictidae_Colletidae,94,1056.485,214.114,,681.692,,,
L51,Andrenidae_Halictidae_Colletidae,95,1041.024,195.023,,629.031,,,
H285,Andrenidae_Halictidae_Colletidae,96,1056.371,203.711,,685.974,,,
L170,Andrenidae_Halictidae_Colletidae,97,1001.131,186.067,,684.812,,,
L57,Andrenidae_Halictidae_Colletidae,98,1071.098,188.521,,511.726,,,
H111,Andrenidae_Halictidae_Colletidae,99,1068.000,130.000,,493.912,,,
L194,Andrenidae_Halictidae_Colletidae,100,1054.121,155.631,,587.042,,,
J17,Andrenidae_Halictidae_Colletidae,101,1066.068,152.895,,578.999,,,
J212,Andrenidae_Halictidae_Colletidae,102,1060.068,165.061,,577.124,,,
J118,Andrenidae_Halictidae_Colletidae,103,1066.068,159.389,,546.114,,,
H220,Andrenidae_Halictidae_Colletidae,104,1074.225,159.355,,683.687,,,
H239,Andrenidae_Halictidae_Colletidae,105,1055.229,154.003,,563.128,,,
H207,Andrenidae_Halictidae_Colletidae,106,1080.224,162.779,,588.129,,,
H110,Andrenidae_Halictidae_Colletidae,107,1042.276,174.929,,570.467,,,
H164,Andrenidae_Halictidae_Colletidae,108,1048.122,176.284,,716.434,,,
L72,Andrenidae_Halictidae_Colletidae,109,1062.188,238.210,,802.160,,,
L103,Andrenidae_Halictidae_Colletidae,110,1101.037,249.359,,850.263,,,
H78,Andrenidae_Halictidae_Colletidae,111,1122.087,179.627,,680.294,,,
J104,Andrenidae_Halictidae_Colletidae,112,1054.047,208.087,,735.840,,,
H104,Andrenidae_Halictidae_Colletidae,113,1130.113,256.000,,934.625,,,
L147,Andrenidae_Halictidae_Colletidae,114,1076.091,228.876,,734.134,,,
J141,Andrenidae_Halictidae_Colletidae,115,1113.582,182.661,,643.140,,,
J224,Andrenidae_Halictidae_Colletidae,116,1116.145,218.147,,701.541,,,
J222,Andrenidae_Halictidae_Colletidae,117,1054.685,219.002,,728.176,,,
H37,Andrenidae_Halictidae_Colletidae,118,1037.351,178.718,,679.627,,,
H229,Andrenidae_Halictidae_Colletidae,119,1097.329,175.026,,846.274,,,
H15,Andrenidae_Halictidae_Colletidae,120,1136.283,352.495,,1172.359,,,
H83,Andrenidae_Halictidae_Colletidae,121,1102.323,297.893,,1231.744,,,
H162,Andrenidae_Halictidae_Colletidae,122,1078.091,337.337,,1633.509,,,
H90,Andrenidae_Halictidae_Colletidae,123,1030.140,339.706,,1419.276,,,
L172,Andrenidae_Halictidae_Colletidae,124,1084.362,390.082,,1465.071,,,
L78,Andrenidae_Halictidae_Colletidae,125,1035.017,359.739,,1366.980,,,
H224,Andrenidae_Halictidae_Colletidae,126,1115.036,363.793,,1512.455,,392.048,
H200,Andrenidae_Halictidae_Colletidae,127,1107.406,312.258,,1429.137,,,
J196,Andrenidae_Halictidae_Colletidae,128,1044.375,324.006,,1408.006,,386.044,
H98,Andrenidae_Halictidae_Colletidae,129,1095.411,320.039,,1344.221,,,
H31,Andrenidae_Halictidae_Colletidae,130,1078.561,400.000,,1356.094,,,
H161,Andrenidae_Halictidae_Colletidae,131,1069.265,372.592,,1425.237,,,
H196,Andrenidae_Halictidae_Colletidae,132,1061.831,389.217,,1506.153,,,
H227,Andrenidae_Halictidae_Colletidae,133,1105.197,374.301,,1353.159,,,
H103,Andrenidae_Halictidae_Colletidae,134,1107.041,256.632,,884.934,,,
L115,Andrenidae_Halictidae_Colletidae,135,1113.483,208.346,,732.323,,,
H213,Andrenidae_Halictidae_Colletidae,136,1059.317,197.990,,690.456,,,
L116,Andrenidae_Halictidae_Colletidae,137,1114.016,623.065,,184.043,,,
H151,Andrenidae_Halictidae_Colletidae,138,1068.152,148.122,,540.227,,,
H96,Andrenidae_Halictidae_Colletidae,139,1112.146,201.010,,666.108,,,
J211,Andrenidae_Halictidae_Colletidae,140,1116.000,330.024,,936.481,,,
J167,Andrenidae_Halictidae_Colletidae,141,1062.008,864.009,,322.560,,,
L177,Andrenidae_Halictidae_Colletidae,142,1085.066,311.565,,891.404,,,
H272a,Andrenidae_Halictidae_Colletidae,143,1046.348,327.002,,939.498,,,
J183,Andrenidae_Halictidae_Colletidae,144,1048.488,300.540,,859.179,,,
J81,Andrenidae_Halictidae_Colletidae,145,1070.269,285.344,,774.648,,,
H106,Andrenidae_Halictidae_Colletidae,146,1060.092,298.015,,964.019,,,
H157,Andrenidae_Halictidae_Colletidae,147,1084.017,287.507,,789.963,,,
J133,Andrenidae_Halictidae_Colletidae,148,1055.003,262.800,,796.304,,,
J135,Andrenidae_Halictidae_Colletidae,149,1104.587,778.635,,274.729,,,
L178,Andrenidae_Halictidae_Colletidae,150,1086.258,241.133,,709.245,,,
H105,Andrenidae_Halictidae_Colletidae,151,1082.671,214.037,,719.006,,,
J168,Andrenidae_Halictidae_Colletidae,152,1100.358,236.008,,706.637,,,
J92,Andrenidae_Halictidae_Colletidae,153,1482.264,356.034,,1028.961,,,
H266,Andrenidae_Halictidae_Colletidae,154,1244.041,380.000,,1276.307,,,
H281,Andrenidae_Halictidae_Colletidae,155,1164.687,369.087,,1120.029,,,
L82,Andrenidae_Halictidae_Colletidae,156,1166.556,229.035,,742.024,,,
J204,Andrenidae_Halictidae_Colletidae,157,1184.69,205.002,,629.064,,,
H280,Andrenidae_Halictidae_Colletidae,158,1192.136,215.084,,636.453,,,
H278,Andrenidae_Halictidae_Colletidae,159,1244.161,207.155,,630.003,,,
H259,Andrenidae_Halictidae_Colletidae,160,1203.135,189.169,,710.296,,,
J238,Andrenidae_Halictidae_Colletidae,161,1524.106,261.842,,832.548,,,
L84,Andrenidae_Halictidae_Colletidae,162,1206.955,230.957,,606.083,,,
L189,Andrenidae_Halictidae_Colletidae,163,1214.323,186.097,,554.058,,,
H115,Andrenidae_Halictidae_Colletidae,164,1815.838,251.032,,900.569,,,
L147,Andrenidae_Halictidae_Colletidae,165,1865.716,245.986,,764.128,,,
J86,Andrenidae_Halictidae_Colletidae,166,1933.982,306.111,,896.973,,,
H212,Andrenidae_Halictidae_Colletidae,167,1500.360,249.467,,735.300,,,
L182,Andrenidae_Halictidae_Colletidae,168,1440.481,231.138,,739.194,,,
J217,Andrenidae_Halictidae_Colletidae,169,2069.887,358.558,,1116.580,,,
J87,Andrenidae_Halictidae_Colletidae,170,2045.412,346.092,,968.999,,,
J182,Andrenidae_Halictidae_Colletidae,171,1504.340,267.918,,813.813,,,
J199,Andrenidae_Halictidae_Colletidae,172,1467.371,207.022,,701.976,,,
L160,Andrenidae_Halictidae_Colletidae,173,2008.574,245.131,,964.075,,,
L207,Non_Syrphid_Diptera,1,1208.041,626.000,,1712.117,,,
L180,Non_Syrphid_Diptera,2,1275.014,580.521,,1622.842,,282.999,
J79,Non_Syrphid_Diptera,3,1244.103,457.158,,1164.004,,,
J1,Non_Syrphid_Diptera,4,1290.087,628.039,,1185.380,,852.338,
L7,Non_Syrphid_Diptera,5,1218.369,688.283,,1313.500,,880.448,
H6,Non_Syrphid_Diptera,6,1305.676,736.448,,1528.618,,1248.707,
L75,Non_Syrphid_Diptera,7,1244.006,172.351,,468.257,,204.707,
L47,Non_Syrphid_Diptera,8,1218.199,402.179,,955.355,,660.27,
L26,Non_Syrphid_Diptera,9,1221.133,561.970,,1037.714,,798.630,
H30,Non_Syrphid_Diptera,10,1216.947,1086.932,,477.026,,832.839,
L35,Non_Syrphid_Diptera,11,1219.067,937.951,,352.278,,581.335,
J59,Non_Syrphid_Diptera,12,1257.805,333.600,,933.931,,646.022,
L161,Non_Syrphid_Diptera,13,1233.033,290.028,,1329.122,,517.243,
H197,Non_Syrphid_Diptera,14,1256.995,340.001,,1452.112,,360.200,
H202,Non_Syrphid_Diptera,15,1232.006,176.000,,666.007,,,
L12,Non_Syrphid_Diptera,16,1232.526,328.075,,1060.754,,,
H122,Non_Syrphid_Diptera,17,1244.103,333.254,,1143.319,,,
H122,Non_Syrphid_Diptera,17,1203.995,NA,,NA,,476.777,
L31,Non_Syrphid_Diptera,18,1236.615,163.327,,573.582,,99.486,
H169,Non_Syrphid_Diptera,19,1316.097,243.528,,663.861,,,
H260,Non_Syrphid_Diptera,20,1252.129,410.537,,1221.133,,,
L216,Non_Syrphid_Diptera,21,1347.249,534.015,,1287.423,,,
H181,Non_Syrphid_Diptera,22,1233.097,258.017,,627.065,,,
H181,Non_Syrphid_Diptera,22,1311.283,,,,,164.346,
H7,Non_Syrphid_Diptera,23,1348.214,304.945,,874.208,,,
H1,Non_Syrphid_Diptera,24,1252.517,248.129,,NA,,,
L18,Non_Syrphid_Diptera,25,1284.076,455.861,,1088.004,,,
L156,Non_Syrphid_Diptera,26,1270.057,249.159,,846.236,,,
L120,Non_Syrphid_Diptera,27,1248.194,323.025,,868.058,,,
J210,Non_Syrphid_Diptera,28,1252.040,354.006,,1008.127,,,
H8,Non_Syrphid_Diptera,29,1272.000,352.070,,1088.265,,,
H268,Non_Syrphid_Diptera,30,1250.002,226.716,,637.227,,,
H14,Non_Syrphid_Diptera,31,1236.002,330.074,,916.177,,,
H153,Non_Syrphid_Diptera,32,1239.015,283.016,,734.004,,,
J111,Non_Syrphid_Diptera,33,1250.002,298.168,,828.087,,,
J213,Non_Syrphid_Diptera,34,1246.006,371.747,,NA,,,
H258,Non_Syrphid_Diptera,35,1234.015,356.006,,892.056,,,
J97,Non_Syrphid_Diptera,36,1256.014,336.381,,896.270,,,
J226,Non_Syrphid_Diptera,37,1264.025,374.835,,975.496,,266.253,
H187,Non_Syrphid_Diptera,38,1224.026,359.022,,886.036,,,
J203,Non_Syrphid_Diptera,39,1245.004,386.419,,932.695,,,
J25,Non_Syrphid_Diptera,40,1232.34,350.143,,972.013,,,
H183,Non_Syrphid_Diptera,41,1276.307,166.037,,443.072,,,
H141,Non_Syrphid_Diptera,42,1284.004,182.099,,NA,,,
J102,Non_Syrphid_Diptera,43,1254.000,321.350,,957.204,,173.170,
L113,Non_Syrphid_Diptera,44,1236.058,348.128,,1031.265,,212.000,
H247,Non_Syrphid_Diptera,45,1238.026,312.002,,932.034,,,
L212,Non_Syrphid_Diptera,46,1239.015,278.029,,806.000,,,
J208,Non_Syrphid_Diptera,47,1254.000,211.419,,770.039,,,
H156,Non_Syrphid_Diptera,48,1232.000,263.697,,896.288,,281.143,
H158,Non_Syrphid_Diptera,49,1260.004,645.786,,1732.166,,373.909,
H261,Non_Syrphid_Diptera,50,1248.032,594.165,,1602.000,,,
J215,Non_Syrphid_Diptera,51,1308.416,288.174,,1275.596,,,
H251,Non_Syrphid_Diptera,52,1227.059,267.187,,1224.445,,341.162,
L111,Non_Syrphid_Diptera,53,1240.161,618.116,,1632.078,,,
H152,Non_Syrphid_Diptera,54,1230.787,183.273,,523.310,,,
J197,Non_Syrphid_Diptera,55,1218.532,159.931,,387.743,,,
J197,Non_Syrphid_Diptera,55,1218.532,159.931,,387.743,,,
J163,Non_Syrphid_Diptera,57,1270.309,170.262,,392.822,,90.192,
J216,Non_Syrphid_Diptera,58,1237.425,148.165,,426.230,,,
J209,Non_Syrphid_Diptera,59,1209.297,167.048,,486.055,,,
H276,Non_Syrphid_Diptera,60,962.601,387.186,,996.452,,,
H275,Non_Syrphid_Diptera,61,1227.000,375.012,,912.242,,263.321,
L109,Non_Syrphid_Diptera,62,1234.006,128.505,,489.049,,144.006,
L56,Non_Syrphid_Diptera,63,1200.010,224.863,,546.190,,135.035,
L184,Non_Syrphid_Diptera,64,1182.015,175.345,,635.525,,,
J99,Non_Syrphid_Diptera,65,1183.169,222.020,,812.524,,,
H244,Non_Syrphid_Diptera,66,1147.211,333.338,,1114.168,,,
J31,Non_Syrphid_Diptera,67,1160.016,288.028,,936.547,,,
H274,Non_Syrphid_Diptera,68,1150.002,426.042,,1281.506,,,
H131,Non_Syrphid_Diptera,69,1166.002,422.995,,1221.147,,,
L176,Non_Syrphid_Diptera,70,1134.000,247.061,,812.074,,142.914,
H138,Non_Syrphid_Diptera,71,1185.007,181.995,,648.950,,148.126,
H232,Non_Syrphid_Diptera,72,1148.063,173.833,,662.371,,,
L187,Non_Syrphid_Diptera,73,1138.002,198.091,,600.083,,,
L59,Non_Syrphid_Diptera,74,1142.002,154.871,,454.648,,,
J8,Non_Syrphid_Diptera,75,1158.117,145.839,,480.751,,88.284,
L44,Non_Syrphid_Diptera,76,1167.250,206.243,,613.580,,141.552,
J227,Non_Syrphid_Diptera,77,1142.343,191.167,,586.577,,,
J14,Non_Syrphid_Diptera,78,1137.321,184.694,,664.108,,119.343,
H180,Non_Syrphid_Diptera,79,1148.174,186.132,,557.684,,,
L21,Non_Syrphid_Diptera,80,1155.097,136.132,,452.320,,,
J82,Non_Syrphid_Diptera,81,1161.449,175.285,,495.407,,,
H88,Syrphids,1,1120.000,410.366,,1415.990,,,
J130,Syrphids,2,1134.002,388.186,,1331.152,,,
L95,Syrphids,3,1112.016,282.007,,1012.334,,169.068,
J90,Syrphids,4,1116.065,346.208,,1110.584,,,
J103,Syrphids,5,1165.052,276.065,,912.634,,,
J34,Syrphids,6,1148.141,302.060,,1010.388,,,
J142,Syrphids,7,1128.007,231.311,,837.344,,,
J127,Syrphids,8,1124.064,282.028,,999.050,,174.478,
H92,Syrphids,9,1128.002,298.485,,988.822,,,
J105,Syrphids,10,1116.016,305.198,,944.104,,,
L137,Syrphids,11,1118.088,308.041,,1038.351,,,
L168,Syrphids,12,1132.016,272.265,,908.055,,,
H25,Syrphids,13,1133.011,359.273,,1101.037,,,
J109,Syrphids,14,1172.171,365.855,,1071.605,,,
H237,Syrphids,15,1158.761,302.424,,1002.720,,,
H77,Syrphids,16,1151.595,449.218,,1363.321,,,
J223,Syrphids,17,1160.760,318.402,,940.053,,,
H245,Syrphids,18,1124.545,278.029,,944.305,,,
J218,Syrphids,19,1121.301,300.082,,1020.125,,,
H271,Syrphids,20,1106.723,244.248,,849.132,,,
L208,Syrphids,21,1131.672,203.010,,719.084,,,
L209,Syrphids,22,1116.258,306.026,,921.020,,,
J236,Syrphids,23,1134.933,310.079,,934.393,,,
H135,Syrphids,24,1124.861,192.500,,732.986,,,
J165,Syrphids,25,1127.392,635.196,,1736.166,,,
J152,Syrphids,26,1160.043,660.334,,2161.633,,324.500,
J202,Syrphids,27,1134.298,727.860,,2206.703,,,
J180,Syrphids,28,1120.644,559.201,,1569.000,,197.585,
H235,Syrphids,29,1124.178,560.803,,1413.538,,,
J220,Syrphids,30,1142.086,544.560,,1611.045,,,
L214,Syrphids,31,1122.257,489.331,,1451.981,,,
J181,Syrphids,32,1116.37,462.212,,1523.318,,299.817,
H17,Syrphids,33,1114.404,402.061,,1128.044,,,
J16,Syrphids,34,1138.213,196.763,,872.653,,,
J24,Syrphids,35,1203.015,138.624,,834.240,,,
J70,Syrphids,36,1186.285,201.358,,1038.212,,,
H61,Syrphids,37,1218.002,180.011,,862.026,,,
J93,Syrphids,38,1152.660,188.383,,848.417,,,
H108,Syrphids,39,1134.853,141.032,,729.056,,,
J206,Syrphids,40,1138.344,225.575,,1121.579,,,
H79,Syrphids,41,1149.174,240.533,,1185.151,,,
L192,Syrphids,42,1144.053,240.169,,1136.283,,166.198,
L34,Syrphids,43,1146.028,226.035,,1154.173,,,
J22,Syrphids,44,1164.440,267.172,,1250.075,,,
J171,Syrphids,45,1138.002,557.561,,1442.936,,322.224,
H118,Syrphids,46,1134.086,568.845,,1561.802,,,
H262,Syrphids,47,1127.007,392.674,,1043.551,,273.814,
L43,Syrphids,48,1153.035,606.742,,1572.733,,,
L53,Syrphids,49,1132.044,614.326,,1461.890,,,
L60,Syrphids,50,1404.542,674.090,,1134.000,,248.073,
L96,Syrphids,51,1143.665,661.001,,1428.079,,,
L163,Syrphids,52,1148.141,250.002,,939.307,,,
L167,Syrphids,53,1160.291,367.000,,1189.569,,,
L136,Syrphids,54,1138.703,344.093,,1188.458,,,
J110,Syrphids,55,1172.383,337.148,,1167.015,,,
J46,Syrphids,56,1180.137,294.287,,1033.629,,,
H89,Syrphids,57,1166.247,333.216,,1152.210,,,
J95,Syrphids,58,1168.360,323.155,,1116.145,,,
J241,Syrphids,59,1216.421,204.088,,912.009,,,
J228,Syrphids,60,1132.452,192.375,,861.571,,134.635,
H204,Syrphids,61,1146.175,207.010,,858.524,,,
H148,Syrphids,62,1152.191,186.960,,770.708,,,
L181,Wasps_Butterflies_Beetles,1,1152.062,239.282,,1495.821,,,
H270,Wasps_Butterflies_Beetles,2,1150.000,288.085,,1273.414,,,
H139,Wasps_Butterflies_Beetles,3,1144.063,191.010,,865.563,,,
H87,Wasps_Butterflies_Beetles,4,1148.294,520.035,,2393.083,,,
H155,Wasps_Butterflies_Beetles,5,1146.063,259.000,,700.003,,,
L179,Wasps_Butterflies_Beetles,6,1224.198,287.272,,822.088,,,
L151,Wasps_Butterflies_Beetles,7,1140.112,241.015,,510.158,,,
L106,Wasps_Butterflies_Beetles,8,1178.287,211.009,,557.152,,,
J107,Wasps_Butterflies_Beetles,9,1164.043,435.106,,1481.383,,,
H246,Wasps_Butterflies_Beetles,10,1146.007,428.789,,1437.088,,,
J229,Wasps_Butterflies_Beetles,11,1176.007,433.028,,1568.082,,,
J91,Wasps_Butterflies_Beetles,12,1140.175,459.514,,1696.797,,,
L10,Wasps_Butterflies_Beetles,13,1180.108,405.346,,1521.639,,,
J19,Wasps_Butterflies_Beetles,14,1152.340,425.795,,1594.402,,,
H249,Wasps_Butterflies_Beetles,15,1161.190,403.887,,1417.271,,,
L123,Wasps_Butterflies_Beetles,16,1178.287,343.216,,1234.102,,,
J187,Wasps_Butterflies_Beetles,17,1164.110,354.006,,1192.027,,,
H64,Wasps_Butterflies_Beetles,18,1198.107,380.005,,1186.137,,,
H32,Wasps_Butterflies_Beetles,19,1165.208,355.258,,1117.941,,,
H173,Wasps_Butterflies_Beetles,20,1146.447,218.277,,694.649,,,
H264,Wasps_Butterflies_Beetles,21,1198.121,238.002,,895.647,,,
H236,Wasps_Butterflies_Beetles,22,1178.170,301.007,,1035.168,,,
H182,Wasps_Butterflies_Beetles,23,1142.112,275.029,,871.004,,,
J221,Wasps_Butterflies_Beetles,24,1212.081,314.239,,1216.165,,,
L186,Wasps_Butterflies_Beetles,25,1196.082,262.017,,1042.192,,,
H140,Wasps_Butterflies_Beetles,26,1152.062,193.010,,754.227,,,
L159,Wasps_Butterflies_Beetles,27,1164.084,202.002,,802.122,,,
H219,Wasps_Butterflies_Beetles,28,1188.284,143.671,,592.486,,,
J101,Wasps_Butterflies_Beetles,29,1156.028,235.553,,808.537,,,
L195,Wasps_Butterflies_Beetles,30,1174.027,283.975,,1038.559,,,
H94,Wasps_Butterflies_Beetles,31,1134.028,290.062,,942.578,,,
L157,Wasps_Butterflies_Beetles,32,1172.267,300.326,,1148.564,,,
H149,Wasps_Butterflies_Beetles,33,1170.109,204.519,,767.617,,,
H215,Wasps_Butterflies_Beetles,34,1152.016,305.002,,1113.016,,,
H214,Wasps_Butterflies_Beetles,35,1162.007,259.295,,976.844,,,
L206,Wasps_Butterflies_Beetles,36,1212.469,360.534,,365.657,,,
H193,Wasps_Butterflies_Beetles,37,1156.002,338.813,,1247.158,,,
L152,Wasps_Butterflies_Beetles,38,1170.084,212.191,,788.041,,,
H130,Wasps_Butterflies_Beetles,39,1162.337,376.703,,1320.849,,,
H95,Wasps_Butterflies_Beetles,40,1184.027,324.293,,1118.302,,,
J239,Wasps_Butterflies_Beetles,41,1166.208,300.563,,969.645,,,
L205,Wasps_Butterflies_Beetles,42,1179.061,469.669,,1516.591,,,
H93,Wasps_Butterflies_Beetles,43,1166.208,630.206,,2373.271,,,
J225,Wasps_Butterflies_Beetles,44,1206.537,574.326,,2436.848,,,
L155,Wasps_Butterflies_Beetles,45,1150.085,438.985,,2099.066,,,
H225,Wasps_Butterflies_Beetles,46,1202.240,643.770,,2501.647,,,
L23,Wasps_Butterflies_Beetles,47,1032.039,316.002,,1266.512,,,
J74,Wasps_Butterflies_Beetles,48,1061.086,297.284,,860.595,,595.974,
H81,Wasps_Butterflies_Beetles,49,1028.125,292.246,,1065.154,,,
H34,Wasps_Butterflies_Beetles,50,1068.092,308.026,,382.688,,,
H36,Wasps_Butterflies_Beetles,51,1064.002,180.136,,599.698,,,
H54,Wasps_Butterflies_Beetles,52,1071.135,159.803,,678.476,,,
L87,Wasps_Butterflies_Beetles,53,1076.268,170.144,,614.437,,,
L117,Wasps_Butterflies_Beetles,54,1157.156,232.009,,1068.850,,,
J96,Wasps_Butterflies_Beetles,55,1086.017,354.813,,619.965,,,
H84,Wasps_Butterflies_Beetles,56,1123.299,253.198,,1002.018,,,
J185,Wasps_Butterflies_Beetles,57,1064.543,134.504,,242.167,,,
H102,Wasps_Butterflies_Beetles,58,1094.002,701.924,,1239.178,,,
L154,Wasps_Butterflies_Beetles,59,1128.215,701.704,,1357.509,,,
H132,Wasps_Butterflies_Beetles,60,1110.004,258.496,,992.244,,,
L102,Wasps_Butterflies_Beetles,61,1126.044,147.031,,678.047,,,
H39,Wasps_Butterflies_Beetles,62,1081.004,558.198,,1041.747,,,
H35,Wasps_Butterflies_Beetles,63,1104.181,694.487,,1222.263,,,
H49,Wasps_Butterflies_Beetles,64,1112.218,641.674,,1105.776,,,
J230,Wasps_Butterflies_Beetles,65,1068.047,348.000,,830.347,,,
L119,Wasps_Butterflies_Beetles,66,1097.000,114.000,,432.969,,,
L114,Wasps_Butterflies_Beetles,67,1188.002,188.130,,806.159,,,
H82,Wasps_Butterflies_Beetles,68,1086.066,178.519,,224.289,,,
J94,Wasps_Butterflies_Beetles,69,1072.017,85.475,,375.050,,,
L125,Wasps_Butterflies_Beetles,70,1064.017,232.078,,804.016,,,
J233,Wasps_Butterflies_Beetles,71,1092.375,307.132,,594.054,,,
J98,Wasps_Butterflies_Beetles,72,1084.362,236.008,,468.273,,,
H250,Wasps_Butterflies_Beetles,73,1086.265,529.389,,689.139,,,
J138,Wasps_Butterflies_Beetles,74,1014.282,529.513,,677.702,,,