Species,,Pollen_unit,Pollen_size_range,Pollen_size,Pollen_length_range,Pollen_length,Pollen_width_range,Pollen_width,Rank,Resource,Link
Cyclamen coum,1,monad,10-25,17.5,11-15,13,11-15,13,genus,online,https://www.paldat.org/pub/Cyclamen_purpurascens/304318
Tussilago farfara,2,monad,26-50,38,26-30,28,26-30,28,species,online,https://www.paldat.org/pub/Tussilago_farfara/304636
Helleborus foetidus,3,monad,10-25,17.5,26-30,28,26-30,28,species,online,https://www.paldat.org/pub/Helleborus_foetidus/306247
Scopolia carniolica,4,monad,36-40,38,36-40,38,36-40,38,species,online,https://pc8.botanik.univie.ac.at/pub/Scopolia_carniolica/306046
Vinca minor,5,monad,51-100,75.5,51-100,75.5,51-100,75.5,species,online,https://www.paldat.org/pub/Vinca_minor/304352
Viola odorata,6,monad,26-50,38,26-30,28,26-30,28,species,online,https://www.paldat.org/pub/Viola_odorata/306216
Puschkinia scilloides,7,monad,26-50,38,36-40,38,21-25,23,species,online,https://www.paldat.org/pub/Puschkinia_scilloides/305412
Hepatica nobilis,8,monad,26-50,38,31-35,33,26-30,28,species,online,https://www.paldat.org/pub/Hepatica_nobilis/306251
Primula denticulata,9,monad,10-25,17.5,10-25,17.5,10-25,17.5,species,online,https://www.paldat.org/pub/Primula_denticulata/110689
Pulsatilla vulgaris,10,monad,26-50,38,21-25,28,21-25,28,genus,online,https://www.paldat.org/pub/Anemone_alpina/305960
Iberis sempervirens,11,monad,21-25,23,21-25,28,21-25,28,genus,online,https://www.paldat.org/pub/Iberis_pinnata/305062
Narcissus pseudonarcissus,12,monad,57-60,59,57-60,59,27-30,29,species,literature,https://dergipark.org.tr/en/pub/jieas/issue/40226/478943#article_cite
Lathyrus vernus,13,monad,26-30,28,26-30,28,26-30,28,species,online,https://www.paldat.org/pub/Lathyrus_vernus/306266
Anemonoides nemorosa,14,monad,10-25,17.5,26-30,28,21-25,23,species,online,https://www.paldat.org/pub/Anemone_nemorosa/303864
Primula veris,15,monad,26-50,38,26-30,28,21-25,23,species,online,https://www.paldat.org/pub/Primula_veris/306330
Caltha palustris,16,monad,26-50,38,26-30,28,21-25,23,species,online,https://www.paldat.org/pub/Caltha_palustris/303858
Tulipa sylvestris,17,monad,51-100,75.5,51-100,75.5,41-50,45.5,species,online,https://www.paldat.org/pub/Tulipa_sylvestris/304750
Trillium sessile,18,monad,21-27,24,21-27,24,21-27,24,species,literature,https://doi.org/10.2307/2443093
Oxalis acetosella,19,monad,26-50,38,41-50,45.5,41-50,45.5,species,online,https://www.paldat.org/pub/Oxalis_acetosella/306297
Silene viscaria,20,monad,26-50,38,26-30,28,26-30,28,species,online,https://www.paldat.org/pub/Silene_viscaria/305946
Lamium album,21,monad,26-50,38,21-25,24,16-20,18,species,online,https://www.paldat.org/pub/Lamium_album/304427
Fragaria vesca,22,monad,21-25,23,21-25,24,16-20,18,species,online,https://www.paldat.org/pub/Fragaria_vesca/304036
Bergenia purpurascens,23,monad,26-50,38,26-30,28,21-25,23,species,online,https://www.paldat.org/pub/Bergenia_cordifolia/305270
Geum rivale,24,monad,26-50,38,26-30,28,21-25,23,species,online,https://www.paldat.org/pub/Geum_rivale/304024
Dryas octopetala,25,monad,26-50,38,26-30,28,21-25,23,species,online,https://www.paldat.org/pub/Dryas_octopetala/304022
Asarum caudatum,26,monad,26-50,38,26-50,38,26-50,38,genus,online,https://www.paldat.org/pub/Asarum_europaeum/302034
Brunnera macrophylla,27,monad,10-25,17.5,10-25,17.5,10-25,17.5,species,online,https://www.paldat.org/pub/Brunnera_macrophylla/301527
Paeonia officinalis,28,monad,26-50,38,31-35,33,26-30,28,genus,online,https://www.paldat.org/pub/Paeonia_tenuifolia/306302
Menyanthes trifoliata,29,monad,26-50,38,26-50,38,26-50,38,species,online,https://www.paldat.org/pub/Menyanthes_trifoliata/301896
Aquilegia chrysantha,30,monad,10-25,17.5,16-20,18,16-20,18,species,online,https://www.paldat.org/pub/Aquilegia_vulgaris/303896
Allium ursinum,31,monad,26-50,38,26-30,28,16-20,18,species,online,https://www.paldat.org/pub/Allium_ursinum/306070
Anemonoides sylvestris,32,monad,10-25,17.5,10-25,17.5,10-25,17.5,species,online,https://www.paldat.org/pub/Anemone_sylvestris/110891
Paeonia delavayi,33,monad,26-50,38,26-50,38,26-50,38,species,online,https://www.paldat.org/pub/Paeonia_delavayi/302407
Chelidonium majus,34,monad,26-50,38,26-50,38,26-50,38,species,online,https://www.paldat.org/pub/Chelidonium_majus/301707
Asphodelus albus,35,monad,51-100,75.5,51-100,75.5,41-50,45.5,species,online,https://www.paldat.org/pub/Asphodelus_albus/304725
Linum perenne,36,monad,51-100,75.5,51-100,75.5,51-100,75.5,species,online,https://www.paldat.org/pub/Linum_perenne/304151
Geranium sanguineum,37,monad,51-100,75.5,51-100,75.5,51-100,75.5,species,online,https://www.paldat.org/pub/Geranium_sanguineum/306544
Convallaria majalis,38,monad,26-50,38,26-50,38,26-50,38,species,online,https://www.paldat.org/pub/Convallaria_majalis/304769
Aconitum lycoctonum,39,monad,26-50,38,26-50,38,26-50,38,species,online,https://www.paldat.org/pub/Aconitum_lycoctonum/300659
Dictamnus albus,40,monad,26-50,38,31-35,33,26-30,28,species,online,https://www.paldat.org/pub/Dictamnus_albus/304165
Persicaria bistorta,41,monad,41-50,45.5,41-50,45.5,36-40,38,species,online,https://www.paldat.org/pub/Polygonum_bistorta/305692
Vincetoxicum hirundinaria,42,pollinium,234-246,240,32-38,35,22-26,24,species,online,https://www.paldat.org/pub/Vincetoxicum_hirundinaria/302070
Helianthemum nummularium,43,monad,26-50,38,41-50,44.5,36-40,38,species,online,https://www.paldat.org/pub/Helianthemum_nummularium/306245
Salvia officinalis,44,monad,26-50,38,41-50,44.5,36-40,38,species,online,https://www.paldat.org/pub/Salvia_officinalis/304437
Lotus corniculatus,45,monad,10-25,17.5,16-20,18,11-15,13,species,online,https://www.paldat.org/pub/Lotus_corniculatus/306119
Campanula rotundifolia,46,monad,26-50,38,31-35,33,31-35,33,species,online,https://www.paldat.org/pub/Campanula_rotundifolia/304585
Lotus maritimus,47,monad,10-25,17.5,16-20,18,16-20,18,species,online,https://www.paldat.org/pub/Lotus_maritimus/305410
Gratiola officinalis,48,monad,10-25,17.5,16-20,18,11-15,13,species,online,https://www.paldat.org/pub/Gratiola_officinalis/304494
Solanum dulcamara,49,monad,10-25,17.5,11-15,13,11-15,13,species,online,https://www.paldat.org/pub/Solanum_dulcamara/304462
Hemerocallis dumortieri,50,monad,51-100,75.5,51-100,75.5,51-100,75.5,genus,online,https://www.paldat.org/pub/Hemerocallis_fulva/304729
Silene vulgaris,51,monad,26-50,38,41-50,45.5,41-50,45.5,species,online,https://www.paldat.org/pub/Silene_vulgaris/306407
Penstemon grandiflorus,52,monad,26-50,38,26-50,38,26-50,38,genus,online,https://www.paldat.org/pub/Penstemon_digitalis/302573
Psephellus dealbatus,53,monad,26-50,38,26-50,38,26-50,38,genus,online,https://www.paldat.org/pub/Psephellus_bellus/300703
Centranthus ruber,54,monad,51-100,75.5,51-100,75.5,51-100,75.5,species,online,https://www.paldat.org/pub/Centranthus_ruber/304566
Silene nutans,55,monad,26-50,38,41-50,44.5,41-50,44.5,species,online,https://www.paldat.org/pub/Silene_nutans/306405
Hypericum perforatum,56,monad,26-50,38,41-50,44.5,41-50,44.5,species,online,https://www.paldat.org/pub/Hypericum_perforatum/306255
Hypericum olympicum,57,monad,10-25,17.5,21-25,23,21-25,23,species,online,https://www.paldat.org/pub/Hypericum_olympicum/304866
Clematis recta,58,monad,26-50,38,21-25,23,21-25,23,species,online,https://www.paldat.org/pub/Clematis_recta/303874
Salvia pratensis,59,monad,26-50,38,31-35,33,26-30,28,species,online,https://www.paldat.org/pub/Salvia_pratensis/304442
Silene coronaria,60,monad,26-50,38,41-50,44.5,41-50,44.5,genus,online,https://www.paldat.org/pub/Silene_nutans/306405
Genista tinctoria,61,monad,26-50,38,26-30,28,21-25,23,species,online,https://www.paldat.org/pub/Genista_tinctoria/306224
Fuchsia magellanica,62,monad,51-100,75.5,26-30,28,21-25,23,species,online,https://www.paldat.org/pub/Fuchsia_magellanica/302630
Hemerocallis fulva,63,monad,51-100,75.5,51-100,75.5,51-100,75.5,species,online,https://www.paldat.org/pub/Hemerocallis_fulva/304729
Dianthus carthusianorum,64,monad,26-50,38,26-50,38,26-50,38,species,online,https://www.paldat.org/pub/Dianthus_carthusianorum/301640
Anthericum ramosum,65,monad,51-100,75.5,51-100,75.5,41-50,44.5,species,online,https://www.paldat.org/pub/Anthericum_ramosum/306459
Saponaria officinalis,66,monad,51-100,75.5,41-50,44.5,41-50,44.5,species,online,https://www.paldat.org/pub/Saponaria_officinalis/303837
Coronilla varia,67,monad,10-25,17.5,21-25,23,21-25,23,species,online,https://www.paldat.org/pub/Securigera_varia/305502
Clematis integrifolia,68,monad,26-50,38,21-25,23,21-25,23,species,online,https://www.paldat.org/pub/Clematis_recta/303874
Lavandula angustifolia,69,monad,26-50,38,36-40,38,31-35,33,species,online,https://www.paldat.org/pub/Lavandula_angustifolia/304412
Anemone hupehensis ,70,monad,26-50,38,26-50,38,26-50,38,species,online,https://www.paldat.org/pub/Anemone_hortensis/110883
Galega officinalis,71,monad,16-20,18,11-15,13,11-15,13,species,online,https://www.paldat.org/pub/Galega_officinalis/304083
Platycodon grandiflorus,72,monad,26-50,38,26-50,38,26-50,38,species,online,https://www.paldat.org/pub/Platycodon_grandiflorum/301551
Betonica officinalis,73,monad,26-50,38,26-30,28,26-30,28,species,online,https://www.paldat.org/pub/Betonica_officinalis/304436
Origanum vulgare,74,monad,26-50,38,31-35,33,21-25,23,species,online,https://www.paldat.org/pub/Origanum_vulgare/304448
Achillea millefolium,75,monad,26-50,38,21-25,23,21-25,23,species,online,https://www.paldat.org/pub/Achillea_millefolium/304883
Tanacetum vulgare,76,monad,10-25,17.5,21-25,23,16-20,18,species,online,https://www.paldat.org/pub/Tanacetum_vulgare/305188
Leucanthemum vulgare,77,monad,26-50,38,21-25,23,16-20,18,species,online,https://www.paldat.org/pub/Leucanthemum_vulgare/305079
Scabiosa ochroleuca,78,monad,51-100,75.5,51-100,75.5,51-100,75.5,species,online,https://www.paldat.org/pub/Scabiosa_ochroleuca/304576