Botanical_garden,Species,Number_unique_spp,Plant_height_mm,Info,Flower_number,Flower_inflorescence,Flower_width,Flower_length,Floral_tube_length,Floral_tube_width,Flower_colour,Symmetry,Flower_shape,Flower_orientation,Flowering_start,Flowering_end,Flower_life_start,Flower_life_end,Flower_life_span_days,Flower_life_span_days_ref,Pistil_number,Pistil_length,Style_length,Ovary_length,Stigma_length,Stamen_number,Stamen_length,Filament_length,Anther_length,Herkogamy_above,Herkogamy_length,Herkogamy_width,Ovule_number/flower,Ovule_number/floral_unit,Ovule_length,Ovule_width,Ovule_image,Ovule_ref
Leipzig,Cyclamen coum,1,100,Flower,10,1,25,17,8,3,pink,Actinomorphic,tubular,Downward,01/01/2023,29/03/2023,20/03/2023,25/03/2023,to_calculate,NA,1,7,5,1,1,5,4.5,,,stigma,1,0,11,11,0.5,0.3,https://www.dropbox.com/s/1bz0wc631yu687i/CYCO.JPG?dl=0,NA
Leipzig,Cyclamen coum,1,75,Flower,5,1,22,12,9,3,pink,Actinomorphic,tubular,Downward,01/01/2023,29/03/2023,20/03/2023,25/03/2023,to_calculate,NA,1,7,5,1,1,5,4.5,,,stigma,1,0,20,20,NA,NA,NA,NA
Leipzig,Cyclamen coum,1,100,Flower,3,1,22,14,8,3,pink,Actinomorphic,tubular,Downward,01/01/2023,29/03/2023,20/03/2023,27/03/2023,to_calculate,NA,1,7,5,1,1,5,4.5,,,stigma,1,0,17,17,NA,NA,NA,NA
Leipzig,Tussilago farfara,2,100,Capitulum,12,1,25,15,1.5,3,yellow,Actinomorphic,capitulum,Upward,15/03/2023,03/05/2023,NA,NA,10,10.1127/0006-8152/2003/0124-0273,266.2,7,4.5,1.5,0.1,5,4.5,,,,,,1,266.2,1,0.3,https://www.dropbox.com/s/gyp74cj5bpnujrg/TUFA.JPG?dl=0,10.1127/0006-8152/2003/0124-0273
Leipzig,Tussilago farfara,2,75,Capitulum,22,1,24,18,1.5,3,yellow,Actinomorphic,capitulum,Upward,15/03/2023,03/05/2023,NA,NA,NA,NA,NA,7,4.5,1.5,0.1,5,4.5,,,,,,NA,NA,NA,NA,NA,NA
Leipzig,Tussilago farfara,2,130,Capitulum,8,1,17,12,1.5,3,yellow,Actinomorphic,capitulum,Upward,15/03/2023,03/05/2023,NA,NA,NA,NA,NA,7,4.5,1.5,0.1,5,4.5,,,,,,NA,NA,NA,NA,NA,NA
Leipzig,Helleborus foetidus,3,450,Flower,45,45,13,16,6,1,green,Actinomorphic,bowl,Horizontal-Downward,06/01/2023,19/04/2023,22/03/2023,29/03/2023,to_calculate,NA,2,15,7,6.5,0.1,19,15,,,none,0,2,23,23,1.5,0.9,https://www.dropbox.com/s/40dzgt4tt042irl/HEVI.JPG?dl=0,NA
Leipzig,Helleborus foetidus,3,350,Flower,45,45,17,16,6,1,green,Actinomorphic,bowl,Horizontal-Downward,06/01/2023,19/04/2023,22/03/2023,30/03/2023,to_calculate,NA,2,15,7,6.5,0.1,37,13,,,NA,NA,NA,20,20,NA,NA,NA,NA
Leipzig,Helleborus foetidus,3,400,Flower,43,43,15,15,6,1,green,Actinomorphic,bowl,Horizontal-Downward,02/01/2023,19/04/2023,22/03/2023,02/04/2023,to_calculate,NA,2,16,7,7,0.1,30,10,,,NA,NA,NA,21,21,NA,NA,NA,NA
Leipzig,Scopolia carniolica,4,180,Flower,7,2,10,25,25,10,white,Actinomorphic,tubular,Downward,22/03/2023,24/05/2023,29/03/2023,09/04/2023,to_calculate,NA,1,16,13,2,1,5,7,,,stigma,4,1,94,94,0.3,0.2,https://www.dropbox.com/s/ouabpvqrm8x3wnu/SCCA.JPG?dl=0,NA
Leipzig,Scopolia carniolica,4,150,Flower,9,2,9,20,20,9,white,Actinomorphic,tubular,Downward,22/03/2023,24/05/2023,29/03/2023,11/04/2023,to_calculate,NA,1,16,12,3.5,0.5,5,10,,,NA,NA,NA,76,76,NA,NA,NA,NA
Leipzig,Scopolia carniolica,4,170,Flower,3,1,13,22,22,13,white,Actinomorphic,tubular,Downward,22/03/2023,24/05/2023,29/03/2023,18/04/2023,to_calculate,NA,1,16,12.5,3.5,1,5,9,,,NA,NA,NA,80,80,NA,NA,NA,NA
Leipzig,Vinca minor,5,400,Flower,200,1,20,10,10,3,purple,Actinomorphic,tubular,Upward,24/03/2023,31/05/2023,29/03/2023,09/04/23,to_calculate,NA,1,7,5.5,1,1.5,5,1.5,,,none,0,0,12,12,0.3,0.2,https://www.dropbox.com/s/fu6ee0plusz5crw/VIMI.JPG?dl=0,NA
Leipzig,Vinca minor,5,NA,Flower,NA,1,18,9,9,2.5,purple,Actinomorphic,tubular,Upward,24/03/2023,31/05/2023,29/03/2023,10/04/2023,to_calculate,NA,1,6.5,4,1,1.5,5,2.5,,,none,0,0,10,10,NA,NA,NA,NA
Leipzig,Vinca minor,5,NA,Flower,NA,1,22,10,10,3,purple,Actinomorphic,tubular,Upward,24/03/2023,31/05/2023,29/03/2023,10/04/2023,to_calculate,NA,1,6,4.5,1,1.5,5,2,,,none,0,0,12,12,NA,NA,NA,NA
Halle,Viola odorata,6,60,Flower,3,1,16,16,8,3,purple,Zygomorphic,tubular,Horizontal-Downward,16/02/2023,22/04/2023,01/04/2023,10/04/2023,to_calculate,NA,1,4,2,2,0.1,5,4,,,stigma,0.3,0,23,23,0.4,0.3,https://www.dropbox.com/s/gzddm0a8mor84i7/VIOD.JPG?dl=0,NA
Halle,Viola odorata,6,50,Flower,2,1,17,17,10,3,purple,Zygomorphic,tubular,Horizontal-Downward,16/02/2023,22/04/2023,04/06/2023,19/04/2023,to_calculate,NA,1,4,2,2,0.1,5,4,,,stigma,NA,NA,25,25,NA,NA,NA,NA
Halle,Viola odorata,6,35,Flower,2,1,15,17,9,3,purple,Zygomorphic,tubular,Horizontal-Downward,16/02/2023,22/04/2023,04/06/2023,19/04/2023,to_calculate,NA,1,4.5,3,1.5,0.1,5,4,,,stigma,NA,NA,26,26,NA,NA,NA,NA
Halle,Puschkinia scilloides,7,240,Flower,10,10,15,13,7,2,white and blue,Actinomorphic,tubular,Horizontal-Downward,10/03/2023,NA,NA,NA,to_calculate,The plant died,1,5.5,3.2,2,0.3,6,1.7,,,anther,0.4,0.6,17,17,0.6,0.5,https://www.dropbox.com/s/ornw5r4j8kc78tb/PUSC.JPG?dl=0,NA
Halle,Puschkinia scilloides,7,180,Flower,7,7,15,13,7,2,white and blue,Actinomorphic,tubular,Horizontal-Downward,10/03/2023,NA,NA,NA,to_calculate,The plant died,1,5,2.1,2.5,0.4,6,1.7,,,anther,NA,NA,16,16,NA,NA,NA,NA
Halle,Puschkinia scilloides,7,220,Flower,4,4,15,13,7,2,white and blue,Actinomorphic,tubular,Horizontal-Downward,10/03/2023,NA,NA,NA,to_calculate,The plant died,1,4.7,2.5,2,0.2,6,1.7,,,anther,NA,NA,19,19,NA,NA,NA,NA
Jena,Hepatica nobilis,8,90,Flower,3,1,33,9,0,33,lilac,Actinomorphic,bowl,Upward,22/02/2022,09/05/2023,07/04/2023,20/04/2023,to_calculate,NA,27,3,1.1,1.4,0.5,41,6.5,5.35,1.15,anther,3,0,27,27,0.8,0.5,https://www.dropbox.com/s/zj8b9jpp6rdik01/HENO.JPG?dl=0,NA
Jena,Hepatica nobilis,8,90,Flower,15,1,27,8,0,27,lilac,Actinomorphic,bowl,Upward,22/02/2022,09/05/2023,07/04/2023,20/04/2023,to_calculate,NA,23,NA,NA,NA,NA,47,6.5,NA,NA,anther,3,1,23,23,NA,NA,NA,NA
Jena,Hepatica nobilis,8,100,Flower,16,1,30,20,0,30,lilac,Actinomorphic,bowl,Upward,22/02/2022,09/05/2023,07/04/2023,20/04/2023,to_calculate,NA,18,NA,NA,NA,NA,38,6.5,NA,NA,anther,3,0,18,18,NA,NA, NA,NA
Jena,Primula denticulata,9,260,Flower,60,40,18,15,15,2,pink,Actinomorphic,tubular,Horizontal-Upward-Downward,22/02/2023,09/05/2023,05/05/2023,20/05/2023,to_calculate,NA,1,6,2.5,2,1.5,5,4,,,anther,4,0,309,309,0.2,0.15,https://www.dropbox.com/s/m7zy3ylkf3mvqnr/PRDE.JPG?dl=0,NA
Jena,Primula denticulata,9,120,Flower,50,25,20,15,12,2,pink,Actinomorphic,tubular,Horizontal-Upward-Downward,22/02/2023,09/05/2023,05/05/2023,20/05/2023,to_calculate,NA,1,6,1.8,3,1.2,5,4,,,anther,NA,NA,250,250,NA,NA,NA,NA
Jena,Primula denticulata,9,250,Flower,45,10,20,15,15,2,pink,Actinomorphic,tubular,Horizontal-Upward-Downward,22/02/2023,09/05/2023,05/05/2023,20/05/2023,to_calculate,NA,1,5,1.9,2,1.1,5,4,,,anther,NA,NA,180,180,NA,NA,NA,NA
Leipzig,Pulsatilla vulgaris,10,400,Flower,49,1,75,20,0,75,purple,Actinomorphic,dish,Horizontal-Upward,28/03/2023,24/05/2023,07/04/2023,17/04/2023,to_calculate,NA,296,14.04,13.14,0.7,0.2,328,9.21,8.09,1.12,stigma,4.01,0,296,296,0.8,0.4,https://www.dropbox.com/s/09ul01q1vxm0lp6/PUVU.JPG?dl=0,NA
Leipzig,Pulsatilla vulgaris,10,NA,Flower,NA,NA,NA,NA,NA,NA,purple,Actinomorphic,dish,Horizontal-Upward,28/03/2023,24/05/2023,08/04/2023,18/04/2023,to_calculate,NA,NA,NA,NA,NA,NA,NA,NA,NA,NA,NA,NA,NA,NA,NA,NA,NA,NA,NA
Leipzig,Pulsatilla vulgaris,10,NA,Flower,NA,NA,NA,NA,NA,NA,purple,Actinomorphic,dish,Horizontal-Upward,28/03/2023,24/05/2023,NA,NA,to_calculate,NA,NA,NA,NA,NA,NA,NA,NA,NA,NA,NA,NA,NA,NA,NA,NA,NA,NA,NA
Leipzig,Iberis sempervirens,11,400,Flower,8000,30,10,8,3,1,white,Zygomorphic,tubular,Upward,29/03/2023,03/06/2023,07/03/2023,19/04/2023,to_calculate,NA,1,2.5,0.8,1.55,0.15,4,3,,,none,0,0.5,3,3,0.3,0.3,https://www.dropbox.com/s/qjxqm9epvs0acyg/IBSE.JPG?dl=0,NA
Leipzig,Iberis sempervirens,11,NA,Flower,NA,NA,19,7,3,1,white,Zygomorphic,tubular,Upward,29/03/2023,03/06/2023,07/03/2023,19/04/2023,to_calculate,NA,1,2.5,0.8,1.55,0.15,4,3,,,none,0,0.5,3,3,NA,NA,NA,NA
Leipzig,Iberis sempervirens,11,NA,Flower,NA,NA,8,8,3,1,white,Zygomorphic,tubular,Upward,29/03/2023,03/06/2023,07/03/2023,19/04/2023,to_calculate,NA,1,2.5,0.8,1.55,0.15,4,3,,,none,0,0.5,3,3,NA,NA,NA,NA
Halle,Narcissus pseudonarcissus,12,440,Flower,1,1,95,35,35,35,yellow,Actinomorphic,tubular,Horizontal-Downward,24/03/2023,24/04/2023,24/03/2023,24/04/2023,to_calculate,NA,1,52,37,15,0.1,6,29,,,stigma,5,0,130,130,1.25,0.65,https://www.dropbox.com/s/kbipibhoj73filk/NAPS.JPG?dl=0,NA
Halle,Narcissus pseudonarcissus,12,NA,Flower,NA,NA,NA,NA,NA,NA,yellow,Actinomorphic,tubular,Horizontal-Downward,24/03/2023,24/04/2023,NA,NA,NA,NA,NA,NA,NA,NA,NA,NA,NA,,,NA,NA,NA,NA,NA,NA,NA,NA,NA
Halle,Narcissus pseudonarcissus,12,NA,Flower,NA,NA,NA,NA,NA,NA,yellow,Actinomorphic,tubular,Horizontal-Downward,24/03/2023,24/04/2023,NA,NA,NA,NA,NA,NA,NA,NA,NA,NA,NA,,,NA,NA,NA,NA,NA,NA,NA,NA,NA
Halle,Lathyrus vernus,13,380,Flower,175,8,17,11,11,3,purple,Zygomorphic,papilionaceus,Horizontal,28/04/2023,24/05/2023,31/03/2023,06/04/2023,to_calculate,NA,1,15,5,10,0.1,10,15,,,stigma,0.5,0.5,16,16,0.35,0.25,https://www.dropbox.com/s/t31yd9my2r2oehf/LAVE.JPG?dl=0,NA
Halle,Lathyrus vernus,13,240,Flower,17,5,17,11,12,3,purple,Zygomorphic,papilionaceus,Horizontal,28/04/2023,24/05/2023,NA,NA,NA,NA,1,15,4,11,0.1,10,15,,,stigma,NA,NA,12,12,NA,NA,NA,NA
Halle,Lathyrus vernus,13,260,Flower,80,6,11,12,11,3,purple,Zygomorphic,papilionaceus,Horizontal,28/04/2023,24/05/2023,NA,NA,NA,NA,1,14,3,11,0.1,10,18,,,stigma,1,1.5,14,14,NA,NA,NA,NA
Jena,Anemonoides nemorosa,14,120,Flower,1,1,27,10,0,27,white,Actinomorphic,dish,Horizontal-Upward,22/03/2023,09/05/2023,22/03/2023,09/05/2023,to_calculate,NA,35,3.6,2,1.5,0.1,31,7,,,stigma,1,1,35,35,1.3,0.6,https://www.dropbox.com/s/m0j9kh1y46h9t6g/ANNE.JPG?dl=0,NA
Jena,Anemonoides nemorosa,14,110,Flower,1,1,29,7,0,29,white,Actinomorphic,dish,Horizontal-Upward,22/03/2023,09/05/2023,22/03/2023,09/05/2023,to_calculate,NA,26,3.8,2.3,1.3,0.2,NA,NA,,,NA,NA,NA,26,26,NA,NA,NA,NA
Jena,Anemonoides nemorosa,14,100,Flower,1,1,30,10,0,30,white,Actinomorphic,dish,Horizontal-Upward,22/03/2023,09/05/2023,22/03/2023,09/05/2023,to_calculate,NA,28,3.6,1.7,1.6,0.3,NA,NA,,,NA,NA,NA,28,28,NA,NA,NA,NA
Leipzig,Primula veris,15,130,Flower,13,13,14,23,18,2.5,yellow,Actinomorphic,tubular,Horizontal-Upward-Downward,29/03/2023,22/05/2023,05/05/2023,16/05/2023,to_calculate,NA,1,11,7.2,3,0.8,4,1,,,anther,4,1.5,68,68,3,2, https://www.dropbox.com/s/imzjbice4o8fva4/PRVE.JPG?dl=0,NA
Leipzig,Primula veris,15,160,Flower,60,15,8.5,21,15.5,1.5,yellow,Actinomorphic,tubular,Horizontal-Upward-Downward,29/03/2023,22/05/2023,05/05/2023,16/05/2023,to_calculate,NA,1,13,9.5,3,0.5,4,1,,,stigma,4,1.5,50,50,NA,NA,NA,NA
Leipzig,Primula veris,15,100,Flower,25,12,13,19,15,2,yellow,Actinomorphic,tubular,Horizontal-Upward-Downward,29/03/2023,22/05/2023,05/05/2023,14/05/2023,to_calculate,NA,1,12,9,2,1,4,1,,,stigma,3,0,61,61,NA,NA,NA,NA
Leipzig,Caltha palustris,16,50,Flower,3,1,25.20,12.02,0,25.20,yellow,Actinomorphic,bowl,Upward,08/04/2023,02/06/2023,07/05/2023,14/05/2023,to_calculate,NA,10,4.5,1.5,3,0.05,119,6.5,,,anther,1,0.1,130,130,0.45,0.3,https://www.dropbox.com/s/12slgm3h17tfsh6/CAPA.JPG?dl=0,NA
Leipzig,Caltha palustris,16,20,Flower,4,1,22.9,14.9,0,22.9,yellow,Actinomorphic,bowl,Upward,08/04/2023,02/06/2023,07/05/2023,14/05/2023,to_calculate,NA,6,4.5,3.5,0.8,0.2,112,10,,,anther,2.5,1,96,96,NA,NA,NA,NA
Leipzig,Caltha palustris,16,60,Flower,8,1,30,12.21,0,30,yellow,Actinomorphic,bowl,Upward,08/04/2023,02/06/2023,07/05/2023,14/05/2023,to_calculate,NA,6,4.7,3.2,1.2,0.3,81,7.7,,,anther,2,1.5,108,108,NA,NA,NA,NA
Halle,Tulipa sylvestris,17,360,Flower,1,1,75,25,0,75,yellow,Actinomorphic,bowl,Horizontal-Upward,10/04/2023,03/05/2023,13/04/2023,22/04/2023,to_calculate,NA,1,18,15.5,11,2.5,6,20,,,none,0,9,264,264,,,https://www.dropbox.com/s/2eiiug2irx84suc/TUSY.JPG?dl=0,NA
Halle,Tulipa sylvestris,17,290,Flower,2,1,81,25,0,81,yellow,Actinomorphic,bowl,Horizontal-Upward,10/04/2023,03/05/2023,13/04/2023,24/04/2023,to_calculate,NA,1,19,16,10,3,6,25,,,none,0,8,258,258,NA,NA,NA,NA
Halle,Tulipa sylvestris,17,350,Flower,3,1,75,25,0,75,yellow,Actinomorphic,bowl,Horizontal-Upward,10/04/2023,03/05/2023,13/04/2023,24/04/2023,to_calculate,NA,1,20,17,11,2.5,6,18,,,none,0,6,269,269,NA,NA,NA,NA
Leipzig,Trillium sessile,18,350,Flower,1,1,77.54,57.2,57.2,15.10,dark red,Actinomorphic,tubular,Upward,05/04/2023,05/05/2023,05/04/2023,05/05/2023,to_calculate,NA,1,15.8,8.8,7,8.5,5,25,,,anther,11,5.25,164,164,0.55,0.3,https://www.dropbox.com/s/v88vntibl063f5k/TRSE.JPG?dl=0,NA
Leipzig,Trillium sessile,18,490,Flower,1,1,62,80,80,35,dark red,Actinomorphic,tubular,Upward,05/04/2023,05/05/2023,05/04/2023,05/05/2023,to_calculate,NA,1,20,8.5,12,8.5,6,24,,,anther,4,3,206,206,NA,NA,NA,NA
Leipzig,Trillium sessile,18,470,Flower,1,1,45,70,70,18.7,dark red,Actinomorphic,tubular,Upward,05/04/2023,05/05/2023,05/04/2023,05/05/2023,to_calculate,NA,1,20.6,9.3,12,9.3,6,27.3,,,anther,5.1,0,116,116,NA,NA,NA,NA
Halle,Oxalis acetosella,19,60,Flower,15,1,20.50,11.5,0,20.50,white,Actinomorphic,bowl,Horizontal-Upward,03/04/2023,08/05/2023,27/04/2023,02/05/2023,to_calculate,NA,1,9,5,4,0.1,10,7.43,,,stigma,0.75,0.75,10,10,0.5,0.3,https://www.dropbox.com/s/l3diwtdka499huz/OXAC.JPG?dl=0,NA
Halle,Oxalis acetosella,19,NA,Flower,NA,NA,NA,NA,NA,NA,white,Actinomorphic,bowl,Horizontal-Upward,03/04/2023,08/05/2023,27/04/2023,04/05/2023,to_calculate,NA,NA,NA,NA,NA,NA,NA,NA,,,NA,NA,NA,NA,NA,NA,NA,NA,NA
Halle,Oxalis acetosella,19,NA,Flower,NA,NA,NA,NA,NA,NA,white,Actinomorphic,bowl,Horizontal-Upward,03/04/2023,08/05/2023,NA,NA,NA,NA,NA,NA,NA,NA,NA,NA,NA,,,NA,NA,NA,NA,NA,NA,NA,NA,NA
Halle,Silene viscaria,20,460,Flower,230,28,16.84,15.19,15.19,1.3,purple,Actinomorphic,tubular,Horizontal,28/03/2023,21/05/2023,27/04/2023,02/05/2023,to_calculate,NA,1,8.68,2.55,5.76,0.2,10,13.31,11.42,1.89,anther,2.76,0.25,315,315,0.1,0.1,https://www.dropbox.com/s/8pddy8mbgbdmft0/SIVI.JPG?dl=0,NA
Halle,Silene viscaria,20,420,Flower,92,20,16.53,13.3,13.3,1.5,purple,Actinomorphic,tubular,Horizontal,28/03/2023,21/05/2023,27/04/2023,02/05/2023,to_calculate,NA,1,10.48,5,5,0.5,10,9.26,7.37,1.89,stigma,1,0.4,251,251,NA,NA,NA,NA
Halle,Silene viscaria,20,400,Flower,96,32,19.27,14.85,14.85,1.5,purple,Actinomorphic,tubular,Horizontal,28/03/2023,21/05/2023,27/04/2023,02/05/2023,to_calculate,NA,1,9.68,4.52,5.82,0.5,10,11.49,9.6,1.89,none,0,2,210,210,NA,NA,NA,NA
Halle,Lamium album,21,260,Flower,50,50,4.5,15,13,2,white,Zygomorphic,papilionaceus,Horizontal,24/04/2023,09/06/2023,12/05/2023,15/05/2023,to_calculate,NA,1,20,16,2,2,4,19.7,17.93,1.77,none,0,0.3,4,4,0.5,0.3,https://www.dropbox.com/s/pvz676kzjj6kn3r/LAAL.JPG?dl=0,NA
Halle,Lamium album,21,210,Flower,100,55,8,23,16,3,white,Zygomorphic,papilionaceus,Horizontal,24/04/2023,09/06/2023,12/05/2023,15/05/2023,to_calculate,NA,1,23.49,20.25,2.18,1.5,4,20.87,19.1,1.77,none,0,0.3,4,4,NA,NA,NA,NA
Halle,Lamium album,21,175,Flower,70,39,7.5,23.5,16.5,1.4,white,Zygomorphic,papilionaceus,Horizontal,24/04/2023,09/06/2023,12/05/2023,15/05/2023,to_calculate,NA,1,22.12,18.83,2.25,1.98,4,21.73,19.6,1.77,none,0,0.1,4,4,NA,NA,NA,NA
Halle,Fragaria vesca,22,140,Flower,15,1,10.65,5.84,0,10.65,white,Actinomorphic,bowl,Upward,16/04/2023,20/05/2023,19/05/2023,21/05/2023,to_calculate,NA,26,2.5,1.9,0.5,0.1,14,2.2,1.25,0.95,none,0,0,26,26,0.6,0.4,https://www.dropbox.com/s/94b7p5j9r7tqj0c/FRVE.JPG?dl=0,NA
Halle,Fragaria vesca,22,NA,Flower,NA,NA,NA,NA,NA,NA,white,Actinomorphic,bowl,Upward,16/04/2023,20/05/2023,19/05/2023,22/05/2023,to_calculate,NA,,,NA,,,,,,,none,NA,NA,NA,NA,NA,NA,NA,NA
Halle,Fragaria vesca,22,NA,Flower,NA,NA,NA,NA,NA,NA,white,Actinomorphic,bowl,Upward,16/04/2023,20/05/2023,20/05/2023,22/05/2023,to_calculate,NA,,,NA,,,,,,,none,NA,NA,NA,NA,NA,NA,NA,NA
Jena,Bergenia purpurascens,23,150,Flower,12,12,15,16,16,4,purple,Actinomorphic,tubular,Horizontal-Downward,12/04/2023,09/05/2023,13/04/2023,27/04/2023,to_calculate,NA,2,11,4,5,2,11,5.5,,,stigma,3.5,1,108,108,0.25,0.2,https://www.dropbox.com/s/z0xvnkdpoqwbfr0/BEPU.JPG?dl=0,NA
Jena,Bergenia purpurascens,23,120,Flower,13,13,15,16,16,3,purple,Actinomorphic,tubular,Horizontal-Downward,12/04/2023,09/05/2023,13/04/2023,27/04/2023,to_calculate,NA,2,11,4,5,1,10,5.5,,,stigma,3.5,1,80,80,NA,NA,NA,NA
Jena,Bergenia purpurascens,23,230,Flower,13,13,20,15,15,3.5,purple,Actinomorphic,tubular,Horizontal-Downward,12/04/2023,09/05/2023,13/04/2023,27/04/2023,to_calculate,NA,2,10,5.5,3.5,1,10,6.5,,,stigma,0.5,0.8,90,90,NA,NA,NA,NA
Halle,Geum rivale,24,380,Flower,2,2,16.13,14.56,14.56,16.13,pale pink,Actinomorphic,tubular-bowl,Downward,14/04/2023,28/05/2023,03/05/2023,11/05/2023,to_calculate,NA,104,7.7,6.4,1.2,0.1,83,7,,,stigma,1,0,104,104,NA,NA,NA,NA
Halle,Geum rivale,24,500,Flower,7,3,12.91,14.73,14.73,12.91,pale pink,Actinomorphic,tubular-bowl,Downward,14/04/2023,28/05/2023,03/05/2023,11/05/2023,to_calculate,NA,112,7.4,6,1.3,0.1,109,6.6,,,stigma,1.8,0,112,112,0.35,0.2,https://www.dropbox.com/s/z1x2852dspv4qwh/GEUM.JPG?dl=0,NA
Halle,Geum rivale,24,520,Flower,6,3,19.89,13.28,13.28,19.89,pale pink,Actinomorphic,tubular-bowl,Downward,14/04/2023,28/05/2023,03/05/2023,11/05/2023,to_calculate,NA,99,7.5,6.9,0.5,0.1,88,8.3,,,stigma,0.3,0,99,99,NA,NA,NA,NA
Leipzig,Dryas octopetala,25,110,Flower,18,1,24.5,12.86,4.5,6.3,white,Actinomorphic,bowl,Upward,27/04/2023,20/05/2023,06/05/2023,10/05/2023,to_calculate,NA,32,7.4,6.2,0.9,0.1,83,4.1,3.7,0.4,stigma,5,0.1,32,32,0.5,0.2,https://www.dropbox.com/s/u1zbhvz4ddi6fr4/DROC.JPG?dl=0,NA
Leipzig,Dryas octopetala,25,NA,Flower,NA,NA,NA,NA,NA,NA,white,Actinomorphic,bowl,Upward,27/04/2023,20/05/2023,06/05/2023,11/05/2023,to_calculate,NA,NA,NA,NA,NA,NA,NA,NA,NA,NA,NA,NA,NA,NA,NA,NA,NA,NA,NA
Leipzig,Dryas octopetala,25,NA,Flower,NA,NA,NA,NA,NA,NA,white,Actinomorphic,bowl,Upward,27/04/2023,20/05/2023,06/05/2023,11/05/2023,to_calculate,NA,NA,NA,NA,NA,NA,NA,NA,NA,NA,NA,NA,NA,NA,NA,NA,NA,NA,NA
Leipzig,Asarum caudatum,26,180,Flower,1,1,18,16,16,10,dark red,Actinomorphic,tubular-bowl,Horizontal,26/04/2023,NA,06/05/2023,14th ongoing,,NA,1,8.16,1.46,5.37,1.33,6,4,1.6,2.4,anther,0.1,0,60,60,1.2,0.8,https://www.dropbox.com/s/tbktmvzwc02j2nh/ASCA.JPG?dl=0,NA
Leipzig,Asarum caudatum,26,NA,Flower,NA,NA,NA,NA,NA,NA,dark red,Actinomorphic,tubular-bowl,Horizontal,26/04/2023,NA,06/05/2023,14th ongoing,,NA,,,NA,,,,,,,NA,NA,NA,NA,NA,NA,NA,NA,NA
Leipzig,Asarum caudatum,26,NA,Flower,NA,NA,NA,NA,NA,NA,dark red,Actinomorphic,tubular-bowl,Horizontal,26/04/2023,NA,06/05/2023,14th ongoing,,NA,,,NA,,,,,,,NA,NA,NA,NA,NA,NA,NA,NA,NA
Jena,Brunnera macrophylla,27,370,Flower,70,35,9.35,1.6,1.6,0.47,blue,Actinomorphic,tubular,Horizontal-Upward,29/03/2023,10/06/2023,04/05/2023,08/05/2023,to_calculate,NA,1,1.3,0.5,0.5,0.3,5,0.7,,,none,0,0,4,4,0.35,0.35,https://www.dropbox.com/s/xcgdejr3thbcav7/BRMC.JPG?dl=0,NA
Jena,Brunnera macrophylla,27,360,Flower,160,40,8.86,2.12,2.12,0.47,blue,Actinomorphic,tubular,Horizontal-Upward,29/03/2023,10/06/2023,04/05/2023,08/05/2023,to_calculate,NA,1,1.5,0.6,0.6,0.3,5,0.6,,,none,0,0,4,4,NA,NA,NA,NA
Jena,Brunnera macrophylla,27,270,Flower,65,65,8.06,2.19,2.19,0.77,blue,Actinomorphic,tubular,Horizontal-Upward,29/03/2023,10/06/2023,04/05/2023,08/05/2023,to_calculate,NA,1,1.5,0.5,0.8,0.2,5,0.5,,,none,0,0,4,4,NA,NA,NA,NA
Jena,Paeonia officinalis,28,710,Flower,23,1,115,45,0,115,purple,Actinomorphic,bowl,Horizontal-Upward,03/05/2023,13/05/2023,04/05/2023,10/05/2023,to_calculate,NA,1,26.6,6.5,17.3,5.35,215,18,14.7,3.3,stigma,6.5,7,66,66,2.81,1.3,https://www.dropbox.com/s/csga6pxnz5tahi8/PAOF.jpeg?dl=0,NA
Jena,Paeonia officinalis,28,NA,Flower,NA,NA,NA,NA,NA,NA,NA,Actinomorphic,bowl,Horizontal-Upward,03/05/2023,13/05/2023,04/05/2023,11/05/2023,to_calculate,NA,NA,NA,NA,NA,NA,NA,NA,NA,NA,NA,NA,NA,NA,NA,NA,NA,NA,NA
Jena,Paeonia officinalis,28,NA,Flower,NA,NA,NA,NA,NA,NA,NA,Actinomorphic,bowl,Horizontal-Upward,03/05/2023,13/05/2023,04/05/2023,12/05/2023,to_calculate,NA,NA,NA,NA,NA,NA,NA,NA,NA,NA,NA,NA,NA,NA,NA,NA,NA,NA,NA
Leipzig,Menyanthes trifoliata,29,250,Flower,15,15,14.4,10,8,3,white,Actinomorphic,tubular,Horizontal-Upward,26/04/2023,22/05/2023,12/05/2023,14/05/2023,to_calculate,NA,1,15.5,11,3.5,1,5,8.5,7.5,1,stigma,5.3,0.7,17,17,NA,NA,https://www.dropbox.com/s/1yew1m3hcjzhgst/METR.JPG?dl=0,NA
Leipzig,Menyanthes trifoliata,29,235,Flower,25,25,17.2,9,7.5,2.5,white,Actinomorphic,tubular,Horizontal-Upward,26/04/2023,22/05/2023,12/05/2023,14/05/2023,to_calculate,NA,1,15.2,10.2,3.25,1,5,8.9,8.1,0.8,stigma,4.4,0.7,12,12,NA,NA,NA,NA
Leipzig,Menyanthes trifoliata,29,235,Flower,26,26,12.82,9.2,6.95,2,white,Actinomorphic,tubular,Horizontal-Upward,26/04/2023,22/05/2023,12/05/2023,14/05/2023,to_calculate,NA,1,15.07,11.5,4.67,1.1,5,9.6,8.2,1.4,stigma,4.5,0.65,15,15,1.4,1.25,NA,NA
Leipzig,Aquilegia chrysantha,30,930,Flower,75,7,56.85,35.16,23.73,5.48,pink_white,Actinomorphic,tubular,Downward,03/05/2023,28/06/2023,14/05/2023,22/05/2023,to_calculate,NA,5,14.95,7.06,7.79,0.1,53,19.2,17.5,1.7,anther,2,0.75,100,100,NA,NA,NA,NA
Leipzig,Aquilegia chrysantha,30,900,Flower,45,6,31.5,40.26,28.4,4.3,pink_white,Actinomorphic,tubular,Downward,03/05/2023,28/06/2023,14/05/2023,23/05/2023,to_calculate,NA,5,14.39,8.24,6.05,0.1,38,14.3,11.6,2.7,none,0,0,125,125,0.45,0.2,https://www.dropbox.com/s/tjfjordiguqph4p/AQCH.JPG?dl=0,NA
Leipzig,Aquilegia chrysantha,30,1000,Flower,45,7,47.56,35.66,28.94,7.9,pink_white,Actinomorphic,tubular,Downward,03/05/2023,28/06/2023,14/05/2023,25/05/2023,to_calculate,NA,5,13.46,6.42,6.94,0.1,43,10.96,8.52,2.44,none,0,0,125,125,NA,NA,NA,NA
Leipzig,Allium ursinum,31,150,Flower,7,7,15.42,7.2,0,15.42,white,Actinomorphic,bowl,Horizontal-Upward,03/05/2023,26/05/2023,16/05/2023,22/05/2023,to_calculate,NA,1,5.4,3.23,2.07,0.1,6,5.94,4.85,1.09,none,0,1.7,4,4,0.7,0.6,https://www.dropbox.com/s/vekmrmfv6ijlr49/ALUR.JPG?dl=0,NA
Leipzig,Allium ursinum,31,240,Flower,14,14,18,9.2,0,18,white,Actinomorphic,bowl,Horizontal-Upward,03/05/2023,26/05/2023,17/05/2023,22/05/2023,to_calculate,NA,1,6.02,4.04,1.76,0.1,6,6,4.83,1.17,none,0,0.84,4,4,NA,NA,NA,NA
Leipzig,Allium ursinum,31,250,Flower,13,13,12.95,6.56,0,12.95,white,Actinomorphic,bowl,Horizontal-Upward,03/05/2023,26/05/2023,17/05/2023,22/05/2023,to_calculate,NA,1,4.88,3.12,1.66,0.1,6,5.87,4.9,0.97,none,0,1.29,4,4,NA,NA,NA,NA
Halle,Anemonoides sylvestris,32,220,Flower,11,1,35.82,12.46,0,35.82,white,Actinomorphic,dish,Upward,29/04/2023,27/05/2023,04/05/2023,11/05/2023,to_calculate,NA,1,6.67,0,6.67,0.39,141,6.52,4.94,1.58,none,0,0.35,98,98,1,0.4,https://www.dropbox.com/s/ztu68g0t3do5ziw/ANSY.JPG?dl=0,NA
Halle,Anemonoides sylvestris,32,154,Flower,6,1,23.88,12.57,0,23.88,white,Actinomorphic,dish,Upward,29/04/2023,27/05/2023,04/05/2023,10/05/2023,to_calculate,NA,1,5.2,0,5.2,0.43,184,4.39,3.45,0.94,none,0,0.25,132,132,NA,NA,NA,NA
Halle,Anemonoides sylvestris,32,274,Flower,7,1,NA,NA,NA,NA,white,Actinomorphic,dish,Upward,29/04/2023,27/05/2023,NA,NA,to_calculate,NA,1,NA,NA,NA,NA,NA,NA,NA,NA,NA,NA,NA,NA,NA,NA,NA,NA,NA
Jena,Paeonia delavayi,33,1430,Flower,30,1,43,22,0,43,orange,Actinomorphic,bowl,Horizontal,06/05/2023,10/06/2023,11/05/2023,14/05/2023,to_calculate,NA,2,10.48,3.37,4.95,2.16,130,14.7,10.3,4.3,anther,1.13,0.2,13,13,3.5,2.5,https://www.dropbox.com/s/98seega9gexlyje/PADE.JPG?dl=0,NA
Jena,Paeonia delavayi,33,1450,Flower,48,1,40.83,21.83,0,40.83,orange,Actinomorphic,bowl,Horizontal,06/05/2023,10/06/2023,11/05/2023,15/05/2023,to_calculate,NA,2,11.5,3.5,5.67,2.33,105,13.43,8.96,4.47,anther,1.3,1.32,NA,NA,NA,NA,NA,NA
Jena,Paeonia delavayi,33,1600,Flower,26,1,45.97,20.66,0,45.97,orange,Actinomorphic,bowl,Horizontal,06/05/2023,10/06/2023,16/05/2023,19/05/2023,to_calculate,NA,2,11.31,4.55,4.55,2.21,94,16.21,13.17,3.04,anther,1.77,1.12,NA,NA,NA,NA,NA,NA
Jena,Chelidonium majus,34,740,Flower,36,4,23.03,0.97,0,23.03,yellow,Actinomorphic,dish,Horizontal-Upward,22/04/2023,06/05/2023,16/05/2023,18/05/2023,to_calculate,NA,1,9.25,0.84,7.85,0.56,18,8.7,7.07,1.63,none,0.3,0.2,36,36,NA,NA,https://www.dropbox.com/s/hx26p29tyjnxv8v/CHMA.JPG?dl=0,NA
Jena,Chelidonium majus,34,220,Flower,23,4,25.06,4,0,25.06,yellow,Actinomorphic,dish,Horizontal-Upward,22/04/2023,06/05/2023,16/05/2023,18/05/2023,to_calculate,NA,1,8.82,1.36,6.7,0.76,NA,8.7,6.26,2.44,none,0,0.76,54,54,NA,NA,NA,NA
Jena,Chelidonium majus,34,700,Flower,115,4,25.9,1.74,0,25.9,yellow,Actinomorphic,dish,Horizontal-Upward,22/04/2023,06/05/2023,16/05/2023,18/05/2023,to_calculate,NA,1,10.6,0.92,7.64,2.04,27,8.7,6,2.7,none,1.75,0,52,52,0.35,0.2,NA,NA
Jena,Asphodelus albus,35,980,Flower,138,46,33.69,20.22,5.78,0.9,white,Actinomorphic,tubular-bowl,Horizontal-Upward,06/05/2023,03/06/2023,26/05/2023,30/05/2023,to_calculate,NA,1,24.36,20.47,3.1,0.79,6,20.87,18.56,2.31,stigma,2.81,4.54,4,4,0.8,0.45,https://www.dropbox.com/s/stykabzxn5t4g1z/ASAL.JPG?dl=0,NA
Jena,Asphodelus albus,35,980,Flower,200,NA,26.1,15.25,NA,NA,white,Actinomorphic,tubular-bowl,Horizontal-Upward,06/05/2023,03/06/2023,26/05/2023,29/05/2023,to_calculate,NA,1,29.87,26.41,2.72,0.74,6,21.88,19.28,2.6,stigma,5.62,2.14,4,4,NA,NA,NA,NA
Jena,Asphodelus albus,35,1100,Flower,88,NA,32.53,15.05,NA,NA,white,Actinomorphic,tubular-bowl,Horizontal-Upward,06/05/2023,03/06/2023,26/05/2023,29/05/2023,to_calculate,NA,1,30.27,25.53,3.87,0.87,6,22.66,20.51,2.15,stigma,5.8,6.35,4,4,NA,NA,NA,NA
Jena,Linum perenne,36,730,Flower,137,10,22.85,5,0,22.85,blue,Actinomorphic,bowl,Horizontal-Upward,14/05/2023,25/06/2023,06/06/2023,07/06/2023,to_calculate,NA,1,4.21,2.05,1.6,0.91,5,7,5,2,anther,2.09,0,NA,NA,NA,NA,https://www.dropbox.com/scl/fi/r4cu34g6gjvuzt5of6m1m/LIPE.JPG?rlkey=a3i0i12uyz3h7sm7djgianh77&dl=0,NA
Jena,Linum perenne,36,780,Flower,122,8,25.76,5,0,25.76,blue,Actinomorphic,bowl,Horizontal-Upward,14/05/2023,25/06/2023,06/06/2023,07/06/2023,to_calculate,NA,1,4.95,1.78,1.95,0.93,5,4.95,3.3,1.65,anther,2.56,0.2,3,3,0.32,0.2,NA,NA
Jena,Linum perenne,36,850,Flower,282,8,27.70,4.92,0,27.70,blue,Actinomorphic,bowl,Horizontal-Upward,14/05/2023,25/06/2023,06/06/2023,07/06/2023,to_calculate,NA,1,4.03,1.70,2.09,1.43,5,8.4,4.48,3.92,stigma,2,0.4,2,2,0.32,0.2,NA,NA
Leipzig,Geranium sanguineum,37,500,Flower,21,1,29.54,13.23,0,29.54,pink,Actinomorphic,bowl,Horizontal-Upward,17/05/2023,28/06/2023,06/06/2023,08/06/2023,to_calculate,NA,1,7.71,NA,4.98,2,10,7.71,5.51,2.2,none,0,2.15,NA,NA,NA,NA,https://www.dropbox.com/scl/fi/m0ddgaa7s6tllib4ye1ob/GESA.JPG?rlkey=89ucv8lsbzlxmihg23nz25kvv&dl=0,NA
Leipzig,Geranium sanguineum,37,450,Flower,12,1,33.48,10.7,0,33.48,pink,Actinomorphic,bowl,Horizontal-Upward,17/05/2023,28/06/2023,06/06/2023,08/06/2023,to_calculate,NA,1,6.88,2.17,3.6,2.3,10,7.24,5.16,2.08,none,0,1.96,14,14,0.65,0.48,NA,NA
Leipzig,Geranium sanguineum,37,660,Flower,34,1,34.68,11.1,0,34.68,pink,Actinomorphic,bowl,Horizontal-Upward,17/05/2023,28/06/2023,06/06/2023,08/06/2023,to_calculate,NA,1,6.92,0.98,3.5,2.07,10,8.17,5.82,2,none,0.6,1.2,15,15,0.65,0.48,NA,NA
Leipzig,Convallaria majalis,38,190,Flower,11,11,7.19,7.8,7.8,5,white,Actinomorphic,bowl,Downward,06/05/2023,03/06/2023,25/05/2023,03/06/2023,to_calculate,NA,1,6.87,2.62,3.52,0.73,6,2.8,0.8,2,stigma,1.5,1.57,10,10,NA,NA,NA,NA
Leipzig,Convallaria majalis,38,220,Flower,10,10,6.65,6.19,6.19,3.68,white,Actinomorphic,bowl,Downward,06/05/2023,03/06/2023,25/05/2023,03/06/2023,to_calculate,NA,1,5,2.03,2.4,0.57,6,2.76,1.43,1.33,stigma,1.78,0.89,10,10,NA,NA,NA,NA
Leipzig,Convallaria majalis,38,170,Flower,9,9,5.95,5.73,5.73,3.76,white,Actinomorphic,bowl,Downward,06/05/2023,03/06/2023,25/05/2023,03/06/2023,to_calculate,NA,1,NA,NA,NA,NA,6,2.36,1.23,1.71,stigma,2.69,0.65,8,8,0.5,0.3,https://www.dropbox.com/s/witggbgitl33336/COMA.JPG?dl=0,NA
Halle,Aconitum lycoctonum,39,370,Flower,37,10,11.26,24.28,3.45,20.78,yellow,Zygomorphic,tubular,Downward,04/05/2023,01/07/2023,27/05/2023,04/06/2023,to_calculate,NA,3,3.35,1,2.2,0.15,23,4.11,3.41,0.7,anther,0,0.2,9,9,0.45,0.4,https://www.dropbox.com/s/a62hxsabbbdry4a/ACLY.JPG?dl=0,NA
Halle,Aconitum lycoctonum,39,270,Flower,71,10,13.34,22.4,3.48,17.82,yellow,Zygomorphic,tubular,Downward,04/05/2023,01/07/2023,27/05/2023,03/06/2023,to_calculate,NA,3,4.07,1.79,2.13,0.15,24,5.56,4.88,0.68,anther,1,0.1,9,9,NA,NA,NA,NA
Halle,Aconitum lycoctonum,39,250,Flower,116,9,10.03,23.32,4.69,18.5,yellow,Zygomorphic,tubular,Downward,04/05/2023,01/07/2023,27/05/2023,04/06/2023,to_calculate,NA,3,3.44,1.11,1.98,0.15,22,5.1,4.44,0.66,anther,0.8,0,9,9,NA,NA,NA,NA
Halle,Dictamnus albus,40,590,Flower,35,35,47,23.11,0,47,white or purple,Zygomorphic,bowl,Horizontal,20/05/2023,09/06/2023,27/05/2023,05/06/2023,to_calculate,NA,1,12.01,5.07,3.41,0.3,10,20.17,16.02,4.15,anther,8.4,0.1,11,11,0.6,0.5,https://www.dropbox.com/s/21001ckgphhrsxw/DYAL.JPG?dl=0,NA
Halle,Dictamnus albus,40,540,Flower,125,26,46.99,22.55,0,46.99,white or purple,Zygomorphic,bowl,Horizontal,20/05/2023,09/06/2023,27/05/2023,06/06/2023,to_calculate,NA,1,9.46,6.1,2.56,0.25,10,21.94,17.96,3.98,anther,6.06,0.1,10,10,NA,NA,NA,NA
Halle,Dictamnus albus,40,500,Flower,38,11,45.62,17.9,0,45.62,white or purple,Zygomorphic,bowl,Horizontal,20/05/2023,09/06/2023,27/05/2023,06/06/2023,to_calculate,NA,1,9.88,4.3,3.3,0.5,10,21.23,18.03,3.9,anther,3.5,0.9,10,10,NA,NA,NA,NA
Halle,Persicaria bistorta,41,610,Flower,291,291,4.5,4.3,4.3,0.9,pink,Actinomorphic,tubular,Horizontal,08/05/2023,02/06/2023,11/05/2023,23/05/2023,to_calculate,NA,1,5.48,3.48,1.19,0.1,8,3.8,3.7,0.1,stigma,1,0,1,1,0.5,0.2,https://www.dropbox.com/s/as8pgckfb9l3xs6/POBY.JPG?dl=0,NA
Halle,Persicaria bistorta,41,NA,Flower,NA,NA,NA,NA,NA,NA,pink,Actinomorphic,tubular,Horizontal,08/05/2023,02/06/2023,11/05/2023,22/05/2023,to_calculate,NA,1,NA,NA,NA,NA,8,NA,NA,NA,NA,NA,NA,NA,NA,NA,NA,NA,NA
Halle,Persicaria bistorta,41,NA,Flower,NA,NA,NA,NA,NA,NA,pink,Actinomorphic,tubular,Horizontal,08/05/2023,02/06/2023,11/05/2023,22/05/2023,to_calculate,NA,1,NA,NA,NA,NA,8,NA,NA,NA,NA,NA,NA,NA,NA,NA,NA,NA,NA
Leipzig,Vincetoxicum hirundinaria,42,740,Flower,582,70,9.04,4.72,0,9.04,white,Actinomorphic,bowl,Horizontal-Upward,13/05/2023,05/07/2023,06/06/2023,11/06/2023,to_calculate,NA,1,1,0,0.9,0.1,5,0.9,0.7,0.2,none,0,0,2,2,1,0.58,https://www.dropbox.com/s/e9snet2qmc0hkiw/VIHI.JPG?dl=0,NA
Leipzig,Vincetoxicum hirundinaria,42,NA,Flower,NA,NA,NA,NA,NA,NA,white,Actinomorphic,bowl,Horizontal-Upward,13/05/2023,05/07/2023,06/06/2023,11/06/2023,to_calculate,NA,NA,NA,NA,NA,NA,NA,NA,NA,NA,NA,NA,NA,NA,NA,NA,NA,NA,NA
Leipzig,Vincetoxicum hirundinaria,42,NA,Flower,NA,NA,NA,NA,NA,NA,white,Actinomorphic,bowl,Horizontal-Upward,13/05/2023,05/07/2023,06/06/2023,11/06/2023,to_calculate,NA,NA,NA,NA,NA,NA,NA,NA,NA,NA,NA,NA,NA,NA,NA,NA,NA,NA,NA
Leipzig,Helianthemum nummularium,43,500,Flower,1000,5,29.98,0.45,0,29.98,white,Actinomorphic,dish,Upward,07/05/2023,17/06/2023,28/05/2023,29/05/2023,to_calculate,NA,1,5.5,2.88,1.64,0.7,50,5.36,4.5,0.86,none,0,0,17,17,0.4,0.3,https://www.dropbox.com/scl/fi/illldm719wdfe11dc71pq/HENU.JPG?rlkey=wj60de45gdtfneh6lr4btfamg&dl=0,NA
Leipzig,Helianthemum nummularium,43,NA,Flower,NA,7,28.76,3.33,0,28.76,white,Actinomorphic,dish,Upward,07/05/2023,17/06/2023,06/06/2023,07/06/2023,to_calculate,NA,1,6.89,3.81,1.86,0.49,52,4.68,3.96,0.72,stigma,0.64,0,NA,NA,NA,NA,NA,NA
Leipzig,Helianthemum nummularium,43,NA,Flower,NA,5,28.61,2.73,0,28.61,white,Actinomorphic,dish,Upward,07/05/2023,17/06/2023,06/06/2023,07/06/2023,to_calculate,NA,1,4.94,3.19,1.61,0.92,72,6.34,5.84,0.5,none,0,0,NA,NA,NA,NA,NA,NA
Halle,Salvia officinalis,44,810,Flower,1116,46,13.52,21.08,15.39,2.34,purple,Zygomorphic,tubular,Horizontal,20/05/2023,01/07/2023,27/05/2023,02/06/2023,to_calculate,NA,1,19.60,15.04,2.05,2.44,2,6.75,6.75,2.02,stigma,3.81,2.72,4,4,0.6,0.33,https://www.dropbox.com/s/4hc1oku2ko3zjj2/SAOF.JPG?dl=0,NA
Halle,Salvia officinalis,44,780,Flower,1715,86,11.70,18.88,11.84,2.20,purple,Zygomorphic,tubular,Horizontal,20/05/2023,01/07/2023,27/05/2023,02/06/2023,to_calculate,NA,1,15.25,15.25,2.80,2.14,2,4.76,4.76,2.24,stigma,0,6.51,4,4,NA,NA,NA,NA
Halle,Salvia officinalis,44,770,Flower,1328,25,10.77,18.32,10.34,2.2,purple,Zygomorphic,tubular,Horizontal,20/05/2023,01/07/2023,27/05/2023,02/06/2023,to_calculate,NA,1,12.09,12.09,2.59,2.5,2,7.22,7.22,1.99,stigma,0.2,1.2,4,4,NA,NA,NA,NA
Halle,Lotus corniculatus,45,530,Flower,976,5,11.06,11.65,6,0.7,yellow,Zygomorphic,papilionaceus,Horizontal,20/05/2023,NA,22/06/2023,26/06/2023,to_calculate,NA,1,11.22,5.92,4.87,0.1,10,8.84,7.88,0.96,stigma,1.26,0,46,46,0.2,0.12,https://www.dropbox.com/s/6igkcapgm17yt5y/LOCO.JPG?dl=0,NA
Halle,Lotus corniculatus,45,NA,Flower,NA,NA,NA,NA,NA,NA,NA,Zygomorphic,papilionaceus,Horizontal,20/05/2023,NA,22/06/2023,26/06/2023,to_calculate,NA,NA,NA,NA,NA,NA,NA,NA,NA,NA,NA,NA,NA,NA,NA,NA,NA,NA,NA
Halle,Lotus corniculatus,45,NA,Flower,NA,NA,NA,NA,NA,NA,NA,Zygomorphic,papilionaceus,Horizontal,20/05/2023,NA,22/06/2023,26/06/2023,to_calculate,NA,NA,NA,NA,NA,NA,NA,NA,NA,NA,NA,NA,NA,NA,NA,NA,NA,NA,NA
Jena,Campanula rotundifolia,46,200,Flower,85,1,18.94,18.54,15.5,11.2,purple,Actinomorphic,tubular-bowl,Horizontal-Downward,27/05/2023,NA,06/06/2023,18/06/2023,to_calculate,NA,1,16.81,13.79,2.1,1,5,4,4,2.72,stigma,6.9,0,63,63,0.2,0.1,https://www.dropbox.com/s/jbuzxsyba6gua2l/CARO.JPG?dl=0,NA
Jena,Campanula rotundifolia,46,150,Flower,5,1,11.75,13.83,9.93,6.71,purple,Actinomorphic,tubular-bowl,Horizontal-Downward,27/05/2023,NA,06/06/2023,12/06/2023,to_calculate,NA,1,11.52,8.73,2.4,1.14,5,1.88,1.88,3.12,stigma,4.36,1,57,57,0.22,0.13,NA,NA
Jena,Campanula rotundifolia,46,NA,Flower,NA,NA,NA,NA,NA,NA,NA,Actinomorphic,tubular-bowl,Horizontal-Downward,27/05/2023,NA,20/06/2023,25/06/2023,to_calculate,NA,NA,NA,NA,NA,NA,NA,NA,NA,NA,NA,NA,NA,NA,NA,NA,NA,NA,NA
Jena,Lotus maritimus,47,340,Flower,83,1,21.28,24.73,15.43,2.9,yellow,Zygomorphic,papilionaceus,Horizontal-Upward,20/05/2023,17/06/2023,06/06/2023,12/06/2023,to_calculate,NA,1,15.88,4.84,12.42,0.93,10,20.06,17.76,2.3,anther,1,3.83,68,68,0.52,0.22,https://www.dropbox.com/s/zf0inhubghe94sq/LOMA.JPG?dl=0,NA
Jena,Lotus maritimus,47,300,Flower,140,1,21.22,25.16,NA,NA,yellow,Zygomorphic,papilionaceus,Horizontal-Upward,20/05/2023,17/06/2023,06/06/2023,12/06/2023,to_calculate,NA,1,14.23,4.01,14.23,0.95,10,16.19,14.92,1.27,anther,0.93,0,62,62,0.5,0.2,NA,NA
Jena,Lotus maritimus,47,NA,Flower,NA,NA,NA,NA,NA,NA,yellow,Zygomorphic,papilionaceus,Horizontal-Upward,20/05/2023,17/06/2023,06/06/2023,12/06/2023,to_calculate,NA,NA,NA,NA,NA,NA,NA,NA,NA,NA,NA,NA,NA,NA,NA,NA,NA,NA,NA
Halle,Gratiola officinalis,48,230,Flower,400,9,24.25,24.64,15.70,3.38,white,Zygomorphic,tubular,Horizontal,03/06/2023,23/06/2023,03/06/2023,06/06/2023,to_calculate,NA,1,11.42,6.62,4.67,1.03,4,5.42,4.42,1,none,0,0,258,258,0.2,0.12,https://www.dropbox.com/scl/fi/6knlfndhl7egh8pv64507/GROF.JPG?rlkey=4sh95sl5ar3y41dp6x9rjzegr&dl=0,NA
Halle,Gratiola officinalis,48,NA,Flower,NA,NA,NA,NA,NA,NA,NA,Zygomorphic,tubular,Horizontal,03/06/2023,23/06/2023,03/06/2023,06/06/2023,to_calculate,NA,1,NA,NA,NA,NA,NA,NA,NA,NA,NA,NA,NA,NA,NA,NA,NA,NA,NA
Halle,Gratiola officinalis,48,NA,Flower,NA,NA,NA,NA,NA,NA,NA,Zygomorphic,tubular,Horizontal,03/06/2023,23/06/2023,03/06/2023,06/06/2023,to_calculate,NA,1,NA,NA,NA,NA,NA,NA,NA,NA,NA,NA,NA,NA,NA,NA,NA,NA,NA
Halle,Solanum dulcamara,49,400,Flower,323,29,14.45,7.07,0,14.45,purple,Actinomorphic,bowl,Downward,21/05/2023,01/07/2023,03/06/2023,08/06/2023,to_calculate,NA,1,9.27,6.69,2.56,0.2,5,4.94,0,4.94,stigma,2.62,0,33,33,0.2,0.12,https://www.dropbox.com/scl/fi/3o66eod2boh9xrzxqlejm/SODU.JPG?rlkey=7fvt7s0ex2uel5msa0f2t9fph&dl=0,NA
Halle,Solanum dulcamara,49,NA,Flower,NA,NA,NA,NA,NA,NA,NA,Actinomorphic,bowl,Downward,21/05/2023,01/07/2023,03/06/2023,07/06/2023,to_calculate,NA,NA,NA,NA,NA,NA,NA,NA,NA,NA,NA,NA,NA,NA,NA,NA,NA,NA,NA
Halle,Solanum dulcamara,49,NA,Flower,NA,NA,NA,NA,NA,NA,NA,Actinomorphic,bowl,Downward,21/05/2023,01/07/2023,02/06/2023,07/06/2023,to_calculate,NA,NA,NA,NA,NA,NA,NA,NA,NA,NA,NA,NA,NA,NA,NA,NA,NA,NA,NA
Leipzig,Hemerocallis dumortieri,50,520,Flower,5,5,52.18,63.78,34.89,11.38,yellow,Actinomorphic,tubular,Horizontal-Upward,21/05/2023,23/06/2023,15/06/2023,17/06/2023,to_calculate,NA,1,69.25,64.14,4.49,0.64,5,33.23,33.23,3,stigma,12.38,0,18,18,0.7,0.4,https://www.dropbox.com/scl/fi/gv7ba0ldykn2pfbv37f9d/HEDU.JPG?rlkey=z2rfvpyjb49x7iz3g9b7svqja&dl=0,NA
Leipzig,Hemerocallis dumortieri,50,540,Flower,13,13,57.16,62.81,43.39,6.79,yellow,Actinomorphic,tubular,Horizontal-Upward,21/05/2023,23/06/2023,15/06/2023,17/06/2023,to_calculate,NA,1,65.97,61.75,4.67,0.98,5,31.84,31.84,3.94,stigma,14.85,0,NA,NA,0.6,0.5,NA,NA
Leipzig,Hemerocallis dumortieri,50,600,Flower,6,6,46.21,66.74,43.47,10.01,yellow,Actinomorphic,tubular,Horizontal-Upward,21/05/2023,23/06/2023,15/06/2023,17/06/2023,to_calculate,NA,1,68.95,60,5.32,0.53,5,32.18,32.18,3.22,stigma,11.76,0,NA,NA,NA,NA,NA,NA
Leipzig,Silene vulgaris,51,530,Flower,70,16,9.2,19.9,16.58,4.05,white,Actinomorphic,tubular,Horizontal-Downward,27/05/2023,05/07/2023,10/06/2023,22/06/2023,to_calculate,NA,1,20.29,16.65,4.36,0.24,10,17.14,15.63,1.51,stigma,3.83,2.2,163,163,0.3,0.22,https://www.dropbox.com/scl/fi/nbrh4lr853mx0c760cvk7/SIVU.JPG?rlkey=81b20bmjikvjl0exqo4kby46o&dl=0,NA
Leipzig,Silene vulgaris,51,690,Flower,135,15,9.75,18.83,15.60,3.95,white,Actinomorphic,tubular,Horizontal-Downward,27/05/2023,05/07/2023,10/06/2023,22/06/2023,to_calculate,NA,1,13.1,9.14,4.2,0.3,10,19.69,18.02,1.67,stigma,3.68,1.2,NA,NA,NA,NA,NA,NA
Leipzig,Silene vulgaris,51,NA,Flower,NA,NA,NA,NA,NA,NA,white,Actinomorphic,tubular,Horizontal-Downward,27/05/2023,05/07/2023,10/06/2023,22/06/2023,to_calculate,NA,NA,NA,NA,NA,NA,NA,NA,NA,NA,NA,NA,NA,NA,NA,NA,NA,NA,NA
Leipzig,Penstemon grandiflorus,52,930,Flower,98,20,15.42,28.82,20.55,6.75,white-pink,Zygomorphic,tubular,Horizontal,03/06/2023,08/07/2023,17/06/2023,20/06/2023,to_calculate,NA,1,22.07,16.19,4.24,0.6,4,20.39,17.69,2.7,none,0,0,91,91,0.3,0.2,https://www.dropbox.com/s/1qo8zbl3cmx6ng0/PEGR.JPG?dl=0,NA
Leipzig,Penstemon grandiflorus,52,NA,Flower,NA,NA,NA,NA,NA,NA,white-pink,Zygomorphic,tubular,Horizontal,03/06/2023,08/07/2023,17/06/2023,20/06/2023,to_calculate,NA,NA,NA,NA,NA,NA,NA,NA,NA,NA,NA,NA,NA,NA,NA,NA,NA,NA,NA
Leipzig,Penstemon grandiflorus,52,NA,Flower,NA,NA,NA,NA,NA,NA,white-pink,Zygomorphic,tubular,Horizontal,03/06/2023,08/07/2023,17/06/2023,20/06/2023,to_calculate,NA,NA,NA,NA,NA,NA,NA,NA,NA,NA,NA,NA,NA,NA,NA,NA,NA,NA,NA
Leipzig,Psephellus dealbatus,53,870,Flower,248,1,60.23,28.20,7.16,0.6,purple,Actinomorphic,tubular,Upward,13/05/2023,24/06/2023,31/05/2023,07/06/2023,to_calculate,NA,1,25.89,21.90,2.86,1.34,5,13,9,4,none,0,0,57,57,2,1.3,,NA
Leipzig,Psephellus dealbatus,53,NA,Flower,NA,NA,NA,NA,NA,NA,purple,Actinomorphic,tubular,Upward,13/05/2023,24/06/2023,31/05/2023,07/06/2023,to_calculate,NA,NA,NA,NA,NA,NA,NA,NA,NA,NA,NA,NA,NA,NA,NA,NA,NA,NA,NA
Leipzig,Psephellus dealbatus,53,NA,Flower,NA,NA,NA,NA,NA,NA,purple,Actinomorphic,tubular,Upward,13/05/2023,24/06/2023,31/05/2023,07/06/2023,to_calculate,NA,NA,NA,NA,NA,NA,NA,NA,NA,NA,NA,NA,NA,NA,NA,NA,NA,NA,NA
Halle,Centranthus ruber,54,1000,Flower,1827,203,6.94,17.95,17.95,1,pink,Zygomorphic,tubular,Upward,03/06/2023,NA,22/06/2023,26/06/2023,to_calculate,NA,1,14.14,10.85,2.32,0.25,1,14.26,13.86,1.32,anther,1,1,1,1,0.35,0.12,https://www.dropbox.com/scl/fi/h9eoatr7by7i0bj56352l/CERU.JPG?rlkey=xztdpliemazlsmhs7xnzxs4nn&dl=0,NA
Halle,Centranthus ruber,54,NA,Flower,NA,NA,NA,NA,NA,NA,pink,Zygomorphic,tubular,Upward,03/06/2023,NA,22/06/2023,26/06/2023,to_calculate,NA,NA,NA,NA,NA,NA,NA,NA,NA,NA,NA,NA,NA,NA,NA,NA,NA,NA,NA
Halle,Centranthus ruber,54,NA,Flower,NA,NA,NA,NA,NA,NA,pink,Zygomorphic,tubular,Upward,03/06/2023,NA,22/06/2023,26/06/2023,to_calculate,NA,NA,NA,NA,NA,NA,NA,NA,NA,NA,NA,NA,NA,NA,NA,NA,NA,NA,NA
Jena,Silene nutans,55,450,Flower,18,6,8.22,17.22,13.40,3.22,white,Actinomorphic,tubular,Horizontal-Upward,28/05/2023,10/06/2023,06/06/2023,08/06/2023,to_calculate,NA,1,19.81,14.06,6.35,0.35,10,13.37,12.39,0.98,stigma,4.44,0.46,105,105,,,,
Jena,Silene nutans,55,450,Flower,NA,NA,NA,NA,NA,NA,white,Actinomorphic,tubular,Horizontal-Upward,28/05/2023,10/06/2023,06/06/2023,08/06/2023,to_calculate,NA,NA,NA,NA,NA,NA,NA,NA,NA,NA,NA,NA,NA,NA,NA,,,,
Jena,Silene nutans,55,450,Flower,NA,NA,NA,NA,NA,NA,white,Actinomorphic,tubular,Horizontal-Upward,28/05/2023,10/06/2023,06/06/2023,08/06/2023,to_calculate,NA,NA,NA,NA,NA,NA,NA,NA,NA,NA,NA,NA,NA,NA,NA,,,,
Halle,Hypericum perforatum,56,670,Flower,528,9,24.70,5.7,0,24.70,yellow,Actinomorphic,dish,Horizontal-Upward,10/05/2023,15/07/2023,28/06/2023,29/06/2023,to_calculate,NA,1,7.1,5.5,2.79,0.2,43,9.51,8.95,0.56,none,0.3,0.2,132,132,0.25,0.15,https://www.dropbox.com/scl/fi/ypls3uwek4z5cwd3uba9i/HYPE.JPG?rlkey=ovoe34hrkx9ktywudn5gjpsy1&dl=0,NA
Halle,Hypericum perforatum,56,NA,Flower,NA,NA,NA,NA,NA,NA,yellow,Actinomorphic,dish,Horizontal-Upward,10/05/2023,15/07/2023,28/06/2023,29/06/2023,to_calculate,NA,NA,NA,NA,NA,NA,NA,NA,NA,NA,NA,NA,NA,NA,NA,0.32,0.1,NA,NA
Halle,Hypericum perforatum,56,NA,Flower,NA,NA,NA,NA,NA,NA,yellow,Actinomorphic,dish,Horizontal-Upward,10/05/2023,15/07/2023,28/06/2023,29/06/2023,to_calculate,NA,NA,NA,NA,NA,NA,NA,NA,NA,NA,NA,NA,NA,NA,NA,NA,NA,NA,NA
Leipzig,Hypericum olympicum,57,330,Flower,537,4,33,17,0,33,yellow,Actinomorphic,dish,Horizontal-Upward,31/05/2023,12/07/2023,20/05/2023,21/05/2023,to_calculate,NA,1,21,20.92,3.12,0.8,80,21.95,20.99,0.56,none,4,2.65,198,198,0.4,0.16,https://www.dropbox.com/scl/fi/ioaar7wemht4htx6sdgoy/HYOL.JPG?rlkey=turqb2c9vvwallxos8n1hallp&dl=0,NA
Leipzig,Hypericum olympicum,57,NA,Flower,NA,NA,NA,NA,NA,NA,yellow,Actinomorphic,dish,Horizontal-Upward,31/05/2023,12/07/2023,20/05/2023,21/05/2023,to_calculate,NA,NA,NA,NA,NA,NA,NA,NA,NA,NA,NA,NA,NA,NA,NA,NA,NA,NA,NA
Leipzig,Hypericum olympicum,57,NA,Flower,NA,NA,NA,NA,NA,NA,yellow,Actinomorphic,dish,Horizontal-Upward,31/05/2023,12/07/2023,20/05/2023,21/05/2023,to_calculate,NA,NA,NA,NA,NA,NA,NA,NA,NA,NA,NA,NA,NA,NA,NA,NA,NA,NA,NA
Jena,Clematis recta,58,1200,Flower,1500,30,16.25,1.8,0,16.25,white,Actinomorphic,dish,Upward,07/06/2023,01/07/2023,20/06/2023,29/06/2023,to_calculate,NA,6,4.81,3.3,0.7,0.9,33,6.22,4.1,2.12,none,0,0,10,10,0.25,0.2,https://www.dropbox.com/scl/fi/63lvl5jh3cyeb69zjyaya/CLRE.JPG?rlkey=r8po34ugug3s07ij07yerrjdr&dl=0,NA
Jena,Clematis recta,58,NA,Flower,NA,NA,NA,NA,NA,NA,white,Actinomorphic,dish,Upward,07/06/2023,01/07/2023,20/06/2023,29/06/2023,to_calculate,NA,NA,NA,NA,NA,NA,NA,NA,NA,NA,NA,NA,NA,NA,NA,NA,NA,NA,NA
Jena,Clematis recta,58,NA,Flower,NA,NA,NA,NA,NA,NA,white,Actinomorphic,dish,Upward,07/06/2023,01/07/2023,20/06/2023,29/06/2023,to_calculate,NA,NA,NA,NA,NA,NA,NA,NA,NA,NA,NA,NA,NA,NA,NA,NA,NA,NA,NA
Jena,Salvia pratensis,59,1200,Flower,1290,30,22.99,23.22,11.19,1.48,purple,Zygomorphic,tubular,Horizontal,17/05/2023,10/06/2023,15/06/2023,19/06/2023,to_calculate,NA,1,23,20,2.32,3,2,16.78,16.78,3.50,stigma,5.5,0,4,4,0.4,0.3,https://www.dropbox.com/scl/fi/kl557n8cl139eg2ujuyra/SAPR.JPG?rlkey=y53q5epbjesls6hhrna49xd57&dl=0,NA
Jena,Salvia pratensis,59,NA,Flower,NA,NA,NA,NA,NA,NA,NA,Zygomorphic,tubular,Horizontal,17/05/2023,10/06/2023,14/06/2023,18/06/2023,to_calculate,NA,1,NA,NA,NA,NA,NA,NA,NA,NA,NA,NA,NA,NA,NA,NA,NA,NA,NA
Jena,Salvia pratensis,59,NA,Flower,NA,NA,NA,NA,NA,NA,NA,Zygomorphic,tubular,Horizontal,17/05/2023,10/06/2023,14/06/2023,18/06/2023,to_calculate,NA,1,NA,NA,NA,NA,NA,NA,NA,NA,NA,NA,NA,NA,NA,NA,NA,NA,NA
Leipzig,Silene coronaria,60,370,Flower,4,1,24.83,17.18,17.18,1.05,white-pink,Actinomorphic,tubular,Upward,10/06/2023,15/07/2023,29/06/2023,05/07/2023,to_calculate,NA,1,5.37,2.75,2.85,0.1,9,5.84,4.14,1.70,anther,1.8,0,372,372,0.4,0.4,https://www.dropbox.com/scl/fi/qo3ge4hwrjy9s32l3gg4s/SICO.JPG?rlkey=1ymkpufw78rahx68mvurbgon4&dl=0,NA
Leipzig,Silene coronaria,60,310,Flower,6,3,21.84,15.90,15.90,2.01,white-pink,Actinomorphic,tubular,Upward,10/06/2023,15/07/2023,29/06/2023,05/07/2023,to_calculate,NA,1,12.45,7.47,4.89,0.1,9,11.75,10.35,1.4,none,0,1,NA,NA,NA,NA,NA,NA
Leipzig,Silene coronaria,60,450,Flower,24,5,27.54,17.30,17.30,0.7,white-pink,Actinomorphic,tubular,Upward,10/06/2023,15/07/2023,29/06/2023,05/07/2023,to_calculate,NA,1,5.69,3.61,2.98,0.1,9,10.89,9.05,1.84,anther,0.7,0,NA,NA,NA,NA,NA,NA
Jena,Genista tinctoria,61,700,Flower,300,15,10.38,12.82,3.97,0.5,yellow,Zygomorphic,tubular,Upward,10/06/2023,14/07/2023,30/06/2023,02/07/2023,to_calculate,NA,1,11.83,2.8,8.14,0.5,10,3,2,1,stigma,2.05,0,18,18,0.4,0.2,https://www.dropbox.com/scl/fi/ggt42psj1v5k8ar2zrw3b/GETI.JPG?rlkey=ai39ef7hzvokmfvlhai3ubjhz&dl=0,NA
Jena,Genista tinctoria,61,NA,Flower,NA,NA,NA,NA,NA,NA,yellow,Zygomorphic,tubular,Upward,10/06/2023,14/07/2023,30/06/2023,02/07/2023,to_calculate,NA,NA,NA,NA,NA,NA,NA,NA,NA,NA,NA,NA,NA,NA,NA,NA,NA,NA,NA
Jena,Genista tinctoria,61,NA,Flower,NA,NA,NA,NA,NA,NA,yellow,Zygomorphic,tubular,Upward,10/06/2023,14/07/2023,30/06/2023,02/07/2023,to_calculate,NA,NA,NA,NA,NA,NA,NA,NA,NA,NA,NA,NA,NA,NA,NA,NA,NA,NA,NA
Halle,Fuchsia magellanica,62,1500,Flower,7500,10,46.58,31.31,31.31,4.6,pink,Actinomorphic,tubular,Downward,NA,NA,02/07/2023,07/07/2023,to_calculate,NA,1,54.1,45.38,8.4,2.85,8,30.75,27.27,3.78,stigma,3.4,0,111,111,0.4,0.3,https://www.dropbox.com/scl/fi/3ne8dbylnrvva9shcasjn/FUMA.JPG?rlkey=e37zgnxwnekzkocddle01k7ut&dl=0,NA
Jena,Fuchsia magellanica,62,680,Flower,267,4,30.32,35.15,29.45,4.27,pink,Actinomorphic,tubular,Downward,NA,NA,02/07/2023,07/07/2023,to_calculate,NA,1,61.35,49.04,10.87,3.06,8,18.05,15.56,2.49,stigma,NA,NA,NA,NA,0.5,0.3,NA,NA
Halle,Fuchsia magellanica,62,NA,Flower,NA,NA,NA,NA,NA,NA,pink,Actinomorphic,tubular,Downward,NA,NA,02/07/2023,07/07/2023,to_calculate,NA,NA,NA,NA,NA,NA,NA,NA,NA,NA,stigma,NA,NA,NA,NA,NA,NA,NA,NA
Halle,Hemerocallis fulva,63,1000,Flower,17,9,87.55,83.53,24.84,3.1,orange,Zygomorphic,tubular,Horizontal-Upward,14/06/2023,20/07/2023,02/07/2023,03/07/2023,to_calculate,NA,1,93.99,84.42,5.61,0.6,6,49.96,44.9,5.06,stigma,19.92,14.05,13,13,0.7,0.5,https://www.dropbox.com/scl/fi/a4t1t0jrp36dxwea5h1zw/HEFU.JPG?rlkey=ejvg5esc2cw585zru35sxj2np&dl=0,NA
Halle,Hemerocallis fulva,63,1100,Flower,14,7,95.35,71.05,23.92,3.3,orange,Zygomorphic,tubular,Horizontal-Upward,14/06/2023,20/07/2023,02/07/2023,03/07/2023,to_calculate,NA,1,91.29,85.28,5.27,0.63,6,51.43,46.02,5.41,stigma,20.84,4.89,NA,NA,0.9,0.6,NA,NA
Halle,Hemerocallis fulva,63,NA,Flower,NA,NA,NA,NA,NA,NA,NA,Zygomorphic,tubular,Horizontal-Upward,14/06/2023,20/07/2023,02/07/2023,03/07/2023,to_calculate,NA,1,NA,NA,NA,NA,NA,NA,NA,NA,NA,NA,NA,NA,NA,NA,NA,NA,NA
Halle,Dianthus carthusianorum,64,630,Flower,256,16,15.08,17.55,17.55,2.54,pink,Actinomorphic,tubular,Upward,31/05/2023,NA,02/07/2023,06/07/2023,to_calculate,NA,1,20.84,14.69,4.87,1.2,10,16.88,15.32,1.56,stigma,1.68,1.62,55,55,0.5,0.3,https://www.dropbox.com/scl/fi/184u1drpw87ywxn04ou4q/DICA.JPG?rlkey=4uqt0a260j3oukhesvp6t4wcg&dl=0,NA
Halle,Dianthus carthusianorum,64,NA,Flower,NA,NA,NA,NA,NA,NA,pink,Actinomorphic,tubular,Upward,31/05/2023,NA,02/07/2023,06/07/2023,to_calculate,NA,NA,NA,NA,NA,NA,NA,NA,NA,NA,NA,NA,NA,40,40,0.4,0.3,NA,NA
Halle,Dianthus carthusianorum,64,NA,Flower,NA,NA,NA,NA,NA,NA,pink,Actinomorphic,tubular,Upward,31/05/2023,NA,02/07/2023,06/07/2023,to_calculate,NA,NA,NA,NA,NA,NA,NA,NA,NA,NA,NA,NA,NA,NA,NA,NA,NA,NA,NA
Leipzig,Anthericum ramosum,65,590,Flower,660,48,21.76,5.54,0,21.76,white,Actinomorphic,dish,Horizontal-Downward,01/08/2023,NA,11/07/2023,12/07/2023,to_calculate,NA,1,15.07,10.9,3.25,0.5,6,7.2,5.76,1.44,stigma,3.8,0.5,15,15,0.4,0.2,https://www.dropbox.com/scl/fi/0m118o1yas2cajnxkq348/ANRA.JPG?rlkey=s31p119g7osjjzcmbalok5ovj&dl=0,NA
Leipzig,Anthericum ramosum,65,390,Flower,95,19,17.35,5.62,0,17.35,white,Actinomorphic,dish,Horizontal-Downward,01/08/2023,NA,11/07/2023,12/07/2023,to_calculate,NA,1,11.27,8.85,3.3,0.5,6,8.14,6.41,1.73,stigma,2.62,0,13,13,0.4,0.2,NA,NA
Leipzig,Anthericum ramosum,65,600,Flower,288,17,22.40,5.47,0,22.40,white,Actinomorphic,dish,Horizontal-Downward,01/08/2023,NA,11/07/2023,12/07/2023,to_calculate,NA,1,13.86,10.79,2.04,0.6,6,10,8.83,1.17,stigma,2.66,2,15,15,0.4,0.2,NA,NA
Halle,Saponaria officinalis,66,530,Flower,250,27,26.44,26.86,26.86,1.46,pink,Actinomorphic,tubular,Horizontal,Check!,NA,02/07/2023,06/07/2023,to_calculate,NA,1,20.68,11.64,9.63,0.3,10,28.50,26.71,1.79,anther,2.75,0.5,64,64,0.5,0.4,https://www.dropbox.com/scl/fi/vdsf3z7eky0hthg5wihkz/SAOF_1.JPG?rlkey=ru83xradk8n6fjjbilrxkz9je&dl=0,NA
Halle,Saponaria officinalis,66,NA,Flower,NA,NA,NA,NA,NA,NA,pink,Actinomorphic,tubular,Horizontal,Check!,NA,02/07/2023,07/07/2023,to_calculate,NA,NA,NA,NA,NA,NA,NA,NA,NA,NA,NA,NA,NA,52,52,NA,NA,NA,NA
Halle,Saponaria officinalis,66,NA,Flower,NA,NA,NA,NA,NA,NA,pink,Actinomorphic,tubular,Horizontal,Check!,NA,02/07/2023,06/07/2023,to_calculate,NA,NA,NA,NA,NA,NA,NA,NA,NA,NA,NA,NA,NA,NA,NA,NA,NA,NA,NA
Jena,Coronilla varia,67,560,Flower,5760,15,11.31,11.31,1.6,0.8,pink,Zygomorphic,papilionaceus,Horizontal,14/06/2023,NA,18/07/2023,23/07/2023,to_calculate,NA,1,11.6,5.93,8.68,0.2,10,9.35,9.05,0.2,stigma,0.6,0.1,26,26,0.2,0.1,,
Jena,Coronilla varia,67,NA,Flower,NA,NA,NA,NA,NA,NA,pink,Zygomorphic,papilionaceus,Horizontal,14/06/2023,NA,18/07/2023,23/07/2023,to_calculate,NA,NA,NA,NA,NA,NA,NA,NA,NA,NA,NA,NA,NA,NA,NA,NA,NA,NA,NA
Jena,Coronilla varia,67,NA,Flower,NA,NA,NA,NA,NA,NA,pink,Zygomorphic,papilionaceus,Horizontal,14/06/2023,NA,18/07/2023,24/07/2023,to_calculate,NA,NA,NA,NA,NA,NA,NA,NA,NA,NA,NA,NA,NA,NA,NA,NA,NA,NA,NA
Halle,Clematis integrifolia,68,730,Flower,400,10,31.69,22.53,0,31.69,purple,Actinomorphic,bowl,Downward,14/05/2023,NA,12/08/2023,21/08/2023,to_calculate,NA,48,10.71,6.34,1.9,0.2,43,12.64,8.76,3.88,none,0,0,33,33,0.42,0.4,https://www.dropbox.com/scl/fi/j839fcy485lic3f4tep9w/CLIN.JPG?rlkey=wzbwwfwoittbv5nybp4fxprwb&dl=0,NA
Halle,Clematis integrifolia,68,NA,Flower,NA,NA,NA,NA,NA,NA,purple,Actinomorphic,bowl,Downward,14/05/2023,NA,12/08/2023,20/08/2023,to_calculate,NA,NA,NA,NA,NA,NA,NA,NA,NA,NA,NA,NA,NA,NA,NA,NA,NA,NA,NA
Halle,Clematis integrifolia,68,NA,Flower,NA,NA,NA,NA,NA,NA,purple,Actinomorphic,bowl,Downward,14/05/2023,NA,12/08/2023,20/08/2023,to_calculate,NA,NA,NA,NA,NA,NA,NA,NA,NA,NA,NA,NA,NA,NA,NA,NA,NA,NA,NA
Leipzig,Lavandula angustifolia,69,860,Flower,6912,27,7.5,11.65,8.84,1.39,purple,Zygomorphic,tubular,Horizontal-Upward,21/06/2023,NA,06/07/2023,09/07/2023,to_calculate,NA,1,8.2,5.83,1.55,0.99,5,1.89,1.29,0.6,anther,0.4,0,4,4,0.45,0.32,https://www.dropbox.com/scl/fi/ndscefviyaa97ywyt6u9k/LAAN.JPG?rlkey=m6nq91b32jo3wk0dhqeu02m42&dl=0,NA
Leipzig,Lavandula angustifolia,69,NA,Flower,NA,NA,NA,NA,NA,NA,purple,Zygomorphic,tubular,Horizontal-Upward,21/06/2023,NA,06/07/2023,09/07/2023,to_calculate,NA,1,NA,NA,NA,NA,NA,NA,NA,NA,NA,NA,NA,4,4,NA,NA,NA,NA
Leipzig,Lavandula angustifolia,69,NA,Flower,NA,NA,NA,NA,NA,NA,purple,Zygomorphic,tubular,Horizontal-Upward,21/06/2023,NA,06/07/2023,09/07/2023,to_calculate,NA,1,NA,NA,NA,NA,NA,NA,NA,NA,NA,NA,NA,4,4,NA,NA,NA,NA
Leipzig,Anemone hupehensis ,70,1200,Flower,161,5,53.8,12.95,0,53.8,pink,Actinomorphic,dish,Horizontal-Upward,28/06/2023,NA,06/07/2023,11/07/2023,to_calculate,NA,390,1,0,0.9,0.1,300,4.4,2.46,1.94,none,0,0.8,390,390,0.2,0.05,https://www.dropbox.com/scl/fi/x6iiby1mmiyc94dmmmgzm/ANHU.JPG?rlkey=eqzibb42aslnrhesljtupbsve&dl=0,NA
Leipzig,Anemone hupehensis ,70,NA,Flower,NA,NA,NA,NA,NA,NA,pink,Actinomorphic,dish,Horizontal-Upward,28/06/2023,NA,06/07/2023,11/07/2023,to_calculate,NA,NA,NA,NA,NA,NA,NA,NA,NA,NA,NA,NA,NA,NA,NA,NA,NA,NA,NA
Leipzig,Anemone hupehensis ,70,NA,Flower,NA,NA,NA,NA,NA,NA,pink,Actinomorphic,dish,Horizontal-Upward,28/06/2023,NA,06/07/2023,11/07/2023,to_calculate,NA,NA,NA,NA, NA,NA,NA,NA,NA,NA,NA,NA,NA,NA,NA,NA,NA,NA,NA
Jena,Galega officinalis,71,730,Flower,1020,6,8.58,10.87,3.49,1.2,white,Zygomorphic,papilionaceus,Horizontal,17/06/2023,NA,19/07/2023,23/07/2023,to_calculate,NA,1,9.08,2.73,6.35,0.2,6,9.08,8.88,0.2,none,0,1.4,7,7,0.4,0.2,https://www.dropbox.com/scl/fi/zyizwgj81sdx8bez38euq/GAOF.JPG?rlkey=9zzgx8c7teimszzt2zqekknc7&dl=0,NA
Jena,Galega officinalis,71,NA,Flower,NA,NA,NA,NA,NA,NA,white,Zygomorphic,papilionaceus,Horizontal,17/06/2023,NA,20/07/2023,24/07/2023,to_calculate,NA,NA,NA,NA,NA,NA,NA,NA,NA,NA,NA,NA,NA,4,4,0.5,0.3,NA,NA
Jena,Galega officinalis,71,NA,Flower,NA,NA,NA,NA,NA,NA,white,Zygomorphic,papilionaceus,Horizontal,17/06/2023,NA,20/07/2023,24/07/2023,to_calculate,NA,NA,NA,NA,NA,NA,NA,NA,NA,NA,NA,NA,NA,NA,NA,0.5,0.3,NA,NA
Halle,Platycodon grandiflorus,72,940,Flower,300,7,65.99,46.03,0,65.99,white-blue,Actinomorphic,bowl,Horizontal,26/06/2023,NA,9/08/2023,13/08/2023,to_calculate,NA,1,22.03,12.11,7.64,2.15,5,14.66,7.51,7.72,stigma,2.80,0,300,300,0.5,0.3,https://www.dropbox.com/scl/fi/cch3lihabta0ni156h2di/PLGR.JPG?rlkey=h5blwcy52p9c7nvmu7bjbabjl&dl=0,NA
Halle,Platycodon grandiflorus,72,NA,Flower,NA,NA,NA,NA,NA,NA,white-blue,Actinomorphic,bowl,Horizontal,26/06/2023,NA,9/08/2023,14/08/2023,to_calculate,NA,NA,NA,NA,NA,NA,NA,NA,NA,NA,NA,NA,NA,NA,NA,NA,NA,NA,NA
Halle,Platycodon grandiflorus,72,NA,Flower,NA,NA,NA,NA,NA,NA,white-blue,Actinomorphic,bowl,Horizontal,26/06/2023,NA,NA,NA,to_calculate,NA,NA,NA,N A,NA,NA,NA,NA,NA,NA,NA,NA,NA,NA,NA,NA,NA,NA,NA
Jena,Betonica officinalis,73,860,Flower,510,85,9.71,17.09,10.7,2.14,purple,Zygomorphic,tubular,Horizontal,08/07/2023,NA,21/07/2023,28/07/2023,to_calculate,NA,1,15.19,13.79,0.6,0.83,4,4.84,3.94,0.9,stigma,0.6,1,4,4,0.5,0.4,https://www.dropbox.com/scl/fi/ma4o2mmud7orm4bp94ckn/BEOF.JPG?rlkey=wd303ty2kcbt9u95kab2pu2ys&dl=0,NA
Jena,Betonica officinalis,73,NA,Flower,NA,NA,NA,NA,NA,NA,NA,Zygomorphic,tubular,Horizontal,08/07/2023,NA,21/07/2023,28/07/2023,to_calculate,NA,1,NA,NA,NA,NA,NA,NA,NA,NA,NA,NA,NA,4,4,0.5,0.5,NA,NA
Jena,Betonica officinalis,73,NA,Flower,NA,NA,NA,NA,NA,NA,NA,Zygomorphic,tubular,Horizontal,08/07/2023,NA,21/07/2023,28/07/2023,to_calculate,NA,1,NA,NA,NA,NA,NA,NA,NA,NA,NA,NA,NA,4,4,NA,NA,NA,NA
Jena,Origanum vulgare,74,560,Flower,1000,75,6.42,6.02,5.5,0.83,white-pink,Zygomorphic,tubular,Horizontal-Upward,28/06/2023,NA,20/07/2023,24/07/2023,to_calculate,NA,1,9.56,7.5,0.2,0.2,4,4,3.4,0.6,none,0,1.49,4,4,0.2,0.1,https://www.dropbox.com/scl/fi/rjeg4cwjn7oozmmtcdvdb/ORVU.JPG?rlkey=s5a2gwra6l7viyqrhvvghtxq1&dl=0,NA
Jena,Origanum vulgare,74,NA,Flower,NA,NA,NA,NA,NA,NA,NA,Zygomorphic,tubular,Horizontal-Upward,28/06/2023,NA,20/07/2023,24/07/2023,to_calculate,NA,1,NA,NA,NA,NA,NA,NA,NA,NA,NA,NA,NA,4,4,NA,NA,NA,NA
Jena,Origanum vulgare,74,NA,Flower,NA,NA,NA,NA,NA,NA,NA,Zygomorphic,tubular,Horizontal-Upward,28/06/2023,NA,20/07/2023,24/07/2023,to_calculate,NA,1,NA,NA,NA,NA,NA,NA,NA,NA,NA,NA,NA,4,4,NA,NA,NA,NA
Jena,Achillea millefolium,75,660,Capitulum,200,100,4.99,4.75,3,0.5,white,Actinomorphic,tubular,Upward,NA,NA,18/07/2023,13/08/2023,to_calculate,NA,25,4.2,3.5,0.5,0.2,5,1.4,0.3,1.1,none,0,0,1,25,0.9,0.4,https://www.dropbox.com/scl/fi/vevgff8ngibr4rs5pqpvx/ACMI.JPG?rlkey=7k6z509hlvpktxpolau5lo6vk&dl=0,NA
Jena,Achillea millefolium,75,NA,Capitulum,NA,NA,NA,NA,NA,NA,NA,Actinomorphic,tubular,Upward,NA,NA,18/07/2023,13/08/2023,to_calculate,NA,NA,NA,NA,NA,NA,NA,NA,NA,NA,NA,NA,NA,NA,NA,0.6,0.3,NA,NA
Jena,Achillea millefolium,75,NA,Capitulum,NA,NA,NA,NA,NA,NA,NA,Actinomorphic,tubular,Upward,NA,NA,18/07/2023,16/08/2023,to_calculate,NA,NA,NA,NA,NA,NA,NA,NA,NA,NA,NA,NA,NA,NA,NA,NA,NA,NA,NA
Halle,Tanacetum vulgare,76,1000,Capitulum,500,35,9.5,7,3,1.2,yellow,Actinomorphic,capitulum,Upward,NA,NA,,,to_calculate,NA,279,6,3.5,2.5,1.5,5,2,0.5,1.5,none,0,0,1,279,1.2,0.6,https://www.dropbox.com/scl/fi/die2yarlpu54rhj9na61w/TAVU.JPG?rlkey=3h1ycuqh3fo8d9tvfc20ei20y&dl=0,NA
Halle,Tanacetum vulgare,76,NA,Capitulum,NA,NA,NA,NA,NA,NA,yellow,Actinomorphic,capitulum,Upward,NA,NA,,,to_calculate,NA,NA,NA,NA,NA,NA,NA,NA,NA,NA,NA,NA,NA,NA,NA,NA,NA,NA,NA
Halle,Tanacetum vulgare,76,NA,Capitulum,NA,NA,NA,NA,NA,NA,yellow,Actinomorphic,capitulum,Upward,NA,NA,,,to_calculate,NA,NA,NA,NA,NA,NA,NA,NA,NA,NA,NA,NA,NA,NA,NA,NA,NA,NA,NA
Halle,Leucanthemum vulgare,77,900,Capitulum,140,1,40,7,2.5,0.7,white and yellow,Actinomorphic,capitulum,Upward,NA,NA,,,to_calculate,NA,260,3,1.7,1.2,0.1,5,2,1,1,anther,0.3,0,1,260,0.5,0.3,https://www.dropbox.com/scl/fi/xyzsbaqgfnsqovcx475oe/LEVU.JPG?rlkey=wls48xsg9m38mgsxa1hps75mh&dl=0,NA
Halle,Leucanthemum vulgare,77,NA,Capitulum,NA,NA,NA,NA,NA,NA,white and yellow,Actinomorphic,capitulum,Upward,NA,NA,,,to_calculate,NA,NA,NA,NA,NA,NA,NA,NA,NA,NA,NA,NA,NA,NA,NA,NA,NA,NA,NA
Halle,Leucanthemum vulgare,77,NA,Capitulum,NA,NA,NA,NA,NA,NA,white and yellow,Actinomorphic,capitulum,Upward,NA,NA,,,to_calculate,NA,NA,NA,NA,NA,NA,NA,NA,NA,NA,NA,NA,NA,NA,NA,NA,NA,NA,NA
Leipzig,Scabiosa ochroleuca,78,840,Capitulum,126,28,28.90,10.67,10.51,1.59,white yellowish,Actinomorphic,capitulum,Upward,NA,NA,09/09/2023,,to_calculate,NA,27,6.39,4.72,0.76,0.91,4,10.68,8.63,2.05,anther,4.28,0.48,1,27,0.9,0.5,https://www.dropbox.com/scl/fi/le4536mstlc6g4ghdc21c/SCOC.JPG?rlkey=h4icrxhmoradickjlyi8zg80d&dl=0,NA
Leipzig,Scabiosa ochroleuca,78,750,Capitulum,145,38,24.58,13.13,13.25,3.16,white yellowish,Actinomorphic,capitulum,Upward,NA,NA,09/09/2023,,to_calculate,NA,NA,5.98,4.63,0.7,0.65,4,12.03,10.08,1.95,anther,5.64,0.74,NA,NA,NA,NA,NA,NA
Leipzig,Scabiosa ochroleuca,78,830,Capitulum,109,36,17.24,13.25,7.88,0.78,white yellowish,Actinomorphic,capitulum,Upward,NA,NA,09/09/2023,,to_calculate,NA,NA,NA,NA,NA,NA,4,12.08,10.24,1.84,anther,NA,NA,NA,NA,NA,NA,NA,NA