Botanical_garden,Plant,Week,Total_floral_abundance,Total_sampling_time
Halle,Achillea filipendulina,32,9450,3
Halle,Achillea millefolium,26,2000,15
Halle,Achillea millefolium,27,1000,15
Halle,Achillea millefolium,28,7750,15
Halle,Achillea millefolium,29,15000,15
Halle,Achillea millefolium,31,20000,15
Halle,Aconitum lycoctonum,21,45,15
Halle,Aconitum lycoctonum,24,700,3
Halle,Aconitum lycoctonum,25,500,3
Halle,Aconitum lycoctonum,26,40,15
Halle,Aegonychon purpurocaeruleum,18,500,3
Halle,Aegonychon purpurocaeruleum,19,2000,3
Halle,Allium cernuum,25,2500,3
Halle,Allium cernuum,26,3500,3
Halle,Allium tuberosum,33,17000,3
Halle,Allium tuberosum,34,900,3
Halle,Allium turkestanicum,33,1125,3
Halle,Allium ursinum,18,300,3
Halle,Alyssum saxatile,18,33600,3
Halle,Anthriscus sylvestris,19,100000,3
Halle,Arabis alpina,15,2000,3
Halle,Asclepias syriaca,26,300,3
Halle,Asparagus oligoclonos,24,1000,3
Halle,Astragalus alopecurus,24,200,3
Halle,Aubrieta deltoidea,18,2050,3
Halle,Aubrieta deltoidea,19,300,3
Halle,Aubrieta olympica,17,1300,3
Halle,Aubrieta parviflora,17,3000,6
Halle,Aubrieta pinardii,21,100,3
Halle,Ballota nigra,25,3000,6
Halle,Baptisia australis,22,50,3
Halle,Baptisia australis,23,300,3
Halle,Barbarea vulgaris,18,1000,3
Halle,Bellis perennis,15,1800,3
Halle,Betonica officinalis,25,1000,3
Halle,Bupleurum aureum,23,1000,3
Halle,Campanula poscharskyana,23,500,3
Halle,Centaurea cyanus,29,100,3
Halle,Centranthus ruber,23,900,15
Halle,Centranthus ruber,24,1000,15
Halle,Centranthus ruber,25,2250,15
Halle,Centranthus ruber,28,550,15
Halle,Centranthus ruber,29,864,15
Halle,Centranthus ruber,31,3330,15
Halle,Centranthus ruber,32,3526,15
Halle,Centranthus ruber,33,1650,15
Halle,Centranthus ruber,34,2850,15
Halle,Cephalaria uralensis,32,25,3
Halle,Cephalaria uralensis,33,80,3
Halle,Cerinthe minor,22,800,3
Halle,Cerinthe minor,23,300,3
Halle,Chelidonium majus,19,400,18
Halle,Chelidonium majus,20,150,15
Halle,Chelidonium majus,21,50,15
Halle,Chrysojasminum fruticans,21,1500,3
Halle,Cistus salviifolius,24,350,3
Halle,Clematis integrifolia,27,120,15
Halle,Clematis integrifolia,28,78,15
Halle,Clematis integrifolia,29,160,15
Halle,Clematis integrifolia,31,80,15
Halle,Clematis integrifolia,32,60,15
Halle,Clematis integrifolia,33,40,15
Halle,Clematis integrifolia,34,21,15
Halle,Clematis recta,27,700,15
Halle,Clematis recta,28,300,15
Halle,Clematis recta,29,1680,15
Halle,Clematis recta,31,600,15
Halle,Clematis recta,32,400,15
Halle,Clematis recta,33,120,15
Halle,Clematis recta,34,21,15
Halle,Clinopodium nepeta,32,2400,3
Halle,Clinopodium nepeta,34,150,3
Halle,Corydalis cava,13,200,30
Halle,Corydalis cava,14,255,1
Halle,Corydalis cava,15,1800,3
Halle,Cosmos sulphureus,33,225,3
Halle,Cosmos sulphureus,34,200,3
Halle,Cotoneaster adpressus,18,10000,3
Halle,Crambe maritima,20,10000,3
Halle,Cylindropuntia imbricata,26,280,3
Halle,Daucus carota,28,19,3
Halle,Delosperma cooperi,26,280,3
Halle,Delphinium elatum,23,120,3
Halle,Dianthus carthusianorum,27,250,15
Halle,Dianthus carthusianorum,28,200,16
Halle,Dianthus carthusianorum,29,120,15
Halle,Dianthus carthusianorum,31,50,15
Halle,Dianthus carthusianorum,32,27,15
Halle,Dianthus carthusianorum,33,23,15
Halle,Dictamnus albus,22,240,15
Halle,Dictamnus albus,23,250,15
Halle,Digitalis purpurea,23,200,3
Halle,Drymocallis rupestris,20,400,3
Halle,Drymocallis rupestris,21,1200,3
Halle,Erodium cicutarium,18,500,3
Halle,Eryngium caeruleum,31,1200,3
Halle,Eryngium maritimum,32,140,3
Halle,Eryngium planum,27,250,3
Halle,Erysimum pulchellum,20,5000,3
Halle,Eschscholzia californica,27,40,3
Halle,Ferula assa-foetida,32,7840,3
Halle,Foeniculum vulgare,33,26000,3
Halle,Fragaria vesca,16,100,15
Halle,Fragaria vesca,17,45,15
Halle,Fragaria vesca,19,30,15
Halle,Fragaria vesca,20,22,30
Halle,Fuchsia magellanica,27,150,15
Halle,Fuchsia magellanica,28,200,15
Halle,Fuchsia magellanica,29,420,15
Halle,Fuchsia magellanica,31,170,15
Halle,Fuchsia magellanica,32,150,15
Halle,Fuchsia magellanica,34,70,15
Halle,Galega officinalis,25,2400,6
Halle,Galega officinalis,27,2000,3
Halle,Genista hispanica,19,100000,3
Halle,Genista hispanica,20,8000,3
Halle,Genista radiata,23,100000,3
Halle,Geum rivale,17,33,15
Halle,Geum rivale,19,120,15
Halle,Geum rivale,20,100,15
Halle,Geum ternatum,16,650,6
Halle,Globularia trichosantha,22,100,3
Halle,Gratiola officinalis,23,400,15
Halle,Gratiola officinalis,24,100,15
Halle,Gypsophila paniculata,26,200000,3
Halle,Helianthemum apenninum,23,200,3
Halle,Helianthemum nummularium,24,250,15
Halle,Helianthemum nummularium,25,150,15
Halle,Helianthemum nummularium,31,20,15
Halle,Helianthemum nummularium,33,30,15
Halle,Hemerocallis fulva,27,30,15
Halle,Heuchera grossulariifolia,22,12000,3
Halle,Hippocrepis emerus,17,10000,3
Halle,Hippocrepis emerus,20,3000,3
Halle,Hippomarathrum vulgare,34,12000,3
Halle,Hypericum olympicum,24,200,18
Halle,Hypericum olympicum,25,300,15
Halle,Hypericum olympicum,26,250,15
Halle,Hypericum perforatum,26,100,15
Halle,Hypericum perforatum,27,30,15
Halle,Hypericum perforatum,28,6,15
Halle,Hypochaeris radicata,24,50,3
Halle,Iberis sempervirens,14,3000,15
Halle,Iberis sempervirens,15,8000,15
Halle,Iberis sempervirens,16,20000,15
Halle,Iberis sempervirens,17,45000,15
Halle,Iberis sempervirens,18,45000,15
Halle,Iberis sempervirens,19,50000,15
Halle,Impatiens glandulifera,31,115,3
Halle,Inula helenium,28,22,3
Halle,Ipheion uniflorum,14,100,1
Halle,Knautia dipsacifolia,25,300,3
Halle,Knautia dipsacifolia,26,500,3
Halle,Lamium album,17,150,15
Halle,Lamium album,18,825,15
Halle,Lamium album,19,600,15
Halle,Lamium album,20,300,15
Halle,Lamium album,21,100,15
Halle,Lamium album,23,25,15
Halle,Lamium orvala,19,3000,3
Halle,Lamium purpureum,17,40,3
Halle,Lathyrus vernus,14,75,15
Halle,Lathyrus vernus,15,8000,15
Halle,Lathyrus vernus,16,225,15
Halle,Lathyrus vernus,17,100,15
Halle,Lathyrus vernus,18,200,15
Halle,Lathyrus vernus,19,30,15
Halle,Lathyrus vernus,20,400,18
Halle,Lathyrus vernus,21,200,15
Halle,Lathyrus vernus,22,50,15
Halle,Lavandula angustifolia,25,12500,15
Halle,Lavandula angustifolia,26,30000,15
Halle,Lavandula angustifolia,27,20000,15
Halle,Lavandula angustifolia,28,2000,15
Halle,Lavandula angustifolia,29,100,15
Halle,Leucanthemum vulgare,24,400,15
Halle,Liatris pycnostachya,28,100,3
Halle,Limnanthes douglasii,22,1500,3
Halle,Limonium gmelini,31,875,3
Halle,Limonium sinuatum,27,1850,3
Halle,Lotus corniculatus,23,300,15
Halle,Lotus corniculatus,25,100,15
Halle,Lotus corniculatus,26,175,15
Halle,Lotus corniculatus,27,100,15
Halle,Lotus corniculatus,28,72,15
Halle,Lotus corniculatus,33,29,15
Halle,Lythrum salicaria,28,552,3
Halle,Lythrum salicaria,29,1540,3
Halle,Lythrum salicaria,31,800,3
Halle,Lythrum salicaria,32,1470,3
Halle,Lythrum salicaria,33,750,3
Halle,Lythrum salicaria,34,600,3
Halle,Magnolia stellata,14,600,2
Halle,Malcolmia maritima,16,950,3
Halle,Malva thuringiaca,26,120,3
Halle,Malva thuringiaca,28,60,3
Halle,Malva thuringiaca,31,120,3
Halle,Marrubium peregrinum,28,5000,3
Halle,Marrubium peregrinum,29,2000,3
Halle,Marrubium peregrinum,32,3800,3
Halle,Melilotus albus,27,10000,3
Halle,Melilotus albus,33,23520,3
Halle,Monarda citriodora,29,1200,3
Halle,Moricandia arvensis,34,80,3
Halle,Muscari armeniacum,14,300,3
Halle,Muscari armeniacum,15,200,6
Halle,Muscari botryoides,13,200,30
Halle,Muscari comosum,20,2000,3
Halle,Narcissus pseudonarcissus,14,33,15
Halle,Nepeta clarkei,18,12960,3
Halle,Nepeta clarkei,19,10000,3
Halle,Oenothera odorata,24,20,3
Halle,Origanum vulgare,28,3100,15
Halle,Origanum vulgare,29,500,15
Halle,Origanum vulgare,31,150,15
Halle,Ornithogalum nutans,15,860,6
Halle,Ornithogalum nutans,16,1130,6
Halle,Oxalis acetosella,16,150,15
Halle,Paeonia daurica,19,14,3
Halle,Paeonia officinalis,18,1,3
Halle,Penstemon hartwegii,25,840,3
Halle,Pentaglottis sempervirens,19,500,3
Halle,Pentaglottis sempervirens,21,1500,3
Halle,Phacelia congesta,24,600,3
Halle,Phedimus kamtschaticus,27,800,3
Halle,Phlomoides tuberosa,23,2900,3
Halle,Pieris japonica,14,200000,2
Halle,Pieris japonica,15,100000,3
Halle,Pieris japonica,16,100000,3
Halle,Platycodon grandiflorus,27,120,15
Halle,Platycodon grandiflorus,28,300,15
Halle,Platycodon grandiflorus,29,160,15
Halle,Platycodon grandiflorus,31,26,15
Halle,Platycodon grandiflorus,32,18,15
Halle,Polygonum bistorta,18,65,15
Halle,Potentilla delphinensis,22,50,3
Halle,Potentilla montana,17,150,3
Halle,Potentilla sterilis,14,60,2
Halle,Primula denticulata,18,5,15
Halle,Primula veris,15,200,15
Halle,Primula veris,16,200,15
Halle,Primula veris,17,172,15
Halle,Primula vulgaris,14,100,5
Halle,Primula vulgaris,15,1000,6
Halle,Prunella grandiflora,24,400,3
Halle,Prunus tenella,16,400,3
Halle,Pulmonaria mollis,13,400,60
Halle,Pulmonaria mollis,14,400,2
Halle,Pulmonaria mollis,15,300,6
Halle,Pulmonaria mollis,17,86,3
Halle,Puschkinia scilloides,13,500,15
Halle,Puschkinia scilloides,14,300,15
Halle,Ranunculus bulbosus,18,500,3
Halle,Ranunculus bulbosus,19,500,3
Halle,Ranunculus bulbosus,20,300,3
Halle,Ranunculus caucasicus,22,150,3
Halle,Ranunculus ficaria,15,100,3
Halle,Ranunculus lanuginosus,17,36,3
Halle,Reseda alba,34,272,3
Halle,Reseda lutea,22,180,3
Halle,Reseda odorata,34,3000,3
Halle,Rhododendron smirnowii,20,8000,3
Halle,Rosa foetida,21,500,3
Halle,Rudbeckia laciniata,29,120,3
Halle,Salvia officinalis,22,7200,15
Halle,Salvia officinalis,23,10000,15
Halle,Salvia officinalis,24,100,15
Halle,Salvia officinalis,26,40,15
Halle,Salvia sclarea,25,600,3
Halle,Salvia sclarea,26,910,3
Halle,Saponaria officinalis,28,120,15
Halle,Saponaria officinalis,31,30,15
Halle,Saponaria officinalis,33,180,15
Halle,Satureja montana,31,1000,3
Halle,Satureja montana,33,10000,3
Halle,Satureja montana,34,4500,3
Halle,Scopolia carniolica,15,80,15
Halle,Scutellaria baicalensis,31,200,3
Halle,Seseli gummiferum,29,1,3
Halle,Silene chungtienensis,21,50,3
Halle,Sisymbrium officinale,21,10000,3
Halle,Solanum dulcamara,23,200,15
Halle,Solanum dulcamara,24,20,15
Halle,Solanum dulcamara,25,15,15
Halle,Solanum dulcamara,26,7,15
Halle,Solanum dulcamara,33,8,15
Halle,Stachys byzantina,25,250,3
Halle,Succisella inflexa,33,100,3
Halle,Symphytum officinale,22,400,3
Halle,Syringa tomentella,21,300,3
Halle,Tagetes,31,400,3
Halle,Tagetes erecta,34,200,3
Halle,Tanacetum vulgare,28,4230,15
Halle,Tanacetum vulgare,29,4200,15
Halle,Tanacetum vulgare,31,300,15
Halle,Tanacetum vulgare,32,100,15
Halle,Taraxacum officinale,15,180,6
Halle,Taraxacum officinale,16,230,12
Halle,Taraxacum officinale,17,80,6
Halle,Teucrium scorodonia,26,20000,3
Halle,Thalictrum flavum,25,1000,3
Halle,Thymus vulgaris,21,30000,6
Halle,Trifolium rubens,24,1000,3
Halle,Tulipa sylvestris,16,160,18
Halle,Valeriana phu,22,4000,3
Halle,Verbena rigida,23,40,3
Halle,Verbena rigida,26,1650,3
Halle,Vincetoxicum hirundinaria,28,75,15
Halle,Vincetoxicum hirundinaria,29,20,15
Halle,Vincetoxicum hirundinaria,31,28,15
Halle,Vincetoxicum hirundinaria,32,32,15
Halle,Vincetoxicum hirundinaria,33,252,15
Halle,Vincetoxicum hirundinaria,34,250,15
Halle,Viola odorata,13,250,45
Halle,Viola odorata,14,100,15
Halle,Viscaria vulgaris,16,40,15
Halle,Viscaria vulgaris,17,200,15
Halle,Viscaria vulgaris,18,380,15
Halle,Viscaria vulgaris,19,500,15
Halle,Wisteria sinensis,20,7000,3
Halle,Zinnia elegans,33,200,3
Halle,Zinnia elegans,34,150,3
Jena,Acantholimon ulicinum,27,675,3
Jena,Acantholimon ulicinum,29,105,3
Jena,Achillea filipendulina,27,8,3
Jena,Achillea filipendulina,28,10000,3
Jena,Achillea filipendulina,29,2000,3
Jena,Achillea millefolium,24,90,15
Jena,Achillea millefolium,26,1400,3
Jena,Achillea millefolium,27,1000,15
Jena,Achillea millefolium,28,2200,15
Jena,Achillea millefolium,29,1218,15
Jena,Achillea millefolium,31,400,15
Jena,Achillea millefolium,32,300,15
Jena,Agapanthus africanus,31,200,3
Jena,Alkanna orientalis,20,300,3
Jena,Alkanna orientalis,22,138,3
Jena,Alkanna orientalis,23,120,3
Jena,Allium cernuum,25,1600,3
Jena,Allium tuberosum,33,1058,3
Jena,Allium ursinum,19,1150,15
Jena,Allium ursinum,20,300,15
Jena,Anthyllis vulneraria,23,1400,3
Jena,Anthyllis vulneraria,24,1000,3
Jena,Anthyllis vulneraria,25,1300,3
Jena,Aquilegia vulgaris,23,30,15
Jena,Arabis alpina,15,500,3
Jena,Asphodelus albus,20,116,15
Jena,Asphodelus albus,22,500,3
Jena,Aubrieta pinardii,15,600,3
Jena,Aubrieta pinardii,17,350,15
Jena,Aubrieta pinardii,18,300,3
Jena,Aubrieta pinardii,19,175,3
Jena,Baptisia australis,23,561,3
Jena,Baptisia australis,24,420,3
Jena,Bellis perennis,19,1000,3
Jena,Bergenia ciliata,15,50,3
Jena,Bergenia purpurascens,15,21,15
Jena,Betonica alopecuros,33,424,3
Jena,Betonica officinalis,27,296,15
Jena,Betonica officinalis,28,750,15
Jena,Betonica officinalis,29,322,15
Jena,Borago officinalis,25,175,3
Jena,Brassica oleracea,21,460,3
Jena,Brunnera macrophylla,17,380,15
Jena,Brunnera macrophylla,18,200,15
Jena,Brunnera macrophylla,19,420,15
Jena,Brunnera macrophylla,21,150,15
Jena,Brunnera macrophylla,22,23,15
Jena,Buddleja davidii,32,120,3
Jena,Campanula,26,120,3
Jena,Campanula,29,22,3
Jena,Campanula alliariifolia,27,300,3
Jena,Campanula alliariifolia,29,200,3
Jena,Campanula glomerata,23,280,6
Jena,Campanula lactiflora,26,130,3
Jena,Campanula lactiflora,27,344,3
Jena,Campanula persicifolia,24,63,3
Jena,Campanula pyramidalis,33,15,3
Jena,Campanula rapunculoides,25,34,3
Jena,Campanula rapunculoides,26,224,3
Jena,Campanula rotundifolia,23,73,30
Jena,Campanula rotundifolia,24,5,15
Jena,Cardamine pratensis,17,1200,15
Jena,Cardamine pratensis,18,800,3
Jena,Cardamine pratensis,19,15,3
Jena,Centaurea scabiosa,26,36,3
Jena,Centaurea stoebe,27,98,3
Jena,Centaurea subtilis,29,25,3
Jena,Cerastium arvense,20,225,3
Jena,Cerastium arvense,21,450,3
Jena,Chamaecytisus austriacus,26,120,3
Jena,Chamaecytisus hirsutus,27,220,3
Jena,Chelidonium majus,19,70,15
Jena,Chelidonium majus,20,68,15
Jena,Chelidonium majus,21,75,15
Jena,Cichorium intybus,31,40,3
Jena,Clematis recta,25,1350,15
Jena,Coronilla orientalis,24,41,3
Jena,Coronilla varia,26,1728,3
Jena,Coronilla varia,27,294,15
Jena,Coronilla varia,28,175,15
Jena,Coronilla varia,29,8000,15
Jena,Coronilla varia,31,120,15
Jena,Corydalis cava,14,470,9
Jena,Corydalis cava,15,1500,3
Jena,Cytisophyllum sessilifolium,20,5000,3
Jena,Cytisophyllum sessilifolium,21,6000,6
Jena,Cytisophyllum sessilifolium,22,500,3
Jena,Dasiphora fruticosa,33,110,3
Jena,Daucus carota,32,1800,3
Jena,Desmodium canadense,29,130,3
Jena,Dianthus petraeus,23,125,3
Jena,Dictamnus albus,24,144,15
Jena,Digitalis grandiflora,25,540,3
Jena,Digitalis obscura,25,10,3
Jena,Dracocephalum rupestre,28,70,3
Jena,Erigeron annuus,27,600,3
Jena,Erigeron annuus,31,200,3
Jena,Eriocapitella hupehensis,28,90,15
Jena,Eriocapitella hupehensis,29,157,15
Jena,Eriocapitella hupehensis,31,250,18
Jena,Eriocapitella hupehensis,32,120,15
Jena,Eriocapitella hupehensis,33,6,15
Jena,Euphorbia nicaeensis,25,1840,6
Jena,Eutrochium maculatum,31,50,3
Jena,Fagopyrum esculentum,33,2250,3
Jena,Fuchsia magellanica,32,83,3
Jena,Fuchsia magellanica,33,73,15
Jena,Galega officinalis,26,2400,3
Jena,Galega officinalis,27,750,15
Jena,Galega officinalis,28,500,15
Jena,Galega officinalis,29,775,15
Jena,Galega officinalis,31,80,15
Jena,Galega officinalis,32,100,15
Jena,Genista germanica,18,2500,3
Jena,Genista germanica,19,2500,3
Jena,Genista tinctoria,26,1500,3
Jena,Genista tinctoria,27,960,15
Jena,Geranium,23,200,3
Jena,Geranium molle,19,75,3
Jena,Geranium sanguineum,20,35,15
Jena,Geranium sanguineum,21,44,15
Jena,Geranium sanguineum,22,62,15
Jena,Geranium sanguineum,23,74,15
Jena,Geranium sanguineum,24,39,15
Jena,Geranium sanguineum,25,16,15
Jena,Geum rivale,18,50,15
Jena,Geum rivale,19,100,15
Jena,Geum rivale,20,120,15
Jena,Globularia cordifolia,20,60,3
Jena,Helichrysum arenarium,29,860,3
Jena,Hepatica nobilis,14,100,20
Jena,Hepatica nobilis,15,200,15
Jena,Hepatica nobilis,18,6,15
Jena,Heracleum sphondylium,31,110,3
Jena,Heuchera villosa,33,1500,3
Jena,Hieracium,31,30,3
Jena,Hypericum fragile,23,42,3
Jena,Hypericum hookerianum,27,50,3
Jena,Hypericum hookerianum,28,23,3
Jena,Hypericum olympicum,24,40,15
Jena,Hypericum olympicum,25,32,15
Jena,Hypericum perforatum,26,90,3
Jena,Hypericum perforatum,27,58,15
Jena,Hypericum perforatum,28,60,15
Jena,Iberis sempervirens,15,300,3
Jena,Iberis sempervirens,17,7000,30
Jena,Iberis sempervirens,18,4500,15
Jena,Iberis sempervirens,19,8000,15
Jena,Iberis sempervirens,20,2800,15
Jena,Iberis sempervirens,21,2250,15
Jena,Inula salicina,26,39,3
Jena,Ipheion uniflorum,17,200,15
Jena,Iris germanica,22,110,3
Jena,Iris pseudacorus,15,40,3
Jena,Jacobaea erucifolia,29,315,3
Jena,Knautia arvensis,32,1800,3
Jena,Lactuca macrophylla,33,300,3
Jena,Lactuca plumieri,32,750,3
Jena,Lamium album,20,100,15
Jena,Lamium album,21,150,15
Jena,Lamium album,22,540,15
Jena,Lamium galeobdolon,18,500,3
Jena,Lamium galeobdolon,19,1500,3
Jena,Lamium orvala,17,35,15
Jena,Lathyrus aureus,20,1600,3
Jena,Lathyrus aureus,21,500,6
Jena,Lathyrus niger,22,2000,9
Jena,Lathyrus pratensis,28,150,3
Jena,Lathyrus vernus,14,100,3
Jena,Lathyrus vernus,17,1235,45
Jena,Lathyrus vernus,18,1000,18
Jena,Lathyrus vernus,19,75,15
Jena,Lavandula angustifolia,26,2300,3
Jena,Lavandula angustifolia,27,9000,15
Jena,Lavandula angustifolia,28,12600,15
Jena,Lavandula angustifolia,29,11550,15
Jena,Lavandula angustifolia,31,1600,15
Jena,Lavandula angustifolia,32,350,15
Jena,Lavandula angustifolia,33,250,15
Jena,Leucanthemum vulgare,24,20,15
Jena,Leucanthemum vulgare,25,350,15
Jena,Leucanthemum vulgare,26,30,3
Jena,Limonium gmelini,32,1300,3
Jena,Lindelofia anchusoides,23,800,3
Jena,Linum perenne,21,95,15
Jena,Linum perenne,22,84,15
Jena,Linum perenne,23,114,15
Jena,Linum perenne,24,65,15
Jena,Linum perenne,25,13,15
Jena,Linum perenne,32,60,6
Jena,Lomelosia albocincta,29,20,3
Jena,Lonicera floribunda,20,2500,3
Jena,Lonicera floribunda,21,3000,3
Jena,Lotus maritimus,23,30,15
Jena,Lotus maritimus,27,21,15
Jena,Lysimachia vulgaris,26,828,3
Jena,Lysimachia vulgaris,28,120,3
Jena,Malva thuringiaca,28,38,3
Jena,Medicago sativa,27,800,3
Jena,Medicago sativa,32,600,3
Jena,Origanum vulgare,28,1190,15
Jena,Origanum vulgare,29,320,15
Jena,Origanum vulgare,31,250,15
Jena,Origanum vulgare,32,180,15
Jena,Origanum vulgare,33,20,15
Jena,Ornithogalum nutans,15,25,3
Jena,Paeonia daurica,18,2500,3
Jena,Paeonia daurica,19,50,3
Jena,Paeonia daurica,22,63,15
Jena,Paeonia daurica,23,67,15
Jena,Paeonia delavayi,19,50,15
Jena,Paeonia delavayi,20,16,15
Jena,Paeonia delavayi,21,35,15
Jena,Paeonia mascula,17,37,15
Jena,Paeonia officinalis,18,4,15
Jena,Paeonia officinalis,19,23,15
Jena,Papaver,24,30,3
Jena,Papaver nudicaule,22,17,3
Jena,Papaver nudicaule,23,27,3
Jena,Papaver somniferum,24,26,3
Jena,Pentanema helenioides,26,27,3
Jena,Phacelia tanacetifolia,24,1224,3
Jena,Phedimus aizoon,25,1000,3
Jena,Philadelphus pekinensis,20,135,3
Jena,Philadelphus pekinensis,21,750,3
Jena,Philadelphus pekinensis,22,3500,3
Jena,Phlox paniculata,31,60,3
Jena,Pilosella officinarum,23,70,3
Jena,Primula denticulata,14,300,15
Jena,Primula veris,17,175,15
Jena,Primula veris,18,125,15
Jena,Primula vulgaris,14,20,15
Jena,Primula vulgaris,15,15,15
Jena,Pulsatilla vulgaris,14,12,15
Jena,Ranunculus,18,15,3
Jena,Ranunculus,19,100,3
Jena,Ranunculus,20,15,3
Jena,Ranunculus ficaria,14,50,3
Jena,Rhododendron saluenense,18,560,3
Jena,Rosa spinosissima,21,213,3
Jena,Rudbeckia fulgida,28,48,3
Jena,Salvia nutans,25,850,3
Jena,Salvia pratensis,22,254,15
Jena,Salvia pratensis,24,22,15
Jena,Satureja parnassica,32,900,3
Jena,Scabiosa canescens,31,140,3
Jena,Scrophularia versicolor,19,500,3
Jena,Scutellaria altissima,24,320,3
Jena,Scutellaria cordifolia,24,3000,3
Jena,Scutellaria cordifolia,25,1134,3
Jena,Seseli montanum,33,15000,3
Jena,Silene nutans,22,100,15
Jena,Silene nutans,23,72,15
Jena,Solidago flexicaulis,31,160,3
Jena,Solidago flexicaulis,32,1000,3
Jena,Spartium junceum,23,750,3
Jena,Spartium junceum,26,200,3
Jena,Spiraea chamaedryfolia,20,3500,3
Jena,Symphytum bulbosum,15,320,3
Jena,Symphytum officinale,25,500,3
Jena,Teucrium canadense,28,95,3
Jena,Teucrium chamaedrys,28,100,3
Jena,Tilia henryana,32,600,6
Jena,Trifolium,24,3840,3
Jena,Trifolium pratense,21,12500,3
Jena,Trifolium pratense,22,500,3
Jena,Trifolium pratense,26,3000,6
Jena,Trifolium pratense,27,1950,3
Jena,Trifolium pratense,28,1155,3
Jena,Trifolium pratense,29,1496,3
Jena,Trifolium pratense,33,540,3
Jena,Trifolium rubens,24,1600,3
Jena,Tripleurospermum maritimum,32,50,3
Jena,Trommsdorffia maculata,33,1500,3
Jena,Verbascum phoeniceum,18,750,3
Jena,Vicia sepium,18,15,3
Jena,Vicia sepium,20,65,3
Jena,Vinca minor,14,150,15
Jena,Vincetoxicum hirundinaria,23,1020,15
Jena,Vincetoxicum hirundinaria,25,125,15
Jena,Vincetoxicum hirundinaria,28,30,15
Jena,Viscaria vulgaris,20,600,15
Jena,Viscaria vulgaris,21,1000,15
Jena,Viscaria vulgaris,22,12,15
Leipzig,Achillea filipendulina,26,70,3
Leipzig,Achillea filipendulina,27,8,3
Leipzig,Aethionema grandiflorum,20,10000,3
Leipzig,Ajuga reptans,19,700,3
Leipzig,Alisma plantago-aquatica,23,800,3
Leipzig,Alisma plantago-aquatica,24,800,3
Leipzig,Allium senescens,31,180,3
Leipzig,Allium ursinum,19,2250,15
Leipzig,Allium ursinum,20,885,18
Leipzig,Anaphalis margaritacea,32,860,3
Leipzig,Anchusa officinalis,18,55,3
Leipzig,Anchusa officinalis,19,130,3
Leipzig,Anchusa officinalis,20,240,3
Leipzig,Anchusa officinalis,21,80,3
Leipzig,Anemone nemorosa,18,60,15
Leipzig,Anemone sylvestris,19,225,15
Leipzig,Anthericum ramosum,26,125,15
Leipzig,Anthericum ramosum,27,480,15
Leipzig,Anthericum ramosum,28,465,15
Leipzig,Anthericum ramosum,29,320,15
Leipzig,Aquilegia vulgaris,19,50,15
Leipzig,Aquilegia vulgaris,20,94,15
Leipzig,Aquilegia vulgaris,21,120,15
Leipzig,Aquilegia vulgaris,22,80,15
Leipzig,Aquilegia vulgaris,23,40,15
Leipzig,Aquilegia vulgaris,25,40,15
Leipzig,Aquilegia vulgaris,26,18,15
Leipzig,Aster mongolicus,34,195,3
Leipzig,Aurinia saxatilis,18,120,3
Leipzig,Bellis perennis,16,60,3
Leipzig,Bergenia purpurascens,16,160,15
Leipzig,Caltha palustris,15,7,30
Leipzig,Caltha palustris,16,17,15
Leipzig,Caltha palustris,17,30,15
Leipzig,Caltha palustris,18,25,15
Leipzig,Caltha palustris,20,30,15
Leipzig,Caltha palustris,21,20,15
Leipzig,Campanula alliariifolia,26,150,3
Leipzig,Carduus,26,60,3
Leipzig,Carlina vulgaris,32,250,3
Leipzig,Centaurea nigra,32,220,3
Leipzig,Centaurea sadleriana,31,60,3
Leipzig,Centaurea scabiosa,26,120,3
Leipzig,Centaurea scabiosa,27,46,3
Leipzig,Centaurea scabiosa,29,68,3
Leipzig,Centaurea scabiosa,33,55,3
Leipzig,Centranthus ruber,24,750,15
Leipzig,Centranthus ruber,25,750,15
Leipzig,Centranthus ruber,26,1250,15
Leipzig,Centranthus ruber,27,950,15
Leipzig,Centranthus ruber,29,250,15
Leipzig,Centranthus ruber,34,85,15
Leipzig,Cephalaria gigantea,31,58,3
Leipzig,Cephalaria procera,28,230,3
Leipzig,Cephalaria uralensis,29,25,3
Leipzig,Chaenorhinum origanifolium,24,780,3
Leipzig,Cichorium intybus,29,56,3
Leipzig,Cirsium vulgare,32,68,3
Leipzig,Clinopodium album,28,9100,3
Leipzig,Convallaria majalis,20,185,15
Leipzig,Convallaria majalis,21,120,15
Leipzig,Convolvulus tricolor,28,220,6
Leipzig,Coristospermum lucidum,33,6500,3
Leipzig,Corydalis cava,16,600,3
Leipzig,Cuphea viscosissima,31,2200,3
Leipzig,Cuphea viscosissima,33,9500,3
Leipzig,Cuphea viscosissima,34,2600,3
Leipzig,Dasiphora davurica,21,280,3
Leipzig,Dasiphora davurica,24,75,3
Leipzig,Dasiphora fruticosa,25,75,3
Leipzig,Dictamnus albus,23,140,15
Leipzig,Dictamnus albus,24,75,15
Leipzig,Dictamnus albus,25,11,15
Leipzig,Echinacea angustifolia,29,55,3
Leipzig,Echinacea angustifolia,33,75,3
Leipzig,Echinops pungens,31,96,3
Leipzig,Echium vulgare,25,100,3
Leipzig,Eranthis hyemalis,23,800,15
Leipzig,Erica carnea,15,400,3
Leipzig,Erica carnea,17,800,3
Leipzig,Eriocapitella hupehensis,28,28,15
Leipzig,Eriocapitella hupehensis,31,110,15
Leipzig,Eriocapitella hupehensis,32,110,15
Leipzig,Eriocapitella hupehensis,33,500,15
Leipzig,Eriocapitella hupehensis,34,250,15
Leipzig,Eriocapitella tomentosa,27,16,3
Leipzig,Erodium manescavi,33,120,3
Leipzig,Erysimum pulchellum,27,58,3
Leipzig,Euphorbia characias,15,380,3
Leipzig,Euphorbia characias,16,400,3
Leipzig,Euphorbia seguieriana,24,3400,3
Leipzig,Euphorbia seguieriana,25,8660,6
Leipzig,Euphorbia seguieriana,27,7000,3
Leipzig,Ferulago aucheri,25,2600,3
Leipzig,Ferulago aucheri,26,12000,3
Leipzig,Fragaria vesca,19,14,15
Leipzig,Fragaria vesca,23,18,15
Leipzig,Geranium macrorrhizum,19,60,3
Leipzig,Geranium macrorrhizum,20,200,3
Leipzig,Geranium macrorrhizum,21,600,3
Leipzig,Geranium sanguineum,21,110,15
Leipzig,Geranium sanguineum,22,130,15
Leipzig,Geranium sanguineum,23,170,15
Leipzig,Geranium sanguineum,24,185,15
Leipzig,Helianthemum nummularium,20,80,15
Leipzig,Helianthemum nummularium,21,60,15
Leipzig,Helianthemum nummularium,22,50,15
Leipzig,Helianthemum nummularium,24,8,15
Leipzig,Helichrysum italicum,28,2000,3
Leipzig,Helleborus foetidus,12,300,15
Leipzig,Helleborus foetidus,14,250,15
Leipzig,Helleborus foetidus,15,200,30
Leipzig,Helleborus foetidus,16,25,15
Leipzig,Helleborus foetidus,17,30,15
Leipzig,Hemerocallis dumortieri,23,130,15
Leipzig,Hemerocallis dumortieri,24,150,15
Leipzig,Hieracium murorum,21,50,3
Leipzig,Hypericum olympicum,23,300,15
Leipzig,Hypericum olympicum,24,800,15
Leipzig,Hypericum olympicum,25,780,15
Leipzig,Hypericum olympicum,26,65,15
Leipzig,Hypericum olympicum,27,56,15
Leipzig,Hypericum olympicum,28,32,15
Leipzig,Hypericum olympicum,29,10,15
Leipzig,Iberis sempervirens,16,240,3
Leipzig,Iberis sempervirens,18,200,15
Leipzig,Iberis sempervirens,19,8000,18
Leipzig,Iberis sempervirens,20,250,15
Leipzig,Iberis sempervirens,21,230,15
Leipzig,Impatiens balsamina,34,76,3
Leipzig,Inula oculus-christi,27,38,3
Leipzig,Klasea radiata,31,2200,3
Leipzig,Knautia arvensis,20,1200,3
Leipzig,Knautia arvensis,21,1200,3
Leipzig,Knautia arvensis,24,1200,3
Leipzig,Knautia dipsacifolia,21,200,3
Leipzig,Knautia macedonica,23,4500,3
Leipzig,Knautia macedonica,25,1750,3
Leipzig,Lamium album,20,38,15
Leipzig,Lamium flexuosum,15,4,3
Leipzig,Lamium hybridum,12,25,5
Leipzig,Lamium orvala,18,320,3
Leipzig,Lamium orvala,19,160,3
Leipzig,Lamium orvala,20,75,3
Leipzig,Lathyrus roseus,21,750,3
Leipzig,Lathyrus vernus,16,100,15
Leipzig,Lathyrus vernus,17,150,15
Leipzig,Lathyrus vernus,18,150,15
Leipzig,Lathyrus vernus,19,75,15
Leipzig,Lavandula angustifolia,26,8500,15
Leipzig,Lavandula angustifolia,27,8300,15
Leipzig,Lavandula angustifolia,28,7600,15
Leipzig,Lavandula angustifolia,29,3300,15
Leipzig,Leucanthemum vulgare,14,4,3
Leipzig,Leucanthemum vulgare,21,50,6
Leipzig,Leucanthemum vulgare,22,20,3
Leipzig,Limnanthes douglasii,20,315,3
Leipzig,Limnanthes douglasii,21,4000,3
Leipzig,Limnanthes douglasii,22,4200,3
Leipzig,Lomelosia cretica,27,660,3
Leipzig,Lomelosia cretica,29,62,3
Leipzig,Lomelosia olgae,32,80,3
Leipzig,Lomelosia olgae,34,65,3
Leipzig,Lotus herbaceus,26,560,3
Leipzig,Lunaria rediviva,20,220,3
Leipzig,Lythrum salicaria,33,95,3
Leipzig,Mahonia aquifolium,15,800,3
Leipzig,Mahonia aquifolium,17,800,3
Leipzig,Medicago falcata,31,1200,3
Leipzig,Menyanthes trifoliata,19,200,15
Leipzig,Monarda fistulosa,29,960,3
Leipzig,Muscari botryoides,12,250,5
Leipzig,Muscari botryoides,14,40,5
Leipzig,Muscari botryoides,15,40,6
Leipzig,Muscari botryoides,16,695,6
Leipzig,Muscari botryoides,17,9,3
Leipzig,Muscari botryoides,18,40,3
Leipzig,Nicotiana tabacum,28,220,3
Leipzig,Origanum vulgare,26,1200,3
Leipzig,Paeonia daurica,18,15,3
Leipzig,Paeonia officinalis,19,22,15
Leipzig,Paeonia officinalis,20,12,15
Leipzig,Papaver orientale,22,12,3
Leipzig,Penstemon bradburyi,24,270,15
Leipzig,Penstemon bradburyi,25,280,15
Leipzig,Penstemon bradburyi,26,120,15
Leipzig,Penstemon bradburyi,27,38,15
Leipzig,Phedimus aizoon,23,686,3
Leipzig,Phlomis russeliana,23,750,3
Leipzig,Platycodon grandiflorus,31,180,15
Leipzig,Platycodon grandiflorus,32,48,15
Leipzig,Polygonatum biflorum,19,350,3
Leipzig,Polygonatum biflorum,20,1320,6
Leipzig,Potentilla,18,30,3
Leipzig,Potentilla kurdica,23,150,3
Leipzig,Potentilla kurdica,24,80,3
Leipzig,Potentilla kurdica,25,308,6
Leipzig,Potentilla recta,23,140,3
Leipzig,Primula denticulata,16,280,15
Leipzig,Primula denticulata,17,270,15
Leipzig,Primula denticulata,18,90,15
Leipzig,Primula denticulata,19,20,15
Leipzig,Primula veris,16,700,15
Leipzig,Primula veris,17,160,15
Leipzig,Primula veris,18,150,15
Leipzig,Psephellus dealbatus,21,50,15
Leipzig,Psephellus dealbatus,22,180,15
Leipzig,Psephellus dealbatus,23,80,15
Leipzig,Psephellus dealbatus,24,18,15
Leipzig,Psephellus dealbatus,25,280,15
Leipzig,Psephellus dealbatus,26,3,15
Leipzig,Pulsatilla vulgaris,15,60,30
Leipzig,Pulsatilla vulgaris,16,100,15
Leipzig,Pulsatilla vulgaris,17,40,15
Leipzig,Pulsatilla vulgaris,18,4,15
Leipzig,Pulsatilla vulgaris,19,52,15
Leipzig,Pycnanthemum tenuifolium,29,720,3
Leipzig,Pycnanthemum tenuifolium,32,320,3
Leipzig,Ranunculus ficaria,16,70,3
Leipzig,Rhaponticoides ruthenica,28,1100,3
Leipzig,Rhododendron brachycarpum,19,620,3
Leipzig,Rhododendron degronianum,16,160,3
Leipzig,Rhododendron thomsonii,18,150,3
Leipzig,Rhododendron wadanum,15,180,6
Leipzig,Ribes sanguineum,12,1000,5
Leipzig,Salvia officinalis,23,180,15
Leipzig,Salvia officinalis,24,60,15
Leipzig,Salvia pratensis,21,6700,9
Leipzig,Salvia pratensis,22,550,6
Leipzig,Salvia ringens,29,38,3
Leipzig,Salvia sclarea,25,260,3
Leipzig,Salvia sclarea,26,660,3
Leipzig,Salvia verticillata,24,1360,3
Leipzig,Salvia verticillata,25,4330,6
Leipzig,Saponaria sicula,28,860,3
Leipzig,Saponaria sicula,31,1600,3
Leipzig,Scabiosa ochroleuca,32,90,15
Leipzig,Scabiosa ochroleuca,33,136,15
Leipzig,Scabiosa ochroleuca,34,90,15
Leipzig,Scabiosa triandra,28,60,3
Leipzig,Scilla luciliae,12,6000,10
Leipzig,Scopolia carniolica,14,140,15
Leipzig,Scopolia carniolica,16,40,15
Leipzig,Seseli montanum,33,130,3
Leipzig,Silene coronaria,26,95,15
Leipzig,Silene coronaria,27,143,18
Leipzig,Silene latifolia,22,18,3
Leipzig,Silene nutans,22,80,3
Leipzig,Silene schafta,31,1500,3
Leipzig,Silene vulgaris,25,80,15
Leipzig,Silene vulgaris,26,12,15
Leipzig,Silene vulgaris,27,8,15
Leipzig,Silphium integrifolium,33,4600,3
Leipzig,Silphium integrifolium,34,4000,3
Leipzig,Solanum incanum,27,1400,3
Leipzig,Stachys byzantina,23,868,3
Leipzig,Stachys byzantina,25,900,3
Leipzig,Stachys byzantina,26,850,3
Leipzig,Succisa pratensis,33,172,6
Leipzig,Succisa pratensis,34,130,3
Leipzig,Symphytum bulbosum,18,350,3
Leipzig,Symphytum bulbosum,19,18,3
Leipzig,Symphytum officinale,21,750,3
Leipzig,Symphytum officinale,22,300,3
Leipzig,Symphytum officinale,23,625,3
Leipzig,Symphytum officinale,25,100,3
Leipzig,Syringa persica,17,400,3
Leipzig,Tanacetum coccineum,22,50,3
Leipzig,Tanacetum vulgare,28,1600,15
Leipzig,Tanacetum vulgare,29,6000,15
Leipzig,Tanacetum vulgare,31,480,15
Leipzig,Taraxacum officinale,16,50,3
Leipzig,Taraxacum officinale,17,6,3
Leipzig,Taraxacum sonchoides,26,98,3
Leipzig,Tetradium daniellii,32,500000,3
Leipzig,Teucrium marum,28,1500,3
Leipzig,Thunbergia alata,34,48,3
Leipzig,Thymus praecox,32,260,3
Leipzig,Thymus pulegioides,22,250,3
Leipzig,Trifolium,24,6360,3
Leipzig,Trifolium,25,250,3
Leipzig,Trommsdorffia maculata,22,30,3
Leipzig,Tropaeolum majus,34,850,3
Leipzig,Tussilago farfara,12,150,10
Leipzig,Tussilago farfara,14,80,15
Leipzig,Tussilago farfara,15,70,15
Leipzig,Tussilago farfara,16,40,15
Leipzig,Tussilago farfara,17,5,15
Leipzig,Verbascum nigrum,27,120,3
Leipzig,Verbena hastata,32,120,3
Leipzig,Vernonia fasciculata,34,230,3
Leipzig,Veronica austriaca,24,860,3
Leipzig,Veronica chamaedrys,18,150,3
Leipzig,Veronica longifolia,29,156,3
Leipzig,Veronica orchidea,29,220,3
Leipzig,Vicia oroboides,20,175,3
Leipzig,Vicia tenuifolia,23,6000,3
Leipzig,Vicia tenuifolia,24,8400,3
Leipzig,Vinca minor,14,240,20
Leipzig,Vinca minor,15,130,15
Leipzig,Vinca minor,16,260,15
Leipzig,Vinca minor,17,280,15
Leipzig,Vinca minor,18,300,15
Leipzig,Vinca minor,19,450,15
Leipzig,Vinca minor,20,80,15
Leipzig,Vincetoxicum hirundinaria,21,380,15
Leipzig,Vincetoxicum hirundinaria,22,300,15
Leipzig,Vincetoxicum hirundinaria,23,110,15
Leipzig,Vincetoxicum hirundinaria,24,110,15
Leipzig,Vincetoxicum hirundinaria,25,130,15
Leipzig,Viola striata,19,2700,3
Leipzig,Viola striata,20,800,3
Leipzig,Viola striata,23,880,3
Leipzig,Viscaria vulgaris,21,3200,15
Leipzig,Viscaria vulgaris,22,2500,15
Leipzig,Vitex negundo,31,17000,3
Leipzig,Vitex negundo,32,17000,3
Leipzig,Vitex negundo,33,10000,3
Leipzig,Vitex negundo,34,120000,3
Leipzig,Weigela florida,17,360,6
Leipzig,Xanthoceras sorbifolium,12,1000,5
