Botanical_garden,Pollinator,Total_visited_plant_richness,Total_plant_richness,percentage_vivited_plant_sp
Halle,Aglais io,4,167,0.023952095808383235
Halle,Aglais urticae,1,167,0.005988023952095809
Halle,Ammophila sabulosa,1,167,0.005988023952095809
Halle,Ancistrocerus claripennis,1,167,0.005988023952095809
Halle,Ancistrocerus gazella,2,167,0.011976047904191617
Halle,Ancistrocerus nigricornis,1,167,0.005988023952095809
Halle,Andrena bicolor,3,167,0.017964071856287425
Halle,Andrena flavipes,12,167,0.0718562874251497
Halle,Andrena hattorfiana,1,167,0.005988023952095809
Halle,Andrena minutula,3,167,0.017964071856287425
Halle,Andrena minutuloides,2,167,0.011976047904191617
Halle,Andrena pilipes,2,167,0.011976047904191617
Halle,Andrena strohmella,5,167,0.029940119760479042
Halle,Anthaxia nitidula,1,167,0.005988023952095809
Halle,Anthidium manicatum,17,167,0.10179640718562874
Halle,Anthidium oblongatum,3,167,0.017964071856287425
Halle,Anthocharis cardamines,4,167,0.023952095808383235
Halle,Anthomyia procellaris,1,167,0.005988023952095809
Halle,Anthophora aestivalis,3,167,0.017964071856287425
Halle,Anthophora furcata,1,167,0.005988023952095809
Halle,Anthophora plumipes,35,167,0.20958083832335328
Halle,Anthophora quadrimaculata,10,167,0.059880239520958084
Halle,Anthrenus scrophulariae,1,167,0.005988023952095809
Halle,Anthrenus verbasci,2,167,0.011976047904191617
Halle,Apis mellifera,83,167,0.49700598802395207
Halle,Bellardia viarum,1,167,0.005988023952095809
Halle,Bellardia vulgaris,1,167,0.005988023952095809
Halle,Bombus hortorum,3,167,0.017964071856287425
Halle,Bombus hypnorum,5,167,0.029940119760479042
Halle,Bombus lapidarius,27,167,0.16167664670658682
Halle,Bombus lucorum,4,167,0.023952095808383235
Halle,Bombus pascuorum,23,167,0.1377245508982036
Halle,Bombus pratorum,3,167,0.017964071856287425
Halle,Bombus rupestris,7,167,0.041916167664670656
Halle,Bombus subterraneus,1,167,0.005988023952095809
Halle,Bombus terrestris,36,167,0.2155688622754491
Halle,Bombus vestalis,10,167,0.059880239520958084
Halle,Bombylius discolor,3,167,0.017964071856287425
Halle,Bombylius major,24,167,0.1437125748502994
Halle,Bombylius venosus,5,167,0.029940119760479042
Halle,Cerceris rybyensis,8,167,0.04790419161676647
Halle,Cetonia aurata,6,167,0.03592814371257485
Halle,Chelostoma florisomne,2,167,0.011976047904191617
Halle,Chelostoma rapunculi,2,167,0.011976047904191617
Halle,Coccinella septempunctata,7,167,0.041916167664670656
Halle,Coelioxys afra,2,167,0.011976047904191617
Halle,Coelioxys aurolimbatus,1,167,0.005988023952095809
Halle,Coelioxys elongatus,1,167,0.005988023952095809
Halle,Coelioxys rufescens,2,167,0.011976047904191617
Halle,Colletes daviesanus,8,167,0.04790419161676647
Halle,Colletes hederae,2,167,0.011976047904191617
Halle,Crossocerus podagricus,1,167,0.005988023952095809
Halle,Cylindromyia brevicornis,2,167,0.011976047904191617
Halle,Dinetus pictus,1,167,0.005988023952095809
Halle,Dolichovespula saxonica,1,167,0.005988023952095809
Halle,Entomophaga nigrohalterata,1,167,0.005988023952095809
Halle,Episyrphus balteatus,25,167,0.1497005988023952
Halle,Eristalinus aeneus,1,167,0.005988023952095809
Halle,Eristalis pertinax,2,167,0.011976047904191617
Halle,Eristalis tenax,3,167,0.017964071856287425
Halle,Eucera nigrescens,4,167,0.023952095808383235
Halle,Eupeodes corollae,9,167,0.05389221556886228
Halle,Eurychaeta palpalis,1,167,0.005988023952095809
Halle,Formica,1,167,0.005988023952095809
Halle,Gonepteryx rhamni,1,167,0.005988023952095809
Halle,Graphomya maculata,2,167,0.011976047904191617
Halle,Gymnosoma clavatum,1,167,0.005988023952095809
Halle,Halictus scabiosae,15,167,0.08982035928143713
Halle,Halictus subauratus,15,167,0.08982035928143713
Halle,Halictus tumulorum,3,167,0.017964071856287425
Halle,Harmonia axyridis,1,167,0.005988023952095809
Halle,Hedychrum gerstaeckeri,1,167,0.005988023952095809
Halle,Hedychrum nobile,1,167,0.005988023952095809
Halle,Hemipenthes morio,1,167,0.005988023952095809
Halle,Heriades truncorum,3,167,0.017964071856287425
Halle,Hoplitis adunca,1,167,0.005988023952095809
Halle,Hylaeus communis,8,167,0.04790419161676647
Halle,Hylaeus gredleri,1,167,0.005988023952095809
Halle,Hylaeus nigritus,3,167,0.017964071856287425
Halle,Hylaeus punctatus,2,167,0.011976047904191617
Halle,Hylaeus signatus,1,167,0.005988023952095809
Halle,Lasioglossum calceatum,4,167,0.023952095808383235
Halle,Lasioglossum fulvicorne,1,167,0.005988023952095809
Halle,Lasioglossum laticeps,8,167,0.04790419161676647
Halle,Lasioglossum leucozonium,1,167,0.005988023952095809
Halle,Lasioglossum morio,7,167,0.041916167664670656
Halle,Lasioglossum nitidiusculum,1,167,0.005988023952095809
Halle,Lasioglossum nitidulum,5,167,0.029940119760479042
Halle,Lasioglossum pauxillum,5,167,0.029940119760479042
Halle,Lasioglossum politum,14,167,0.08383233532934131
Halle,Lasioglossum villosulum,1,167,0.005988023952095809
Halle,Litophasia hyalipennis,2,167,0.011976047904191617
Halle,Lucilia sericata,32,167,0.19161676646706588
Halle,Macroglossum stellatarum,1,167,0.005988023952095809
Halle,Malachius bipustulatus,1,167,0.005988023952095809
Halle,Maniola jurtina,8,167,0.04790419161676647
Halle,Megachile centuncularis,1,167,0.005988023952095809
Halle,Megachile ericetorum,6,167,0.03592814371257485
Halle,Megachile lagopoda,1,167,0.005988023952095809
Halle,Megachile maritima,1,167,0.005988023952095809
Halle,Megachile pilidens,4,167,0.023952095808383235
Halle,Megachile rotundata,1,167,0.005988023952095809
Halle,Megachile willughbiella,9,167,0.05389221556886228
Halle,Melecta albifrons,2,167,0.011976047904191617
Halle,Melitta nigricans,2,167,0.011976047904191617
Halle,Merziella longirostris,1,167,0.005988023952095809
Halle,Miltogramma germari,1,167,0.005988023952095809
Halle,Miltogramma punctata,5,167,0.029940119760479042
Halle,Myathropa florea,9,167,0.05389221556886228
Halle,Nomada bifasciata,1,167,0.005988023952095809
Halle,Nomada flavoguttata,3,167,0.017964071856287425
Halle,Nomada fulvicornis,1,167,0.005988023952095809
Halle,Nomada lathburiana,2,167,0.011976047904191617
Halle,Nowickia ferox,2,167,0.011976047904191617
Halle,Oedemera femorata,2,167,0.011976047904191617
Halle,Oedemera lurida,2,167,0.011976047904191617
Halle,Oedemera podagrariae,2,167,0.011976047904191617
Halle,Osmia aurulenta,5,167,0.029940119760479042
Halle,Osmia bicolor,1,167,0.005988023952095809
Halle,Osmia bicornis,13,167,0.07784431137724551
Halle,Osmia brevicornis,2,167,0.011976047904191617
Halle,Osmia caerulescens,4,167,0.023952095808383235
Halle,Osmia cornuta,13,167,0.07784431137724551
Halle,Oxythyrea funesta,15,167,0.08982035928143713
Halle,Philanthus triangulum,3,167,0.017964071856287425
Halle,Physocephala rufipes,1,167,0.005988023952095809
Halle,Pieris napi,6,167,0.03592814371257485
Halle,Pieris rapae,13,167,0.07784431137724551
Halle,Polistes dominula,7,167,0.041916167664670656
Halle,Pollenia amentaria,1,167,0.005988023952095809
Halle,Pollenia pediculata,1,167,0.005988023952095809
Halle,Pollenia vagabunda,1,167,0.005988023952095809
Halle,Polygonia c-album,3,167,0.017964071856287425
Halle,Polyommatus icarus,1,167,0.005988023952095809
Halle,Prosena siberita,1,167,0.005988023952095809
Halle,Pseudovadonia livida,2,167,0.011976047904191617
Halle,Pyrrhocoris apterus,2,167,0.011976047904191617
Halle,Sapygina decemguttata,1,167,0.005988023952095809
Halle,Sarcophaga incisilobata,2,167,0.011976047904191617
Halle,Sarcophaga subvicina,5,167,0.029940119760479042
Halle,Scaeva pyrastri,3,167,0.017964071856287425
Halle,Scolia hirta,7,167,0.041916167664670656
Halle,Sicus ferrugineus,1,167,0.005988023952095809
Halle,Sphaerophoria scripta,10,167,0.059880239520958084
Halle,Sphecodes albilabris,9,167,0.05389221556886228
Halle,Sphecodes ferruginatus,2,167,0.011976047904191617
Halle,Sphecodes monilicornis,1,167,0.005988023952095809
Halle,Sphecodes pellucidus,1,167,0.005988023952095809
Halle,Sphecodes puncticeps,1,167,0.005988023952095809
Halle,Sphex funerarius,5,167,0.029940119760479042
Halle,Stenurella melanura,1,167,0.005988023952095809
Halle,Syritta pipiens,6,167,0.03592814371257485
Halle,Syrphus vitripennis,4,167,0.023952095808383235
Halle,Tachina fera,2,167,0.011976047904191617
Halle,Tachina nupta,1,167,0.005988023952095809
Halle,Thyreus orbatus,1,167,0.005988023952095809
Halle,Tiphia femorata,2,167,0.011976047904191617
Halle,Trichius gallicus,1,167,0.005988023952095809
Halle,Trichopsomyia flavitarsis,1,167,0.005988023952095809
Halle,Tropinota hirta,1,167,0.005988023952095809
Halle,Valgus hemipterus,3,167,0.017964071856287425
Halle,Vespa crabro,2,167,0.011976047904191617
Halle,Vespula germanica,3,167,0.017964071856287425
Halle,Xylocopa violacea,19,167,0.11377245508982035
Jena,Aglais io,2,152,0.013157894736842105
Jena,Andrena flavipes,9,152,0.05921052631578947
Jena,Andrena gelriae,2,152,0.013157894736842105
Jena,Andrena minutula,1,152,0.006578947368421052
Jena,Andrena nitida,1,152,0.006578947368421052
Jena,Anthidium manicatum,6,152,0.039473684210526314
Jena,Anthocharis cardamines,1,152,0.006578947368421052
Jena,Anthophora aestivalis,2,152,0.013157894736842105
Jena,Anthophora plumipes,37,152,0.24342105263157895
Jena,Anthophora quadrimaculata,7,152,0.046052631578947366
Jena,Anthrenus verbasci,1,152,0.006578947368421052
Jena,Apis mellifera,60,152,0.39473684210526316
Jena,Argynnis paphia,1,152,0.006578947368421052
Jena,Aricia agestis,1,152,0.006578947368421052
Jena,Autographa gamma,1,152,0.006578947368421052
Jena,Bombus hortorum,13,152,0.08552631578947369
Jena,Bombus hypnorum,10,152,0.06578947368421052
Jena,Bombus lapidarius,19,152,0.125
Jena,Bombus lucorum,2,152,0.013157894736842105
Jena,Bombus pascuorum,33,152,0.21710526315789475
Jena,Bombus pratorum,12,152,0.07894736842105263
Jena,Bombus soroeensis,2,152,0.013157894736842105
Jena,Bombus terrestris,37,152,0.24342105263157895
Jena,Bombus vestalis,5,152,0.03289473684210526
Jena,Bombylius discolor,1,152,0.006578947368421052
Jena,Bombylius major,11,152,0.07236842105263158
Jena,Bombylius venosus,2,152,0.013157894736842105
Jena,Botanophila striolata,3,152,0.019736842105263157
Jena,Carpocoris fuscispinus,1,152,0.006578947368421052
Jena,Cerceris quadricincta,1,152,0.006578947368421052
Jena,Cerceris rybyensis,1,152,0.006578947368421052
Jena,Cetonia aurata,1,152,0.006578947368421052
Jena,Chelostoma florisomne,1,152,0.006578947368421052
Jena,Chelostoma rapunculi,5,152,0.03289473684210526
Jena,Coccinella septempunctata,3,152,0.019736842105263157
Jena,Colletes daviesanus,4,152,0.02631578947368421
Jena,Cylindromyia brevicornis,2,152,0.013157894736842105
Jena,Ectemnius lituratus,1,152,0.006578947368421052
Jena,Entomophaga nigrohalterata,1,152,0.006578947368421052
Jena,Episyrphus balteatus,26,152,0.17105263157894737
Jena,Eristalis pertinax,1,152,0.006578947368421052
Jena,Eristalis tenax,2,152,0.013157894736842105
Jena,Eucera nigrescens,11,152,0.07236842105263158
Jena,Eupeodes corollae,16,152,0.10526315789473684
Jena,Eurychaeta palpalis,1,152,0.006578947368421052
Jena,Gymnomerus laevipes,2,152,0.013157894736842105
Jena,Gymnosoma clavatum,1,152,0.006578947368421052
Jena,Gymnosoma nudifrons,1,152,0.006578947368421052
Jena,Halictus scabiosae,3,152,0.019736842105263157
Jena,Halictus subauratus,5,152,0.03289473684210526
Jena,Halictus tumulorum,6,152,0.039473684210526314
Jena,Harmonia axyridis,1,152,0.006578947368421052
Jena,Hebia flavipes,1,152,0.006578947368421052
Jena,Hemipenthes maura,1,152,0.006578947368421052
Jena,Heriades truncorum,6,152,0.039473684210526314
Jena,Hoplitis adunca,1,152,0.006578947368421052
Jena,Hylaeus communis,4,152,0.02631578947368421
Jena,Hylaeus nigritus,5,152,0.03289473684210526
Jena,Hylaeus punctatus,7,152,0.046052631578947366
Jena,Hylaeus sinuatus,1,152,0.006578947368421052
Jena,Issoria lathonia,1,152,0.006578947368421052
Jena,Lasioglossum interruptum,1,152,0.006578947368421052
Jena,Lasioglossum morio,8,152,0.05263157894736842
Jena,Lasioglossum pallens,1,152,0.006578947368421052
Jena,Lasioglossum pauxillum,2,152,0.013157894736842105
Jena,Lasioglossum politum,2,152,0.013157894736842105
Jena,Leucophora personata,3,152,0.019736842105263157
Jena,Lucilia sericata,18,152,0.11842105263157894
Jena,Macroglossum stellatarum,3,152,0.019736842105263157
Jena,Macropis fulvipes,1,152,0.006578947368421052
Jena,Maniola jurtina,5,152,0.03289473684210526
Jena,Megachile alpicola,1,152,0.006578947368421052
Jena,Megachile centuncularis,1,152,0.006578947368421052
Jena,Megachile circumcincta,1,152,0.006578947368421052
Jena,Megachile ericetorum,4,152,0.02631578947368421
Jena,Megachile lagopoda,3,152,0.019736842105263157
Jena,Megachile maritima,3,152,0.019736842105263157
Jena,Megachile pilidens,1,152,0.006578947368421052
Jena,Megachile rotundata,1,152,0.006578947368421052
Jena,Megachile versicolor,2,152,0.013157894736842105
Jena,Megachile willughbiella,10,152,0.06578947368421052
Jena,Melecta albifrons,3,152,0.019736842105263157
Jena,Meliscaeva auricollis,1,152,0.006578947368421052
Jena,Minettia longipennis,1,152,0.006578947368421052
Jena,Myathropa florea,4,152,0.02631578947368421
Jena,Nomada zonata,1,152,0.006578947368421052
Jena,Oedemera lurida,2,152,0.013157894736842105
Jena,Osmia aurulenta,3,152,0.019736842105263157
Jena,Osmia bicornis,10,152,0.06578947368421052
Jena,Osmia brevicornis,1,152,0.006578947368421052
Jena,Osmia caerulescens,1,152,0.006578947368421052
Jena,Osmia cornuta,3,152,0.019736842105263157
Jena,Oxythyrea funesta,2,152,0.013157894736842105
Jena,Paragus constrictus,1,152,0.006578947368421052
Jena,Phasia barbifrons,1,152,0.006578947368421052
Jena,Phasia pusilla,2,152,0.013157894736842105
Jena,Pieris brassicae,2,152,0.013157894736842105
Jena,Pieris napi,4,152,0.02631578947368421
Jena,Pieris rapae,7,152,0.046052631578947366
Jena,Polistes dominula,5,152,0.03289473684210526
Jena,Polyommatus icarus,3,152,0.019736842105263157
Jena,Pyrrhocoris marginatus,1,152,0.006578947368421052
Jena,Sarcophaga haemorrhoa,1,152,0.006578947368421052
Jena,Sarcophaga incisilobata,1,152,0.006578947368421052
Jena,Scaeva pyrastri,3,152,0.019736842105263157
Jena,Sicus ferrugineus,2,152,0.013157894736842105
Jena,Sphaerophoria rueppellii,2,152,0.013157894736842105
Jena,Sphaerophoria scripta,26,152,0.17105263157894737
Jena,Sphex funerarius,1,152,0.006578947368421052
Jena,Stelis punctulatissima,1,152,0.006578947368421052
Jena,Syritta pipiens,2,152,0.013157894736842105
Jena,Syrphus vitripennis,8,152,0.05263157894736842
Jena,Tephritidae,1,152,0.006578947368421052
Jena,Thyreus orbatus,1,152,0.006578947368421052
Jena,Timarcha goettingensis,1,152,0.006578947368421052
Jena,Trichodes apiarius,1,152,0.006578947368421052
Jena,Vespa crabro,3,152,0.019736842105263157
Jena,Vespula germanica,6,152,0.039473684210526314
Jena,Volucella inanis,1,152,0.006578947368421052
Jena,Volucella pellucens,1,152,0.006578947368421052
Jena,Volucella zonaria,7,152,0.046052631578947366
Jena,Xylocopa violacea,9,152,0.05921052631578947
Leipzig,Aglais io,2,157,0.012738853503184714
Leipzig,Andrena bicolor,8,157,0.050955414012738856
Leipzig,Andrena chrysopus,1,157,0.006369426751592357
Leipzig,Andrena curvungula,1,157,0.006369426751592357
Leipzig,Andrena flavipes,7,157,0.044585987261146494
Leipzig,Andrena fulvago,1,157,0.006369426751592357
Leipzig,Andrena gravida,5,157,0.03184713375796178
Leipzig,Andrena hattorfiana,3,157,0.01910828025477707
Leipzig,Andrena labiata,2,157,0.012738853503184714
Leipzig,Andrena minutula,2,157,0.012738853503184714
Leipzig,Andrena minutuloides,3,157,0.01910828025477707
Leipzig,Andrena pilipes,2,157,0.012738853503184714
Leipzig,Anthidium manicatum,9,157,0.05732484076433121
Leipzig,Anthidium oblongatum,1,157,0.006369426751592357
Leipzig,Anthocharis cardamines,1,157,0.006369426751592357
Leipzig,Anthophora aestivalis,5,157,0.03184713375796178
Leipzig,Anthophora plumipes,26,157,0.16560509554140126
Leipzig,Anthophora quadrimaculata,4,157,0.025477707006369428
Leipzig,Apis mellifera,109,157,0.6942675159235668
Leipzig,Bellardia vulgaris,1,157,0.006369426751592357
Leipzig,Bombus bohemicus,1,157,0.006369426751592357
Leipzig,Bombus campestris,1,157,0.006369426751592357
Leipzig,Bombus hortorum,6,157,0.03821656050955414
Leipzig,Bombus hypnorum,7,157,0.044585987261146494
Leipzig,Bombus lapidarius,29,157,0.18471337579617833
Leipzig,Bombus pascuorum,30,157,0.1910828025477707
Leipzig,Bombus pratorum,7,157,0.044585987261146494
Leipzig,Bombus terrestris,31,157,0.19745222929936307
Leipzig,Bombus vestalis,15,157,0.09554140127388536
Leipzig,Bombylius discolor,6,157,0.03821656050955414
Leipzig,Bombylius major,13,157,0.08280254777070063
Leipzig,Bombylius venosus,4,157,0.025477707006369428
Leipzig,Botanophila depressa,1,157,0.006369426751592357
Leipzig,Botanophila striolata,3,157,0.01910828025477707
Leipzig,Calliphora vicina,1,157,0.006369426751592357
Leipzig,Ceratina cyanea,4,157,0.025477707006369428
Leipzig,Cerceris quinquefasciata,1,157,0.006369426751592357
Leipzig,Cerceris rybyensis,9,157,0.05732484076433121
Leipzig,Cetonia aurata,2,157,0.012738853503184714
Leipzig,Chelostoma rapunculi,2,157,0.012738853503184714
Leipzig,Chrysogaster virescens,2,157,0.012738853503184714
Leipzig,Coccinella septempunctata,7,157,0.044585987261146494
Leipzig,Coelioxys elongatus,2,157,0.012738853503184714
Leipzig,Colletes daviesanus,1,157,0.006369426751592357
Leipzig,Cydalima perspectalis,1,157,0.006369426751592357
Leipzig,Cylindromyia brevicornis,1,157,0.006369426751592357
Leipzig,Dalmannia marginata,1,157,0.006369426751592357
Leipzig,Dinetus pictus,1,157,0.006369426751592357
Leipzig,Dryas iulia,1,157,0.006369426751592357
Leipzig,Episyrphus balteatus,9,157,0.05732484076433121
Leipzig,Eristalis tenax,4,157,0.025477707006369428
Leipzig,Eucera nigrescens,5,157,0.03184713375796178
Leipzig,Eupeodes corollae,8,157,0.050955414012738856
Leipzig,Eurychaeta palpalis,1,157,0.006369426751592357
Leipzig,Graphosoma italicum,1,157,0.006369426751592357
Leipzig,Gymnomerus laevipes,1,157,0.006369426751592357
Leipzig,Gymnosoma nudifrons,1,157,0.006369426751592357
Leipzig,Halictus scabiosae,5,157,0.03184713375796178
Leipzig,Halictus subauratus,4,157,0.025477707006369428
Leipzig,Halictus tumulorum,1,157,0.006369426751592357
Leipzig,Hedychrum gerstaeckeri,1,157,0.006369426751592357
Leipzig,Heriades truncorum,1,157,0.006369426751592357
Leipzig,Holopyga ignicollis,2,157,0.012738853503184714
Leipzig,Hoplitis adunca,3,157,0.01910828025477707
Leipzig,Hylaeus brevicornis,1,157,0.006369426751592357
Leipzig,Hylaeus communis,1,157,0.006369426751592357
Leipzig,Hylaeus confusus,1,157,0.006369426751592357
Leipzig,Hylaeus gredleri,1,157,0.006369426751592357
Leipzig,Hylaeus hyalinatus,1,157,0.006369426751592357
Leipzig,Hylaeus nigritus,2,157,0.012738853503184714
Leipzig,Hylaeus punctatus,3,157,0.01910828025477707
Leipzig,Hylaeus styriacus,1,157,0.006369426751592357
Leipzig,Lapposyrphus lapponicus,1,157,0.006369426751592357
Leipzig,Lasioglossum calceatum,1,157,0.006369426751592357
Leipzig,Lasioglossum laticeps,12,157,0.07643312101910828
Leipzig,Lasioglossum leucozonium,2,157,0.012738853503184714
Leipzig,Lasioglossum minutissimum,3,157,0.01910828025477707
Leipzig,Lasioglossum morio,4,157,0.025477707006369428
Leipzig,Lasioglossum pallens,2,157,0.012738853503184714
Leipzig,Lasioglossum pauxillum,2,157,0.012738853503184714
Leipzig,Lasioglossum politum,2,157,0.012738853503184714
Leipzig,Lasioglossum pygmaeum,1,157,0.006369426751592357
Leipzig,Lasioglossum villosulum,2,157,0.012738853503184714
Leipzig,Lucilia sericata,22,157,0.14012738853503184
Leipzig,Lygaeus equestris,2,157,0.012738853503184714
Leipzig,Megachile circumcincta,1,157,0.006369426751592357
Leipzig,Megachile ericetorum,2,157,0.012738853503184714
Leipzig,Megachile lagopoda,4,157,0.025477707006369428
Leipzig,Megachile maritima,1,157,0.006369426751592357
Leipzig,Megachile rotundata,5,157,0.03184713375796178
Leipzig,Megachile willughbiella,1,157,0.006369426751592357
Leipzig,Melitta haemorrhoidalis,2,157,0.012738853503184714
Leipzig,Merodon equestris,4,157,0.025477707006369428
Leipzig,Microphthalma europaea,1,157,0.006369426751592357
Leipzig,Miltogramma punctata,1,157,0.006369426751592357
Leipzig,Myathropa florea,6,157,0.03821656050955414
Leipzig,Myopa testacea,2,157,0.012738853503184714
Leipzig,Nomada fabriciana,1,157,0.006369426751592357
Leipzig,Nomada flavoguttata,4,157,0.025477707006369428
Leipzig,Nysson maculosus,1,157,0.006369426751592357
Leipzig,Oedemera lurida,4,157,0.025477707006369428
Leipzig,Osmia aurulenta,2,157,0.012738853503184714
Leipzig,Osmia bicornis,4,157,0.025477707006369428
Leipzig,Osmia brevicornis,3,157,0.01910828025477707
Leipzig,Osmia caerulescens,2,157,0.012738853503184714
Leipzig,Osmia cornuta,6,157,0.03821656050955414
Leipzig,Oxythyrea funesta,4,157,0.025477707006369428
Leipzig,Philanthus triangulum,1,157,0.006369426751592357
Leipzig,Physocephala rufipes,1,157,0.006369426751592357
Leipzig,Pieris napi,5,157,0.03184713375796178
Leipzig,Pieris rapae,3,157,0.01910828025477707
Leipzig,Platystoma seminationis,1,157,0.006369426751592357
Leipzig,Polyommatus icarus,5,157,0.03184713375796178
Leipzig,Pseudovadonia livida,8,157,0.050955414012738856
Leipzig,Sicus ferrugineus,1,157,0.006369426751592357
Leipzig,Sphaerophoria scripta,9,157,0.05732484076433121
Leipzig,Sphecodes albilabris,2,157,0.012738853503184714
Leipzig,Sphecodes pellucidus,1,157,0.006369426751592357
Leipzig,Sphecodes puncticeps,1,157,0.006369426751592357
Leipzig,Sphex funerarius,1,157,0.006369426751592357
Leipzig,Stelis punctulatissima,1,157,0.006369426751592357
Leipzig,Tachina nupta,1,157,0.006369426751592357
Leipzig,Tiphia femorata,1,157,0.006369426751592357
Leipzig,Trichius gallicus,2,157,0.012738853503184714
Leipzig,Valgus hemipterus,2,157,0.012738853503184714
Leipzig,Villa modesta,3,157,0.01910828025477707
Leipzig,Volucella zonaria,7,157,0.044585987261146494
Leipzig,Xylocopa violacea,29,157,0.18471337579617833
