Botanical_garden,Plant_family,Plant,Individual,Week,Total_floral_abundance_family,Total_sampling_time_family
Halle,Aizoaceae,Delosperma cooperi,Random_census3,26,280,3
Halle,Amaryllidaceae,Allium cernuum,Random_census1,25,2500,3
Halle,Amaryllidaceae,Allium cernuum,Random_census10,26,3500,3
Halle,Amaryllidaceae,Allium tuberosum,Random_census4,33,17000,3
Halle,Amaryllidaceae,Allium tuberosum,Random_census4,34,900,3
Halle,Amaryllidaceae,Allium turkestanicum,Random_census10,33,1125,3
Halle,Amaryllidaceae,Allium ursinum,Random_census8,18,300,3
Halle,Amaryllidaceae,Ipheion uniflorum,Random_census8,14,100,1
Halle,Amaryllidaceae,Narcissus pseudonarcissus,FocalNA,14,33,15
Halle,Apiaceae,Anthriscus sylvestris,Random_census3,19,100000,3
Halle,Apiaceae,Bupleurum aureum,Random_census8,23,1000,3
Halle,Apiaceae,Daucus carota,Random_census6,28,19,3
Halle,Apiaceae,Eryngium caeruleum,Random_census3,31,1200,3
Halle,Apiaceae,Eryngium maritimum,Random_census1,32,140,3
Halle,Apiaceae,Eryngium planum,Random_census3,27,250,3
Halle,Apiaceae,Ferula assa-foetida,Random_census3,32,7840,3
Halle,Apiaceae,Foeniculum vulgare,Random_census9,33,26000,3
Halle,Apiaceae,Seseli gummiferum,Random_census4,29,1,3
Halle,Apiaceae,Seseli hippomarathrum,Random_census2,34,12000,3
Halle,Apocynaceae,Asclepias syriaca,Random_census6,26,300,3
Halle,Apocynaceae,Vincetoxicum hirundinaria,FocalNA,28,75,15
Halle,Apocynaceae,Vincetoxicum hirundinaria,FocalNA,29,20,15
Halle,Apocynaceae,Vincetoxicum hirundinaria,FocalNA,31,28,15
Halle,Apocynaceae,Vincetoxicum hirundinaria,FocalNA,32,32,15
Halle,Apocynaceae,Vincetoxicum hirundinaria,FocalNA,33,252,15
Halle,Apocynaceae,Vincetoxicum hirundinaria,FocalNA,34,250,15
Halle,Asparagaceae,Asparagus oligoclonos,Random_census4,24,1000,3
Halle,Asparagaceae,Leopoldia comosa,Random_census10,20,2000,3
Halle,Asparagaceae,Muscari armeniacum,Random_census1,14,100,1
Halle,Asparagaceae,Muscari armeniacum,Random_census1,15,100,3
Halle,Asparagaceae,Muscari armeniacum,Random_census3,15,100,3
Halle,Asparagaceae,Muscari armeniacum,Random_census4,14,100,1
Halle,Asparagaceae,Muscari armeniacum,Random_census7,14,100,1
Halle,Asparagaceae,Muscari botryoides,Random_census1,13,200,30
Halle,Asparagaceae,Ornithogalum nutans,Random_census5,15,360,3
Halle,Asparagaceae,Ornithogalum nutans,Random_census5,16,230,3
Halle,Asparagaceae,Ornithogalum nutans,Random_census6,16,900,3
Halle,Asparagaceae,Ornithogalum nutans,Random_census9,15,500,3
Halle,Asparagaceae,Puschkinia scilloides,FocalNA,13,500,15
Halle,Asparagaceae,Puschkinia scilloides,FocalNA,14,300,15
Halle,Asphodelaceae,Hemerocallis fulva,FocalNA,27,30,15
Halle,Asteraceae,Achillea filipendulina,Random_census4,32,9450,3
Halle,Asteraceae,Achillea millefolium,FocalNA,26,2000,15
Halle,Asteraceae,Achillea millefolium,FocalNA,27,1000,15
Halle,Asteraceae,Achillea millefolium,FocalNA,28,7750,15
Halle,Asteraceae,Achillea millefolium,FocalNA,29,15000,15
Halle,Asteraceae,Achillea millefolium,FocalNA,31,20000,15
Halle,Asteraceae,Bellis perennis,Random_census10,15,1800,3
Halle,Asteraceae,Centaurea cyanus,Random_census1,29,100,3
Halle,Asteraceae,Cosmos sulphureus,Random_census2,33,225,3
Halle,Asteraceae,Cosmos sulphureus,Random_census7,34,200,3
Halle,Asteraceae,Hypochaeris radicata,Random_census6,24,50,3
Halle,Asteraceae,Inula helenium,Random_census1,28,22,3
Halle,Asteraceae,Leucanthemum vulgare,FocalNA,24,400,15
Halle,Asteraceae,Liatris pycnostachya,Random_census2,28,100,3
Halle,Asteraceae,Rudbeckia laciniata,Random_census3,29,120,3
Halle,Asteraceae,Tagetes erecta,Random_census5,34,200,3
Halle,Asteraceae,Tagetes sp,Random_census7,31,400,3
Halle,Asteraceae,Tanacetum vulgare,FocalNA,28,4230,15
Halle,Asteraceae,Tanacetum vulgare,FocalNA,29,4200,15
Halle,Asteraceae,Tanacetum vulgare,FocalNA,31,300,15
Halle,Asteraceae,Tanacetum vulgare,FocalNA,32,100,15
Halle,Asteraceae,Taraxacum officinale,Random_census10,17,30,3
Halle,Asteraceae,Taraxacum officinale,Random_census3,16,100,3
Halle,Asteraceae,Taraxacum officinale,Random_census4,15,100,3
Halle,Asteraceae,Taraxacum officinale,Random_census4,16,20,3
Halle,Asteraceae,Taraxacum officinale,Random_census5,16,30,3
Halle,Asteraceae,Taraxacum officinale,Random_census6,15,80,3
Halle,Asteraceae,Taraxacum officinale,Random_census7,17,50,3
Halle,Asteraceae,Taraxacum officinale,Random_census9,16,80,3
Halle,Asteraceae,Zinnia elegans,Random_census1,33,200,3
Halle,Asteraceae,Zinnia elegans,Random_census6,34,150,3
Halle,Balsaminaceae,Impatiens glandulifera,Random_census1,31,115,3
Halle,Boraginaceae,Aegonychon purpurocaeruleum,Random_census1,18,500,3
Halle,Boraginaceae,Aegonychon purpurocaeruleum,Random_census2,19,2000,3
Halle,Boraginaceae,Cerinthe minor,Random_census1,22,800,3
Halle,Boraginaceae,Cerinthe minor,Random_census3,23,300,3
Halle,Boraginaceae,Pentaglottis sempervirens,Random_census10,21,1500,3
Halle,Boraginaceae,Pentaglottis sempervirens,Random_census5,19,500,3
Halle,Boraginaceae,Pulmonaria mollissima,Random_census1,15,300,6
Halle,Boraginaceae,Pulmonaria mollissima,Random_census1,17,86,3
Halle,Boraginaceae,Pulmonaria mollissima,Random_census19,14,200,1
Halle,Boraginaceae,Pulmonaria mollissima,Random_census3,13,200,30
Halle,Boraginaceae,Pulmonaria mollissima,Random_census4,13,200,30
Halle,Boraginaceae,Pulmonaria mollissima,Random_census9,14,200,1
Halle,Boraginaceae,Symphytum officinale,Random_census2,22,400,3
Halle,Brassicaceae,Alyssum saxatile,Random_census4,18,33600,3
Halle,Brassicaceae,Arabis alpina,Random_census8,15,2000,3
Halle,Brassicaceae,Aubrieta deltoidea,Random_census10,19,300,3
Halle,Brassicaceae,Aubrieta deltoidea,Random_census7,18,2050,3
Halle,Brassicaceae,Aubrieta olympica,Random_census3,17,1300,3
Halle,Brassicaceae,Aubrieta parviflora,Random_census4,17,1500,3
Halle,Brassicaceae,Aubrieta parviflora,Random_census5,17,1500,3
Halle,Brassicaceae,Aubrieta pinardii,Random_census7,21,100,3
Halle,Brassicaceae,Barbarea vulgaris,Random_census10,18,1000,3
Halle,Brassicaceae,Crambe maritima,Random_census8,20,10000,3
Halle,Brassicaceae,Erysimum pulchellum,Random_census1,20,5000,3
Halle,Brassicaceae,Iberis sempervirens,FocalNA,14,3000,15
Halle,Brassicaceae,Iberis sempervirens,FocalNA,15,8000,15
Halle,Brassicaceae,Iberis sempervirens,FocalNA,16,20000,15
Halle,Brassicaceae,Iberis sempervirens,FocalNA,17,45000,15
Halle,Brassicaceae,Iberis sempervirens,FocalNA,18,45000,15
Halle,Brassicaceae,Iberis sempervirens,FocalNA,19,50000,15
Halle,Brassicaceae,Malcolmia maritima,Random_census10,16,950,3
Halle,Brassicaceae,Moricandia arvensis,Random_census3,34,80,3
Halle,Brassicaceae,Sisymbrium officinale,Random_census2,21,10000,3
Halle,Cactaceae,Cylindropuntia imbricata,Random_census2,26,280,3
Halle,Campanulaceae,Campanula poscharskyana,Random_census10,23,500,3
Halle,Campanulaceae,Platycodon grandiflorus,FocalNA,27,120,15
Halle,Campanulaceae,Platycodon grandiflorus,FocalNA,28,300,15
Halle,Campanulaceae,Platycodon grandiflorus,FocalNA,29,160,15
Halle,Campanulaceae,Platycodon grandiflorus,FocalNA,31,26,15
Halle,Campanulaceae,Platycodon grandiflorus,FocalNA,32,18,15
Halle,Caprifoliaceae,Centranthus ruber,FocalNA,23,900,15
Halle,Caprifoliaceae,Centranthus ruber,FocalNA,24,1000,15
Halle,Caprifoliaceae,Centranthus ruber,FocalNA,25,2250,15
Halle,Caprifoliaceae,Centranthus ruber,FocalNA,28,550,15
Halle,Caprifoliaceae,Centranthus ruber,FocalNA,29,864,15
Halle,Caprifoliaceae,Centranthus ruber,FocalNA,31,3330,15
Halle,Caprifoliaceae,Centranthus ruber,FocalNA,32,3526,15
Halle,Caprifoliaceae,Centranthus ruber,FocalNA,33,1650,15
Halle,Caprifoliaceae,Centranthus ruber,FocalNA,34,2850,15
Halle,Caprifoliaceae,Cephalaria uralensis,Random_census5,33,80,3
Halle,Caprifoliaceae,Cephalaria uralensis,Random_census6,32,25,3
Halle,Caprifoliaceae,Knautia dipsacifolia,Random_census10,25,300,3
Halle,Caprifoliaceae,Knautia dipsacifolia,Random_census4,26,500,3
Halle,Caprifoliaceae,Succisella inflexa,Random_census6,33,100,3
Halle,Caprifoliaceae,Valeriana phu,Random_census3,22,4000,3
Halle,Caryophyllaceae,Dianthus carthusianorum,FocalNA,27,250,15
Halle,Caryophyllaceae,Dianthus carthusianorum,FocalNA,28,200,16
Halle,Caryophyllaceae,Dianthus carthusianorum,FocalNA,29,120,15
Halle,Caryophyllaceae,Dianthus carthusianorum,FocalNA,31,50,15
Halle,Caryophyllaceae,Dianthus carthusianorum,FocalNA,32,27,15
Halle,Caryophyllaceae,Dianthus carthusianorum,FocalNA,33,23,15
Halle,Caryophyllaceae,Gypsophila paniculata,Random_census1,26,200000,3
Halle,Caryophyllaceae,Saponaria officinalis,FocalNA,28,120,15
Halle,Caryophyllaceae,Saponaria officinalis,FocalNA,31,30,15
Halle,Caryophyllaceae,Saponaria officinalis,FocalNA,33,180,15
Halle,Caryophyllaceae,Silene chungtienensis,Random_census5,21,50,3
Halle,Caryophyllaceae,Silene viscaria,FocalNA,16,40,15
Halle,Caryophyllaceae,Silene viscaria,FocalNA,17,200,15
Halle,Caryophyllaceae,Silene viscaria,FocalNA,18,380,15
Halle,Caryophyllaceae,Silene viscaria,FocalNA,19,500,15
Halle,Cistaceae,Cistus salviifolius,Random_census8,24,350,3
Halle,Cistaceae,Helianthemum apenninum,Random_census1,23,200,3
Halle,Cistaceae,Helianthemum nummularium,FocalNA,24,250,15
Halle,Cistaceae,Helianthemum nummularium,FocalNA,25,150,15
Halle,Cistaceae,Helianthemum nummularium,FocalNA,31,20,15
Halle,Cistaceae,Helianthemum nummularium,FocalNA,33,30,15
Halle,Crassulaceae,Phedimus kamtschaticus,Random_census5,27,800,3
Halle,Ericaceae,Pieris japonica,Random_census2,15,100000,3
Halle,Ericaceae,Pieris japonica,Random_census20,14,100000,1
Halle,Ericaceae,Pieris japonica,Random_census6,14,100000,1
Halle,Ericaceae,Pieris japonica,Random_census8,16,100000,3
Halle,Ericaceae,Rhododendron smirnowii,Random_census4,20,8000,3
Halle,Fabaceae,Astragalus alopecurus,Random_census9,24,200,3
Halle,Fabaceae,Baptisia australis,Random_census7,22,50,3
Halle,Fabaceae,Baptisia australis,Random_census7,23,300,3
Halle,Fabaceae,Galega officinalis,Random_census1,25,1200,3
Halle,Fabaceae,Galega officinalis,Random_census2,25,1200,3
Halle,Fabaceae,Galega officinalis,Random_census2,27,2000,3
Halle,Fabaceae,Genista hispanica,Random_census3,20,8000,3
Halle,Fabaceae,Genista hispanica,Random_census9,19,100000,3
Halle,Fabaceae,Genista radiata,Random_census9,23,100000,3
Halle,Fabaceae,Hippocrepis emerus,Random_census5,20,3000,3
Halle,Fabaceae,Hippocrepis emerus,Random_census6,17,10000,3
Halle,Fabaceae,Lathyrus vernus,FocalNA,14,75,15
Halle,Fabaceae,Lathyrus vernus,FocalNA,15,8000,15
Halle,Fabaceae,Lathyrus vernus,FocalNA,16,225,15
Halle,Fabaceae,Lathyrus vernus,FocalNA,17,100,15
Halle,Fabaceae,Lathyrus vernus,FocalNA,18,200,15
Halle,Fabaceae,Lathyrus vernus,FocalNA,19,30,15
Halle,Fabaceae,Lathyrus vernus,FocalNA,20,200,15
Halle,Fabaceae,Lathyrus vernus,FocalNA,21,200,15
Halle,Fabaceae,Lathyrus vernus,FocalNA,22,50,15
Halle,Fabaceae,Lathyrus vernus,Random_census7,20,200,3
Halle,Fabaceae,Lotus corniculatus,FocalNA,23,300,15
Halle,Fabaceae,Lotus corniculatus,FocalNA,25,100,15
Halle,Fabaceae,Lotus corniculatus,FocalNA,26,175,15
Halle,Fabaceae,Lotus corniculatus,FocalNA,27,100,15
Halle,Fabaceae,Lotus corniculatus,FocalNA,28,72,15
Halle,Fabaceae,Lotus corniculatus,FocalNA,33,29,15
Halle,Fabaceae,Melilotus albus,Random_census6,27,10000,3
Halle,Fabaceae,Melilotus albus,Random_census7,33,23520,3
Halle,Fabaceae,Trifolium rubens,Random_census10,24,1000,3
Halle,Fabaceae,Wisteria sinensis,Random_census2,20,7000,3
Halle,Geraniaceae,Erodium cicutarium,Random_census6,18,500,3
Halle,Hydrophyllaceae,Phacelia congesta,Random_census5,24,600,3
Halle,Hypericaceae,Hypericum olympicum,FocalNA,24,100,15
Halle,Hypericaceae,Hypericum olympicum,FocalNA,25,300,15
Halle,Hypericaceae,Hypericum olympicum,FocalNA,26,250,15
Halle,Hypericaceae,Hypericum olympicum,Random_census1,24,100,3
Halle,Hypericaceae,Hypericum perforatum,FocalNA,26,100,15
Halle,Hypericaceae,Hypericum perforatum,FocalNA,27,30,15
Halle,Hypericaceae,Hypericum perforatum,FocalNA,28,6,15
Halle,Lamiaceae,Ballota nigra,Random_census8,25,1500,3
Halle,Lamiaceae,Ballota nigra,Random_census9,25,1500,3
Halle,Lamiaceae,Betonica officinalis,Random_census9,25,1000,3
Halle,Lamiaceae,Clinopodium nepeta,Random_census11,34,150,3
Halle,Lamiaceae,Clinopodium nepeta,Random_census5,32,2400,3
Halle,Lamiaceae,Lamium album,FocalNA,17,150,15
Halle,Lamiaceae,Lamium album,FocalNA,18,825,15
Halle,Lamiaceae,Lamium album,FocalNA,19,600,15
Halle,Lamiaceae,Lamium album,FocalNA,20,300,15
Halle,Lamiaceae,Lamium album,FocalNA,21,100,15
Halle,Lamiaceae,Lamium album,FocalNA,23,25,15
Halle,Lamiaceae,Lamium orvala,Random_census4,19,3000,3
Halle,Lamiaceae,Lamium purpureum,Random_census9,17,40,3
Halle,Lamiaceae,Lavandula angustifolia,FocalNA,25,12500,15
Halle,Lamiaceae,Lavandula angustifolia,FocalNA,26,30000,15
Halle,Lamiaceae,Lavandula angustifolia,FocalNA,27,20000,15
Halle,Lamiaceae,Lavandula angustifolia,FocalNA,28,2000,15
Halle,Lamiaceae,Lavandula angustifolia,FocalNA,29,100,15
Halle,Lamiaceae,Marrubium peregrinum,Random_census3,28,5000,3
Halle,Lamiaceae,Marrubium peregrinum,Random_census6,29,2000,3
Halle,Lamiaceae,Marrubium peregrinum,Random_census7,32,3800,3
Halle,Lamiaceae,Monarda citriodora,Random_census2,29,1200,3
Halle,Lamiaceae,Nepeta clarkei,Random_census2,18,12960,3
Halle,Lamiaceae,Nepeta clarkei,Random_census8,19,10000,3
Halle,Lamiaceae,Origanum vulgare,FocalNA,28,3100,15
Halle,Lamiaceae,Origanum vulgare,FocalNA,29,500,15
Halle,Lamiaceae,Origanum vulgare,FocalNA,31,150,15
Halle,Lamiaceae,Phlomoides tuberosa,Random_census5,23,2900,3
Halle,Lamiaceae,Prunella grandiflora,Random_census7,24,400,3
Halle,Lamiaceae,Salvia officinalis,FocalNA,22,7200,15
Halle,Lamiaceae,Salvia officinalis,FocalNA,23,10000,15
Halle,Lamiaceae,Salvia officinalis,FocalNA,24,100,15
Halle,Lamiaceae,Salvia officinalis,FocalNA,26,40,15
Halle,Lamiaceae,Salvia sclarea,Random_census6,25,600,3
Halle,Lamiaceae,Salvia sclarea,Random_census7,26,910,3
Halle,Lamiaceae,Satureja montana,Random_census10,34,4500,3
Halle,Lamiaceae,Satureja montana,Random_census3,33,10000,3
Halle,Lamiaceae,Satureja montana,Random_census5,31,1000,3
Halle,Lamiaceae,Scutellaria baicalensis,Random_census8,31,200,3
Halle,Lamiaceae,Stachys byzantina,Random_census5,25,250,3
Halle,Lamiaceae,Teucrium scorodonia,Random_census8,26,20000,3
Halle,Lamiaceae,Thymus vulgaris,Random_census4,21,10000,3
Halle,Lamiaceae,Thymus vulgaris,Random_census8,21,20000,3
Halle,Liliaceae,Tulipa sylvestris,FocalNA,16,60,15
Halle,Liliaceae,Tulipa sylvestris,Random_census5,16,100,3
Halle,Limnanthaceae,Limnanthes douglasii,Random_census5,22,1500,3
Halle,Lythraceae,Lythrum salicaria,Random_census1,34,600,3
Halle,Lythraceae,Lythrum salicaria,Random_census2,32,1470,3
Halle,Lythraceae,Lythrum salicaria,Random_census4,28,552,3
Halle,Lythraceae,Lythrum salicaria,Random_census4,31,800,3
Halle,Lythraceae,Lythrum salicaria,Random_census5,29,1540,3
Halle,Lythraceae,Lythrum salicaria,Random_census8,33,750,3
Halle,Magnoliaceae,Magnolia stellata,Random_census13,14,300,1
Halle,Magnoliaceae,Magnolia stellata,Random_census5,14,300,1
Halle,Malvaceae,Malva thuringiaca,Random_census2,31,120,3
Halle,Malvaceae,Malva thuringiaca,Random_census5,28,60,3
Halle,Malvaceae,Malva thuringiaca,Random_census9,26,120,3
Halle,Oleaceae,Chrysojasminum fruticans,Random_census1,21,1500,3
Halle,Oleaceae,Syringa tomentella,Random_census6,21,300,3
Halle,Onagraceae,Fuchsia magellanica,FocalNA,27,150,15
Halle,Onagraceae,Fuchsia magellanica,FocalNA,28,200,15
Halle,Onagraceae,Fuchsia magellanica,FocalNA,29,420,15
Halle,Onagraceae,Fuchsia magellanica,FocalNA,31,170,15
Halle,Onagraceae,Fuchsia magellanica,FocalNA,32,150,15
Halle,Onagraceae,Fuchsia magellanica,FocalNA,34,70,15
Halle,Onagraceae,Oenothera odorata,Random_census3,24,20,3
Halle,Oxalidaceae,Oxalis acetosella,FocalNA,16,150,15
Halle,Paeoniaceae,Paeonia daurica,Random_census6,19,14,3
Halle,Paeoniaceae,Paeonia officinalis,Random_census9,18,1,3
Halle,Papaveraceae,Chelidonium majus,FocalNA,19,200,15
Halle,Papaveraceae,Chelidonium majus,FocalNA,20,150,15
Halle,Papaveraceae,Chelidonium majus,FocalNA,21,50,15
Halle,Papaveraceae,Chelidonium majus,Random_census1,19,200,3
Halle,Papaveraceae,Corydalis cava,Random_census10,15,1800,3
Halle,Papaveraceae,Corydalis cava,Random_census14,14,255,1
Halle,Papaveraceae,Corydalis cava,Random_census2,13,200,30
Halle,Papaveraceae,Eschscholzia californica,Random_census4,27,40,3
Halle,Plantaginaceae,Digitalis purpurea,Random_census6,23,200,3
Halle,Plantaginaceae,Globularia trichosantha,Random_census4,22,100,3
Halle,Plantaginaceae,Gratiola officinalis,FocalNA,23,400,15
Halle,Plantaginaceae,Gratiola officinalis,FocalNA,24,100,15
Halle,Plantaginaceae,Penstemon hartwegii,Random_census7,25,840,3
Halle,Plumbaginaceae,Limonium gmelini,Random_census6,31,875,3
Halle,Plumbaginaceae,Limonium sinuatum,Random_census1,27,1850,3
Halle,Polygonaceae,Polygonum bistorta,FocalNA,18,65,15
Halle,Primulaceae,Primula denticulata,FocalNA,18,5,15
Halle,Primulaceae,Primula veris,FocalNA,15,200,15
Halle,Primulaceae,Primula veris,FocalNA,16,200,15
Halle,Primulaceae,Primula veris,FocalNA,17,172,15
Halle,Primulaceae,Primula vulgaris,Random_census10,14,20,1
Halle,Primulaceae,Primula vulgaris,Random_census12,14,20,1
Halle,Primulaceae,Primula vulgaris,Random_census15,14,20,1
Halle,Primulaceae,Primula vulgaris,Random_census17,14,20,1
Halle,Primulaceae,Primula vulgaris,Random_census2,14,20,1
Halle,Primulaceae,Primula vulgaris,Random_census4,15,500,3
Halle,Primulaceae,Primula vulgaris,Random_census9,15,500,3
Halle,Ranunculaceae,Aconitum lycoctonum,FocalNA,21,45,15
Halle,Ranunculaceae,Aconitum lycoctonum,FocalNA,26,40,15
Halle,Ranunculaceae,Aconitum lycoctonum,Random_census2,24,700,3
Halle,Ranunculaceae,Aconitum vulparia,Random_census3,25,500,3
Halle,Ranunculaceae,Clematis integrifolia,FocalNA,27,120,15
Halle,Ranunculaceae,Clematis integrifolia,FocalNA,28,78,15
Halle,Ranunculaceae,Clematis integrifolia,FocalNA,29,160,15
Halle,Ranunculaceae,Clematis integrifolia,FocalNA,31,80,15
Halle,Ranunculaceae,Clematis integrifolia,FocalNA,32,60,15
Halle,Ranunculaceae,Clematis integrifolia,FocalNA,33,40,15
Halle,Ranunculaceae,Clematis integrifolia,FocalNA,34,21,15
Halle,Ranunculaceae,Clematis recta,FocalNA,27,700,15
Halle,Ranunculaceae,Clematis recta,FocalNA,28,300,15
Halle,Ranunculaceae,Clematis recta,FocalNA,29,1680,15
Halle,Ranunculaceae,Clematis recta,FocalNA,31,600,15
Halle,Ranunculaceae,Clematis recta,FocalNA,32,400,15
Halle,Ranunculaceae,Clematis recta,FocalNA,33,120,15
Halle,Ranunculaceae,Clematis recta,FocalNA,34,21,15
Halle,Ranunculaceae,Delphinium elatum,Random_census2,23,120,3
Halle,Ranunculaceae,Ranunculus bulbosus,Random_census5,18,500,3
Halle,Ranunculaceae,Ranunculus bulbosus,Random_census7,19,500,3
Halle,Ranunculaceae,Ranunculus bulbosus,Random_census9,20,300,3
Halle,Ranunculaceae,Ranunculus caucasicus,Random_census8,22,150,3
Halle,Ranunculaceae,Ranunculus ficaria,Random_census7,15,100,3
Halle,Ranunculaceae,Ranunculus lanuginosus,Random_census2,17,36,3
Halle,Ranunculaceae,Thalictrum flavum,Random_census4,25,1000,3
Halle,Resedaceae,Reseda alba,Random_census8,34,272,3
Halle,Resedaceae,Reseda lutea,Random_census6,22,180,3
Halle,Resedaceae,Reseda odorata,Random_census9,34,3000,3
Halle,Rosaceae,Cotoneaster adpressus,Random_census3,18,10000,3
Halle,Rosaceae,Drymocallis rupestris,Random_census3,21,1200,3
Halle,Rosaceae,Drymocallis rupestris,Random_census6,20,400,3
Halle,Rosaceae,Fragaria vesca,FocalNA,16,100,15
Halle,Rosaceae,Fragaria vesca,FocalNA,17,45,15
Halle,Rosaceae,Fragaria vesca,FocalNA,19,30,15
Halle,Rosaceae,Fragaria vesca,FocalNA,20,22,30
Halle,Rosaceae,Geum rivale,FocalNA,17,33,15
Halle,Rosaceae,Geum rivale,FocalNA,19,120,15
Halle,Rosaceae,Geum rivale,FocalNA,20,100,15
Halle,Rosaceae,Potentilla delphinensis,Random_census10,22,50,3
Halle,Rosaceae,Potentilla montana,Random_census8,17,150,3
Halle,Rosaceae,Potentilla sterilis,Random_census11,14,30,1
Halle,Rosaceae,Potentilla sterilis,Random_census18,14,30,1
Halle,Rosaceae,Prunus tenella,Random_census1,16,400,3
Halle,Rosaceae,Rosa foetida,Random_census9,21,500,3
Halle,Rosaceae,Waldsteinia ternata,Random_census2,16,400,3
Halle,Rosaceae,Waldsteinia ternata,Random_census7,16,250,3
Halle,Rutaceae,Dictamnus albus,FocalNA,22,240,15
Halle,Rutaceae,Dictamnus albus,FocalNA,23,250,15
Halle,Saxifragaceae,Heuchera grossulariifolia,Random_census9,22,12000,3
Halle,Solanaceae,Scopolia carniolica,FocalNA,15,80,15
Halle,Solanaceae,Solanum dulcamara,FocalNA,23,200,15
Halle,Solanaceae,Solanum dulcamara,FocalNA,24,20,15
Halle,Solanaceae,Solanum dulcamara,FocalNA,25,15,15
Halle,Solanaceae,Solanum dulcamara,FocalNA,26,7,15
Halle,Solanaceae,Solanum dulcamara,FocalNA,33,8,15
Halle,Verbenaceae,Verbena rigida,Random_census4,23,40,3
Halle,Verbenaceae,Verbena rigida,Random_census5,26,1650,3
Halle,Violaceae,Viola odorata,FocalNA,13,250,45
Halle,Violaceae,Viola odorata,FocalNA,14,100,15
Jena,Amaryllidaceae,Agapanthus africanus,Random_census5,31,200,3
Jena,Amaryllidaceae,Allium cernuum,Random_census6,25,1600,3
Jena,Amaryllidaceae,Allium tuberosum,Random_census1,33,1058,3
Jena,Amaryllidaceae,Allium ursinum,FocalNA,19,1150,15
Jena,Amaryllidaceae,Allium ursinum,FocalNA,20,300,15
Jena,Amaryllidaceae,Ipheion uniflorum,Random_census1,17,200,15
Jena,Apiaceae,Daucus carota,Random_census4,32,1800,3
Jena,Apiaceae,Heracleum sphondylium,Random_census10,31,110,3
Jena,Apiaceae,Seseli montanum,Random_census8,33,15000,3
Jena,Apocynaceae,Vinca minor,FocalNA,14,150,15
Jena,Apocynaceae,Vincetoxicum hirundinaria,FocalNA,23,1020,15
Jena,Apocynaceae,Vincetoxicum hirundinaria,FocalNA,25,125,15
Jena,Apocynaceae,Vincetoxicum hirundinaria,FocalNA,28,30,15
Jena,Asparagaceae,Ornithogalum nutans,Random_census9,15,25,3
Jena,Asphodelaceae,Asphodelus albus,FocalNA,20,116,15
Jena,Asphodelaceae,Asphodelus albus,Random_census8,22,500,3
Jena,Asteraceae,Achillea filipendulina,Random_census3,27,8,3
Jena,Asteraceae,Achillea filipendulina,Random_census3,28,10000,3
Jena,Asteraceae,Achillea filipendulina,Random_census8,29,2000,3
Jena,Asteraceae,Achillea millefolium,FocalNA,24,90,15
Jena,Asteraceae,Achillea millefolium,FocalNA,26,1400,3
Jena,Asteraceae,Achillea millefolium,FocalNA,27,1000,15
Jena,Asteraceae,Achillea millefolium,FocalNA,28,2200,15
Jena,Asteraceae,Achillea millefolium,FocalNA,29,1218,15
Jena,Asteraceae,Achillea millefolium,FocalNA,31,400,15
Jena,Asteraceae,Achillea millefolium,FocalNA,32,300,15
Jena,Asteraceae,Bellis perennis,Random_census1,19,1000,3
Jena,Asteraceae,Centaurea scabiosa,Random_census6,26,36,3
Jena,Asteraceae,Centaurea stoebe,Random_census6,27,98,3
Jena,Asteraceae,Centaurea subtilis,Random_census4,29,25,3
Jena,Asteraceae,Cicerbita macrophylla,Random_census6,33,300,3
Jena,Asteraceae,Cicerbita plumieri,Random_census11,32,750,3
Jena,Asteraceae,Cichorium intybus,Random_census4,31,40,3
Jena,Asteraceae,Erigeron annuus,Random_census7,27,600,3
Jena,Asteraceae,Erigeron annuus,Random_census9,31,200,3
Jena,Asteraceae,Eutrochium maculatum,Random_census8,31,50,3
Jena,Asteraceae,Helichrysum arenarium,Random_census5,29,860,3
Jena,Asteraceae,Hieracium sp,Random_census1,31,30,3
Jena,Asteraceae,Hypochaeris maculata,Random_census10,33,1500,3
Jena,Asteraceae,Inula salicina,Random_census10,26,39,3
Jena,Asteraceae,Jacobaea erucifolia,Random_census2,29,315,3
Jena,Asteraceae,Leucanthemum vulgare,FocalNA,24,20,15
Jena,Asteraceae,Leucanthemum vulgare,FocalNA,25,350,15
Jena,Asteraceae,Leucanthemum vulgare,FocalNA,26,30,3
Jena,Asteraceae,Pentanema helenioides,Random_census2,26,27,3
Jena,Asteraceae,Pilosella officinarum,Random_census1,23,70,3
Jena,Asteraceae,Rudbeckia fulgida,Random_census5,28,48,3
Jena,Asteraceae,Solidago flexicaulis,Random_census7,31,160,3
Jena,Asteraceae,Solidago flexicaulis,Random_census8,32,1000,3
Jena,Asteraceae,Tripleurospermum maritimum,Random_census2,32,50,3
Jena,Boraginaceae,Alkanna orientalis,Random_census1,20,300,3
Jena,Boraginaceae,Alkanna orientalis,Random_census6,22,138,3
Jena,Boraginaceae,Alkanna orientalis,Random_census6,23,120,3
Jena,Boraginaceae,Borago officinalis,Random_census10,25,175,3
Jena,Boraginaceae,Brunnera macrophylla,FocalNA,17,380,15
Jena,Boraginaceae,Brunnera macrophylla,FocalNA,18,200,15
Jena,Boraginaceae,Brunnera macrophylla,FocalNA,19,420,15
Jena,Boraginaceae,Brunnera macrophylla,FocalNA,21,150,15
Jena,Boraginaceae,Brunnera macrophylla,FocalNA,22,23,15
Jena,Boraginaceae,Lindelofia anchusoides,Random_census7,23,800,3
Jena,Boraginaceae,Symphytum bulbosum,Random_census4,15,320,3
Jena,Boraginaceae,Symphytum officinale,Random_census7,25,500,3
Jena,Brassicaceae,Arabis alpina,Random_census1,15,500,3
Jena,Brassicaceae,Aubrieta pinardii,Random_census4,17,350,15
Jena,Brassicaceae,Aubrieta pinardii,Random_census4,18,300,3
Jena,Brassicaceae,Aubrieta pinardii,Random_census6,15,600,3
Jena,Brassicaceae,Aubrieta pinardii,Random_census8,19,175,3
Jena,Brassicaceae,Brassica oleracea,Random_census2,21,460,3
Jena,Brassicaceae,Cardamine pratensis,Random_census3,17,1200,15
Jena,Brassicaceae,Cardamine pratensis,Random_census3,18,800,3
Jena,Brassicaceae,Cardamine pratensis,Random_census9,19,15,3
Jena,Brassicaceae,Iberis sempervirens,FocalNA,17,4000,15
Jena,Brassicaceae,Iberis sempervirens,FocalNA,18,4500,15
Jena,Brassicaceae,Iberis sempervirens,FocalNA,19,8000,15
Jena,Brassicaceae,Iberis sempervirens,FocalNA,20,2800,15
Jena,Brassicaceae,Iberis sempervirens,FocalNA,21,2250,15
Jena,Brassicaceae,Iberis sempervirens,Random_census4,17,3000,15
Jena,Brassicaceae,Iberis sempervirens,Random_census7,15,300,3
Jena,Campanulaceae,Campanula alliariifolia,Random_census2,27,300,3
Jena,Campanulaceae,Campanula alliariifolia,Random_census9,29,200,3
Jena,Campanulaceae,Campanula glomerata,Random_census9,23,90,3
Jena,Campanulaceae,Campanula lactiflora,Random_census8,26,130,3
Jena,Campanulaceae,Campanula lactiflora,Random_census9,27,344,3
Jena,Campanulaceae,Campanula persicifolia,Random_census10,24,63,3
Jena,Campanulaceae,Campanula pyramidalis,Random_census5,33,15,3
Jena,Campanulaceae,Campanula rapunculoides,Random_census4,26,224,3
Jena,Campanulaceae,Campanula rapunculoides,Random_census5,25,34,3
Jena,Campanulaceae,Campanula rotundifolia,FocalNA,23,73,30
Jena,Campanulaceae,Campanula sp,Random_census3,26,120,3
Jena,Campanulaceae,Campanula sp,Random_census3,29,22,3
Jena,Caprifoliaceae,Knautia arvensis,Random_census5,32,1800,3
Jena,Caprifoliaceae,Lomelosia albocincta,Random_census7,29,20,3
Jena,Caprifoliaceae,Lonicera floribunda,Random_census4,21,3000,3
Jena,Caprifoliaceae,Lonicera floribunda,Random_census7,20,2500,3
Jena,Caprifoliaceae,Scabiosa canescens,Random_census3,31,140,3
Jena,Caryophyllaceae,Cerastium arvense,Random_census5,21,450,3
Jena,Caryophyllaceae,Cerastium arvense,Random_census8,20,225,3
Jena,Caryophyllaceae,Dianthus petraeus,Random_census10,23,125,3
Jena,Caryophyllaceae,Silene nutans,FocalNA,22,100,15
Jena,Caryophyllaceae,Silene nutans,FocalNA,23,72,15
Jena,Caryophyllaceae,Silene viscaria,FocalNA,20,600,15
Jena,Caryophyllaceae,Silene viscaria,FocalNA,21,1000,15
Jena,Caryophyllaceae,Silene viscaria,FocalNA,22,12,15
Jena,Crassulaceae,Phedimus aizoon,Random_census3,25,1000,3
Jena,Ericaceae,Rhododendron saluenense,Random_census7,18,560,3
Jena,Euphorbiaceae,Euphorbia nicaeensis,Random_census11,25,1440,3
Jena,Euphorbiaceae,Euphorbia nicaeensis,Random_census2,25,400,3
Jena,Fabaceae,Anthyllis vulneraria,Random_census6,24,1000,3
Jena,Fabaceae,Anthyllis vulneraria,Random_census8,23,1400,3
Jena,Fabaceae,Anthyllis vulneraria,Random_census9,25,1300,3
Jena,Fabaceae,Baptisia australis,Random_census5,23,561,3
Jena,Fabaceae,Baptisia australis,Random_census7,24,420,3
Jena,Fabaceae,Chamaecytisus austriacus,Random_census9,26,120,3
Jena,Fabaceae,Chamaecytisus hirsutus,Random_census8,27,220,3
Jena,Fabaceae,Coronilla orientalis,Random_census1,24,41,3
Jena,Fabaceae,Coronilla varia,FocalNA,26,1728,3
Jena,Fabaceae,Coronilla varia,FocalNA,27,294,15
Jena,Fabaceae,Coronilla varia,FocalNA,28,175,15
Jena,Fabaceae,Coronilla varia,FocalNA,29,8000,15
Jena,Fabaceae,Coronilla varia,FocalNA,31,120,15
Jena,Fabaceae,Cytisophyllum sessilifolium,Random_census1,21,5000,3
Jena,Fabaceae,Cytisophyllum sessilifolium,Random_census3,20,5000,3
Jena,Fabaceae,Cytisophyllum sessilifolium,Random_census6,21,1000,3
Jena,Fabaceae,Cytisophyllum sessilifolium,Random_census8,22,500,3
Jena,Fabaceae,Desmodium canadense,Random_census1,29,130,3
Jena,Fabaceae,Galega officinalis,FocalNA,26,2400,3
Jena,Fabaceae,Galega officinalis,FocalNA,27,750,15
Jena,Fabaceae,Galega officinalis,FocalNA,28,500,15
Jena,Fabaceae,Galega officinalis,FocalNA,29,775,15
Jena,Fabaceae,Galega officinalis,FocalNA,31,80,15
Jena,Fabaceae,Galega officinalis,FocalNA,32,100,15
Jena,Fabaceae,Genista germanica,Random_census3,19,2500,3
Jena,Fabaceae,Genista germanica,Random_census9,18,2500,3
Jena,Fabaceae,Genista tinctoria,FocalNA,26,1500,3
Jena,Fabaceae,Genista tinctoria,FocalNA,27,960,15
Jena,Fabaceae,Lathyrus aureus,Random_census10,21,200,3
Jena,Fabaceae,Lathyrus aureus,Random_census7,21,300,3
Jena,Fabaceae,Lathyrus aureus,Random_census9,20,1600,3
Jena,Fabaceae,Lathyrus niger,Random_census1,22,400,3
Jena,Fabaceae,Lathyrus niger,Random_census3,22,600,3
Jena,Fabaceae,Lathyrus niger,Random_census7,22,1000,3
Jena,Fabaceae,Lathyrus pratensis,Random_census7,28,150,3
Jena,Fabaceae,Lathyrus vernus,FocalNA,17,175,15
Jena,Fabaceae,Lathyrus vernus,FocalNA,18,100,15
Jena,Fabaceae,Lathyrus vernus,FocalNA,19,75,15
Jena,Fabaceae,Lathyrus vernus,Random_census1,14,100,3
Jena,Fabaceae,Lathyrus vernus,Random_census5,17,160,15
Jena,Fabaceae,Lathyrus vernus,Random_census7,17,900,15
Jena,Fabaceae,Lathyrus vernus,Random_census8,18,900,3
Jena,Fabaceae,Lotus maritimus,FocalNA,23,30,15
Jena,Fabaceae,Lotus maritimus,FocalNA,27,21,15
Jena,Fabaceae,Medicago sativa,Random_census3,32,600,3
Jena,Fabaceae,Medicago sativa,Random_census4,27,800,3
Jena,Fabaceae,Spartium junceum,Random_census1,26,200,3
Jena,Fabaceae,Spartium junceum,Random_census4,23,750,3
Jena,Fabaceae,Trifolium pratense,Random_census1,28,1155,3
Jena,Fabaceae,Trifolium pratense,Random_census2,33,540,3
Jena,Fabaceae,Trifolium pratense,Random_census5,27,1950,3
Jena,Fabaceae,Trifolium pratense,Random_census6,29,1496,3
Jena,Fabaceae,Trifolium pratense,Random_census7,26,1500,3
Jena,Fabaceae,Trifolium pratense,Random_census8,26,1500,3
Jena,Fabaceae,Trifolium pratense,Random_census9,21,12500,3
Jena,Fabaceae,Trifolium pratense,Random_census9,22,500,3
Jena,Fabaceae,Trifolium rubens,Random_census8,24,1600,3
Jena,Fabaceae,Trifolium sp,Random_census8,24,3840,3
Jena,Fabaceae,Vicia sepium,Random_census5,18,15,3
Jena,Fabaceae,Vicia sepium,Random_census8,20,65,3
Jena,Geraniaceae,Geranium molle,Random_census2,19,75,3
Jena,Geraniaceae,Geranium sanguineum,FocalNA,20,35,15
Jena,Geraniaceae,Geranium sanguineum,FocalNA,21,44,15
Jena,Geraniaceae,Geranium sanguineum,FocalNA,22,62,15
Jena,Geraniaceae,Geranium sanguineum,FocalNA,23,74,15
Jena,Geraniaceae,Geranium sanguineum,FocalNA,24,39,15
Jena,Geraniaceae,Geranium sanguineum,FocalNA,25,16,15
Jena,Geraniaceae,Geranium sp,Random_census2,23,200,3
Jena,Hydrangeaceae,Philadelphus pekinensis,Random_census10,20,135,3
Jena,Hydrangeaceae,Philadelphus pekinensis,Random_census2,22,3500,3
Jena,Hydrangeaceae,Philadelphus pekinensis,Random_census8,21,750,3
Jena,Hydrophyllaceae,Phacelia tanacetifolia,Random_census3,24,1224,3
Jena,Hypericaceae,Hypericum fragile,Random_census9,23,42,3
Jena,Hypericaceae,Hypericum hookerianum,Random_census10,27,50,3
Jena,Hypericaceae,Hypericum hookerianum,Random_census8,28,23,3
Jena,Hypericaceae,Hypericum olympicum,FocalNA,24,40,15
Jena,Hypericaceae,Hypericum olympicum,FocalNA,25,32,15
Jena,Hypericaceae,Hypericum perforatum,FocalNA,26,90,3
Jena,Hypericaceae,Hypericum perforatum,FocalNA,27,58,15
Jena,Hypericaceae,Hypericum perforatum,FocalNA,28,60,15
Jena,Iridaceae,Iris germanica,Random_census4,22,110,3
Jena,Iridaceae,Iris pseudacorus,Random_census9,15,40,3
Jena,Lamiaceae,Betonica alopecuros,Random_census4,33,424,3
Jena,Lamiaceae,Betonica officinalis,FocalNA,27,296,15
Jena,Lamiaceae,Betonica officinalis,FocalNA,28,750,15
Jena,Lamiaceae,Betonica officinalis,FocalNA,29,322,15
Jena,Lamiaceae,Dracocephalum rupestre,Random_census10,28,70,3
Jena,Lamiaceae,Lamium album,FocalNA,20,100,15
Jena,Lamiaceae,Lamium album,FocalNA,21,150,15
Jena,Lamiaceae,Lamium album,FocalNA,22,540,15
Jena,Lamiaceae,Lamium galeobdolon,Random_census1,18,500,3
Jena,Lamiaceae,Lamium galeobdolon,Random_census6,19,1500,3
Jena,Lamiaceae,Lamium orvala,Random_census2,17,35,15
Jena,Lamiaceae,Lavandula angustifolia,FocalNA,26,2300,3
Jena,Lamiaceae,Lavandula angustifolia,FocalNA,27,9000,15
Jena,Lamiaceae,Lavandula angustifolia,FocalNA,28,12600,15
Jena,Lamiaceae,Lavandula angustifolia,FocalNA,29,11550,15
Jena,Lamiaceae,Lavandula angustifolia,FocalNA,31,1600,15
Jena,Lamiaceae,Lavandula angustifolia,FocalNA,32,350,15
Jena,Lamiaceae,Lavandula angustifolia,FocalNA,33,250,15
Jena,Lamiaceae,Origanum vulgare,FocalNA,28,1190,15
Jena,Lamiaceae,Origanum vulgare,FocalNA,29,320,15
Jena,Lamiaceae,Origanum vulgare,FocalNA,31,250,15
Jena,Lamiaceae,Origanum vulgare,FocalNA,32,180,15
Jena,Lamiaceae,Origanum vulgare,FocalNA,33,20,15
Jena,Lamiaceae,Salvia nutans,Random_census1,25,850,3
Jena,Lamiaceae,Salvia pratensis,FocalNA,22,254,15
Jena,Lamiaceae,Salvia pratensis,FocalNA,24,22,15
Jena,Lamiaceae,Satureja parnassica,Random_census9,32,900,3
Jena,Lamiaceae,Scutellaria altissima,Random_census2,24,320,3
Jena,Lamiaceae,Scutellaria cordifolia,Random_census8,25,1134,3
Jena,Lamiaceae,Scutellaria cordifolia,Random_census9,24,3000,3
Jena,Lamiaceae,Teucrium canadense,Random_census9,28,95,3
Jena,Lamiaceae,Teucrium chamaedrys,Random_census2,28,100,3
Jena,Linaceae,Linum perenne,FocalNA,21,95,15
Jena,Linaceae,Linum perenne,FocalNA,22,84,15
Jena,Linaceae,Linum perenne,FocalNA,23,114,15
Jena,Linaceae,Linum perenne,FocalNA,24,65,15
Jena,Linaceae,Linum perenne,FocalNA,25,13,15
Jena,Linaceae,Linum perenne,FocalNA,32,10,3
Jena,Linaceae,Linum perenne,Random_census1,32,50,3
Jena,Malvaceae,Malva thuringiaca,Random_census4,28,38,3
Jena,Malvaceae,Tilia henryana,Random_census7,32,300,3
Jena,Malvaceae,Tilia henryana,Random_census8,32,300,3
Jena,Onagraceae,Fuchsia magellanica,FocalNA,32,83,3
Jena,Onagraceae,Fuchsia magellanica,FocalNA,33,73,15
Jena,Paeoniaceae,Paeonia daurica,FocalNA,22,63,15
Jena,Paeoniaceae,Paeonia daurica,FocalNA,23,67,15
Jena,Paeoniaceae,Paeonia daurica,Random_census10,18,2500,3
Jena,Paeoniaceae,Paeonia daurica,Random_census7,19,50,3
Jena,Paeoniaceae,Paeonia delavayi,FocalNA,19,50,15
Jena,Paeoniaceae,Paeonia delavayi,FocalNA,20,16,15
Jena,Paeoniaceae,Paeonia delavayi,FocalNA,21,35,15
Jena,Paeoniaceae,Paeonia mascula,Random_census6,17,37,15
Jena,Paeoniaceae,Paeonia officinalis,FocalNA,18,4,15
Jena,Paeoniaceae,Paeonia officinalis,FocalNA,19,23,15
Jena,Papaveraceae,Chelidonium majus,FocalNA,19,70,15
Jena,Papaveraceae,Chelidonium majus,FocalNA,20,68,15
Jena,Papaveraceae,Chelidonium majus,FocalNA,21,75,15
Jena,Papaveraceae,Corydalis cava,Random_census3,14,300,3
Jena,Papaveraceae,Corydalis cava,Random_census3,15,1500,3
Jena,Papaveraceae,Corydalis cava,Random_census4,14,20,3
Jena,Papaveraceae,Corydalis cava,Random_census5,14,150,3
Jena,Papaveraceae,Papaver nudicaule,Random_census3,23,27,3
Jena,Papaveraceae,Papaver nudicaule,Random_census5,22,17,3
Jena,Papaveraceae,Papaver somniferum,Random_census4,24,26,3
Jena,Papaveraceae,Papaver sp,Random_census5,24,30,3
Jena,Plantaginaceae,Digitalis grandiflora,Random_census4,25,540,3
Jena,Plantaginaceae,Digitalis obscura,Random_census2,25,10,3
Jena,Plantaginaceae,Globularia cordifolia,Random_census5,20,60,3
Jena,Plumbaginaceae,Acantholimon ulicinum,Random_census1,27,675,3
Jena,Plumbaginaceae,Acantholimon ulicinum,Random_census9,29,105,3
Jena,Plumbaginaceae,Limonium gmelini,Random_census6,32,1300,3
Jena,Polemoniaceae,Phlox paniculata,Random_census6,31,60,3
Jena,Polygonaceae,Fagopyrum esculentum,Random_census3,33,2250,3
Jena,Primulaceae,Lysimachia vulgaris,Random_census5,26,828,3
Jena,Primulaceae,Lysimachia vulgaris,Random_census6,28,120,3
Jena,Primulaceae,Primula denticulata,FocalNA,14,300,15
Jena,Primulaceae,Primula veris,FocalNA,17,175,15
Jena,Primulaceae,Primula veris,FocalNA,18,125,15
Jena,Primulaceae,Primula vulgaris,FocalNA,14,20,15
Jena,Primulaceae,Primula vulgaris,FocalNA,15,15,15
Jena,Ranunculaceae,Anemone hupehensis,FocalNA,28,90,15
Jena,Ranunculaceae,Anemone hupehensis,FocalNA,29,157,15
Jena,Ranunculaceae,Anemone hupehensis,FocalNA,31,130,15
Jena,Ranunculaceae,Anemone hupehensis,FocalNA,32,120,15
Jena,Ranunculaceae,Anemone hupehensis,FocalNA,33,6,15
Jena,Ranunculaceae,Anemone hupehensis,Random_census2,31,120,3
Jena,Ranunculaceae,Aquilegia vulgaris,FocalNA,23,30,15
Jena,Ranunculaceae,Clematis recta,FocalNA,25,1350,15
Jena,Ranunculaceae,Hepatica nobilis,FocalNA,14,100,20
Jena,Ranunculaceae,Hepatica nobilis,FocalNA,18,6,15
Jena,Ranunculaceae,Pulsatilla vulgaris,FocalNA,14,12,15
Jena,Ranunculaceae,Ranunculus ficaria,Random_census2,14,50,3
Jena,Ranunculaceae,Ranunculus sp,Random_census6,18,15,3
Jena,Ranunculaceae,Ranunculus sp,Random_census8,20,15,3
Jena,Ranunculaceae,Ranunculus sp,Random_census9,19,100,3
Jena,Rosaceae,Geum rivale,FocalNA,18,50,15
Jena,Rosaceae,Geum rivale,FocalNA,19,100,15
Jena,Rosaceae,Geum rivale,FocalNA,20,120,15
Jena,Rosaceae,Potentilla fruticosa,Random_census7,33,110,3
Jena,Rosaceae,Rosa spinosissima,Random_census3,21,213,3
Jena,Rosaceae,Spiraea chamaedryfolia,Random_census6,20,3500,3
Jena,Rutaceae,Dictamnus albus,FocalNA,24,144,15
Jena,Saxifragaceae,Bergenia ciliata,Random_census5,15,50,3
Jena,Saxifragaceae,Bergenia purpurascens,FocalNA,15,21,15
Jena,Saxifragaceae,Heuchera villosa,Random_census9,33,1500,3
Jena,Scrophulariaceae,Buddleja davidii,Random_census10,32,120,3
Jena,Scrophulariaceae,Scrophularia versicolor,Random_census5,19,500,3
Jena,Scrophulariaceae,Verbascum phoeniceum,Random_census2,18,750,3
Leipzig,Acanthaceae,Thunbergia alata,Random_census5,34,48,3
Leipzig,Alismataceae,Alisma plantago-aquatica,Random_census10,23,800,3
Leipzig,Alismataceae,Alisma plantago-aquatica,Random_census10,24,800,3
Leipzig,Amaryllidaceae,Allium senescens,Random_census9,31,180,3
Leipzig,Amaryllidaceae,Allium ursinum,FocalNA,19,2250,15
Leipzig,Amaryllidaceae,Allium ursinum,FocalNA,20,385,15
Leipzig,Amaryllidaceae,Allium ursinum,Random_census2,20,500,3
Leipzig,Apiaceae,Ferulago aucheri,Random_census7,26,12000,3
Leipzig,Apiaceae,Ferulago aucheri,Random_census9,25,2600,3
Leipzig,Apiaceae,Ligusticum lucidum,Random_census1,33,6500,3
Leipzig,Apiaceae,Seseli montanum,Random_census9,33,130,3
Leipzig,Apocynaceae,Vinca minor,FocalNA,14,120,15
Leipzig,Apocynaceae,Vinca minor,FocalNA,15,130,15
Leipzig,Apocynaceae,Vinca minor,FocalNA,16,260,15
Leipzig,Apocynaceae,Vinca minor,FocalNA,17,280,15
Leipzig,Apocynaceae,Vinca minor,FocalNA,18,300,15
Leipzig,Apocynaceae,Vinca minor,FocalNA,19,450,15
Leipzig,Apocynaceae,Vinca minor,FocalNA,20,80,15
Leipzig,Apocynaceae,Vinca minor,Random_census3,14,120,5
Leipzig,Apocynaceae,Vincetoxicum hirundinaria,FocalNA,21,380,15
Leipzig,Apocynaceae,Vincetoxicum hirundinaria,FocalNA,22,300,15
Leipzig,Apocynaceae,Vincetoxicum hirundinaria,FocalNA,23,110,15
Leipzig,Apocynaceae,Vincetoxicum hirundinaria,FocalNA,24,110,15
Leipzig,Apocynaceae,Vincetoxicum hirundinaria,FocalNA,25,130,15
Leipzig,Asparagaceae,Anthericum ramosum,FocalNA,26,125,15
Leipzig,Asparagaceae,Anthericum ramosum,FocalNA,27,480,15
Leipzig,Asparagaceae,Anthericum ramosum,FocalNA,28,465,15
Leipzig,Asparagaceae,Anthericum ramosum,FocalNA,29,320,15
Leipzig,Asparagaceae,Convallaria majalis,FocalNA,20,185,15
Leipzig,Asparagaceae,Convallaria majalis,FocalNA,21,120,15
Leipzig,Asparagaceae,Muscari botryoides,Random_census1,14,40,5
Leipzig,Asparagaceae,Muscari botryoides,Random_census1,15,10,3
Leipzig,Asparagaceae,Muscari botryoides,Random_census2,17,9,3
Leipzig,Asparagaceae,Muscari botryoides,Random_census2,18,40,3
Leipzig,Asparagaceae,Muscari botryoides,Random_census3,16,80,3
Leipzig,Asparagaceae,Muscari botryoides,Random_census5,12,250,5
Leipzig,Asparagaceae,Muscari botryoides,Random_census7,15,30,3
Leipzig,Asparagaceae,Muscari botryoides,Random_census8,16,615,3
Leipzig,Asparagaceae,Polygonatum biflorum,Random_census5,19,350,3
Leipzig,Asparagaceae,Polygonatum biflorum,Random_census6,20,660,3
Leipzig,Asparagaceae,Polygonatum biflorum,Random_census7,20,660,3
Leipzig,Asparagaceae,Scilla luciliae,Random_census1,12,1000,5
Leipzig,Asparagaceae,Scilla luciliae,Random_census4,12,5000,5
Leipzig,Asphodelaceae,Hemerocallis dumortieri,FocalNA,23,130,15
Leipzig,Asphodelaceae,Hemerocallis dumortieri,FocalNA,24,150,15
Leipzig,Asteraceae,Achillea filipendulina,Random_census6,26,70,3
Leipzig,Asteraceae,Achillea filipendulina,Random_census7,27,8,3
Leipzig,Asteraceae,Anaphalis margaritacea,Random_census4,32,860,3
Leipzig,Asteraceae,Aster mongolicus,Random_census9,34,195,3
Leipzig,Asteraceae,Bellis perennis,Random_census2,16,60,3
Leipzig,Asteraceae,Carduus sp,Random_census2,26,60,3
Leipzig,Asteraceae,Carlina vulgaris,Random_census1,32,250,3
Leipzig,Asteraceae,Centaurea nigra,Random_census3,32,220,3
Leipzig,Asteraceae,Centaurea sadleriana,Random_census6,31,60,3
Leipzig,Asteraceae,Centaurea scabiosa,Random_census1,29,68,3
Leipzig,Asteraceae,Centaurea scabiosa,Random_census10,33,55,3
Leipzig,Asteraceae,Centaurea scabiosa,Random_census4,26,120,3
Leipzig,Asteraceae,Centaurea scabiosa,Random_census6,27,46,3
Leipzig,Asteraceae,Cichorium intybus,Random_census2,29,56,3
Leipzig,Asteraceae,Cirsium vulgare,Random_census7,32,68,3
Leipzig,Asteraceae,Echinacea angustifolia,Random_census5,33,75,3
Leipzig,Asteraceae,Echinacea angustifolia,Random_census7,29,55,3
Leipzig,Asteraceae,Echinops pungens,Random_census7,31,96,3
Leipzig,Asteraceae,Helichrysum italicum,Random_census7,28,2000,3
Leipzig,Asteraceae,Hieracium murorum,Random_census7,21,50,3
Leipzig,Asteraceae,Hypochaeris maculata,Random_census4,22,30,3
Leipzig,Asteraceae,Inula oculus-christi,Random_census1,27,38,3
Leipzig,Asteraceae,Klasea radiata,Random_census4,31,2200,3
Leipzig,Asteraceae,Leucanthemum vulgare,Random_census2,14,4,3
Leipzig,Asteraceae,Leucanthemum vulgare,Random_census2,22,20,3
Leipzig,Asteraceae,Leucanthemum vulgare,Random_census4,21,30,3
Leipzig,Asteraceae,Leucanthemum vulgare,Random_census5,21,20,3
Leipzig,Asteraceae,Psephellus dealbatus,FocalNA,21,50,15
Leipzig,Asteraceae,Psephellus dealbatus,FocalNA,22,180,15
Leipzig,Asteraceae,Psephellus dealbatus,FocalNA,23,80,15
Leipzig,Asteraceae,Psephellus dealbatus,FocalNA,24,18,15
Leipzig,Asteraceae,Psephellus dealbatus,FocalNA,25,280,15
Leipzig,Asteraceae,Psephellus dealbatus,FocalNA,26,3,15
Leipzig,Asteraceae,Rhaponticoides ruthenica,Random_census8,28,1100,3
Leipzig,Asteraceae,Silphium integrifolium,Random_census3,34,4000,3
Leipzig,Asteraceae,Silphium integrifolium,Random_census4,33,4600,3
Leipzig,Asteraceae,Tanacetum coccineum,Random_census5,22,50,3
Leipzig,Asteraceae,Tanacetum vulgare,FocalNA,28,1600,15
Leipzig,Asteraceae,Tanacetum vulgare,FocalNA,29,6000,15
Leipzig,Asteraceae,Tanacetum vulgare,FocalNA,31,480,15
Leipzig,Asteraceae,Taraxacum officinale,Random_census1,16,50,3
Leipzig,Asteraceae,Taraxacum officinale,Random_census4,17,6,3
Leipzig,Asteraceae,Taraxacum sonchoides,Random_census1,26,98,3
Leipzig,Asteraceae,Tussilago farfara,FocalNA,12,150,10
Leipzig,Asteraceae,Tussilago farfara,FocalNA,14,80,15
Leipzig,Asteraceae,Tussilago farfara,FocalNA,15,70,15
Leipzig,Asteraceae,Tussilago farfara,FocalNA,16,40,15
Leipzig,Asteraceae,Tussilago farfara,FocalNA,17,5,15
Leipzig,Asteraceae,Vernonia fasciculata,Random_census4,34,230,3
Leipzig,Balsaminaceae,Impatiens balsamina,Random_census8,34,76,3
Leipzig,Berberidaceae,Berberis aquifolium,Random_census6,15,800,3
Leipzig,Berberidaceae,Berberis aquifolium,Random_census7,17,800,3
Leipzig,Boraginaceae,Anchusa officinalis,Random_census1,19,130,3
Leipzig,Boraginaceae,Anchusa officinalis,Random_census4,21,80,3
Leipzig,Boraginaceae,Anchusa officinalis,Random_census5,20,240,3
Leipzig,Boraginaceae,Anchusa officinalis,Random_census7,18,55,3
Leipzig,Boraginaceae,Echium vulgare,Random_census1,25,100,3
Leipzig,Boraginaceae,Symphytum bulbosum,Random_census3,19,18,3
Leipzig,Boraginaceae,Symphytum bulbosum,Random_census5,18,350,3
Leipzig,Boraginaceae,Symphytum officinale,Random_census1,21,750,3
Leipzig,Boraginaceae,Symphytum officinale,Random_census1,25,100,3
Leipzig,Boraginaceae,Symphytum officinale,Random_census8,23,625,3
Leipzig,Boraginaceae,Symphytum officinale,Random_census9,22,300,3
Leipzig,Brassicaceae,Aethionema grandiflorum,Random_census9,20,10000,3
Leipzig,Brassicaceae,Aurinia saxatilis,Random_census3,18,120,3
Leipzig,Brassicaceae,Erysimum pulchellum,Random_census9,27,58,3
Leipzig,Brassicaceae,Iberis sempervirens,FocalNA,18,200,15
Leipzig,Brassicaceae,Iberis sempervirens,FocalNA,19,5000,15
Leipzig,Brassicaceae,Iberis sempervirens,FocalNA,21,230,15
Leipzig,Brassicaceae,Iberis sempervirens,Random_census7,16,240,3
Leipzig,Brassicaceae,Iberis sempervirens,Random_census8,19,3000,3
Leipzig,Brassicaceae,Lunaria rediviva,Random_census3,20,220,3
Leipzig,Campanulaceae,Campanula alliariifolia,Random_census3,26,150,3
Leipzig,Campanulaceae,Platycodon grandiflorus,FocalNA,31,180,15
Leipzig,Campanulaceae,Platycodon grandiflorus,FocalNA,32,48,15
Leipzig,Caprifoliaceae,Centranthus ruber,FocalNA,24,750,15
Leipzig,Caprifoliaceae,Centranthus ruber,FocalNA,25,750,15
Leipzig,Caprifoliaceae,Centranthus ruber,FocalNA,26,1250,15
Leipzig,Caprifoliaceae,Centranthus ruber,FocalNA,27,950,15
Leipzig,Caprifoliaceae,Centranthus ruber,FocalNA,29,250,15
Leipzig,Caprifoliaceae,Centranthus ruber,FocalNA,34,85,15
Leipzig,Caprifoliaceae,Cephalaria gigantea,Random_census5,31,58,3
Leipzig,Caprifoliaceae,Cephalaria procera,Random_census1,28,230,3
Leipzig,Caprifoliaceae,Cephalaria uralensis,Random_census10,29,25,3
Leipzig,Caprifoliaceae,Knautia arvensis,Random_census4,21,1200,3
Leipzig,Caprifoliaceae,Knautia arvensis,Random_census5,20,1200,3
Leipzig,Caprifoliaceae,Knautia arvensis,Random_census7,24,1200,3
Leipzig,Caprifoliaceae,Knautia dipsacifolia,Random_census8,21,200,3
Leipzig,Caprifoliaceae,Knautia macedonica,Random_census2,23,4500,3
Leipzig,Caprifoliaceae,Knautia macedonica,Random_census4,25,1750,3
Leipzig,Caprifoliaceae,Lomelosia cretica,Random_census3,27,660,3
Leipzig,Caprifoliaceae,Lomelosia cretica,Random_census9,29,62,3
Leipzig,Caprifoliaceae,Lomelosia olgae,Random_census1,34,65,3
Leipzig,Caprifoliaceae,Lomelosia olgae,Random_census2,32,80,3
Leipzig,Caprifoliaceae,Scabiosa ochroleuca,FocalNA,32,90,15
Leipzig,Caprifoliaceae,Scabiosa ochroleuca,FocalNA,33,136,15
Leipzig,Caprifoliaceae,Scabiosa ochroleuca,FocalNA,34,90,15
Leipzig,Caprifoliaceae,Scabiosa triandra,Random_census9,28,60,3
Leipzig,Caprifoliaceae,Succisa pratensis,Random_census2,34,130,3
Leipzig,Caprifoliaceae,Succisa pratensis,Random_census3,33,86,3
Leipzig,Caprifoliaceae,Succisa pratensis,Random_census4,33,86,3
Leipzig,Caprifoliaceae,Weigela florida,Random_census6,17,180,3
Leipzig,Caprifoliaceae,Weigela florida,Random_census7,17,180,3
Leipzig,Caryophyllaceae,Saponaria sicula,Random_census2,31,1600,3
Leipzig,Caryophyllaceae,Saponaria sicula,Random_census4,28,860,3
Leipzig,Caryophyllaceae,Silene coronaria,FocalNA,26,95,15
Leipzig,Caryophyllaceae,Silene coronaria,FocalNA,27,90,15
Leipzig,Caryophyllaceae,Silene coronaria,Random_census8,27,53,3
Leipzig,Caryophyllaceae,Silene latifolia,Random_census2,22,18,3
Leipzig,Caryophyllaceae,Silene nutans,Random_census8,22,80,3
Leipzig,Caryophyllaceae,Silene schafta,Random_census1,31,1500,3
Leipzig,Caryophyllaceae,Silene viscaria,FocalNA,21,3200,15
Leipzig,Caryophyllaceae,Silene viscaria,FocalNA,22,2500,15
Leipzig,Caryophyllaceae,Silene vulgaris,FocalNA,26,12,15
Leipzig,Caryophyllaceae,Silene vulgaris,FocalNA,27,8,15
Leipzig,Cistaceae,Helianthemum nummularium,FocalNA,20,80,15
Leipzig,Cistaceae,Helianthemum nummularium,FocalNA,21,60,15
Leipzig,Cistaceae,Helianthemum nummularium,FocalNA,22,50,15
Leipzig,Cistaceae,Helianthemum nummularium,FocalNA,24,8,15
Leipzig,Convolvulaceae,Convolvulus tricolor,Random_census10,28,60,3
Leipzig,Convolvulaceae,Convolvulus tricolor,Random_census6,28,160,3
Leipzig,Crassulaceae,Phedimus aizoon,Random_census7,23,686,3
Leipzig,Ericaceae,Erica herbacea,Random_census3,15,400,3
Leipzig,Ericaceae,Erica herbacea,Random_census3,17,800,3
Leipzig,Ericaceae,Rhododendron brachycarpum,Random_census7,19,620,3
Leipzig,Ericaceae,Rhododendron degronianum,Random_census6,16,160,3
Leipzig,Ericaceae,Rhododendron thomsonii,Random_census1,18,150,3
Leipzig,Ericaceae,Rhododendron wadanum,Random_census2,15,180,6
Leipzig,Euphorbiaceae,Euphorbia characias,Random_census5,15,380,3
Leipzig,Euphorbiaceae,Euphorbia characias,Random_census9,16,400,3
Leipzig,Euphorbiaceae,Euphorbia seguieriana,Random_census5,24,3400,3
Leipzig,Euphorbiaceae,Euphorbia seguieriana,Random_census5,27,7000,3
Leipzig,Euphorbiaceae,Euphorbia seguieriana,Random_census6,25,3200,3
Leipzig,Euphorbiaceae,Euphorbia seguieriana,Random_census7,25,5460,3
Leipzig,Fabaceae,Lathyrus roseus,Random_census6,21,750,3
Leipzig,Fabaceae,Lathyrus vernus,FocalNA,16,100,15
Leipzig,Fabaceae,Lathyrus vernus,FocalNA,17,150,15
Leipzig,Fabaceae,Lathyrus vernus,FocalNA,18,150,15
Leipzig,Fabaceae,Lathyrus vernus,FocalNA,19,75,15
Leipzig,Fabaceae,Lotus herbaceus,Random_census10,26,560,3
Leipzig,Fabaceae,Medicago falcata,Random_census10,31,1200,3
Leipzig,Fabaceae,Trifolium sp,Random_census3,24,6360,3
Leipzig,Fabaceae,Trifolium sp,Random_census3,25,250,3
Leipzig,Fabaceae,Vicia oroboides,Random_census9,20,175,3
Leipzig,Fabaceae,Vicia tenuifolia,Random_census4,23,6000,3
Leipzig,Fabaceae,Vicia tenuifolia,Random_census8,24,8400,3
Leipzig,Geraniaceae,Erodium manescavi,Random_census7,33,120,3
Leipzig,Geraniaceae,Geranium macrorrhizum,Random_census1,20,200,3
Leipzig,Geraniaceae,Geranium macrorrhizum,Random_census3,21,600,3
Leipzig,Geraniaceae,Geranium macrorrhizum,Random_census6,19,60,3
Leipzig,Geraniaceae,Geranium sanguineum,FocalNA,21,110,15
Leipzig,Geraniaceae,Geranium sanguineum,FocalNA,22,130,15
Leipzig,Geraniaceae,Geranium sanguineum,FocalNA,23,170,15
Leipzig,Geraniaceae,Geranium sanguineum,FocalNA,24,185,15
Leipzig,Grossulariaceae,Ribes sanguineum,Random_census2,12,1000,5
Leipzig,Hypericaceae,Hypericum olympicum,FocalNA,23,300,15
Leipzig,Hypericaceae,Hypericum olympicum,FocalNA,24,800,15
Leipzig,Hypericaceae,Hypericum olympicum,FocalNA,25,780,15
Leipzig,Hypericaceae,Hypericum olympicum,FocalNA,26,65,15
Leipzig,Hypericaceae,Hypericum olympicum,FocalNA,27,56,15
Leipzig,Hypericaceae,Hypericum olympicum,FocalNA,28,32,15
Leipzig,Hypericaceae,Hypericum olympicum,FocalNA,29,10,15
Leipzig,Lamiaceae,Ajuga reptans,Random_census4,19,700,3
Leipzig,Lamiaceae,Clinopodium album,Random_census3,28,9100,3
Leipzig,Lamiaceae,Lamium album,FocalNA,20,38,15
Leipzig,Lamiaceae,Lamium flexuosum,Random_census4,15,4,3
Leipzig,Lamiaceae,Lamium hybridum,Random_census6,12,25,5
Leipzig,Lamiaceae,Lamium orvala,Random_census2,19,160,3
Leipzig,Lamiaceae,Lamium orvala,Random_census6,18,320,3
Leipzig,Lamiaceae,Lamium orvala,Random_census8,20,75,3
Leipzig,Lamiaceae,Lavandula angustifolia,FocalNA,26,8500,15
Leipzig,Lamiaceae,Lavandula angustifolia,FocalNA,27,8300,15
Leipzig,Lamiaceae,Lavandula angustifolia,FocalNA,28,7600,15
Leipzig,Lamiaceae,Lavandula angustifolia,FocalNA,29,3300,15
Leipzig,Lamiaceae,Monarda fistulosa,Random_census3,29,960,3
Leipzig,Lamiaceae,Origanum vulgare,Random_census9,26,1200,3
Leipzig,Lamiaceae,Phlomis russeliana,Random_census5,23,750,3
Leipzig,Lamiaceae,Pycnanthemum tenuifolium,Random_census4,29,720,3
Leipzig,Lamiaceae,Pycnanthemum tenuifolium,Random_census5,32,320,3
Leipzig,Lamiaceae,Salvia officinalis,FocalNA,23,180,15
Leipzig,Lamiaceae,Salvia officinalis,FocalNA,24,60,15
Leipzig,Lamiaceae,Salvia pratensis,Random_census1,22,350,3
Leipzig,Lamiaceae,Salvia pratensis,Random_census10,21,4500,3
Leipzig,Lamiaceae,Salvia pratensis,Random_census3,22,200,3
Leipzig,Lamiaceae,Salvia pratensis,Random_census4,21,1100,3
Leipzig,Lamiaceae,Salvia pratensis,Random_census5,21,1100,3
Leipzig,Lamiaceae,Salvia ringens,Random_census8,29,38,3
Leipzig,Lamiaceae,Salvia sclarea,Random_census2,25,260,3
Leipzig,Lamiaceae,Salvia sclarea,Random_census5,26,660,3
Leipzig,Lamiaceae,Salvia verticillata,Random_census5,25,2530,3
Leipzig,Lamiaceae,Salvia verticillata,Random_census6,24,1360,3
Leipzig,Lamiaceae,Salvia verticillata,Random_census8,25,1800,3
Leipzig,Lamiaceae,Stachys byzantina,Random_census10,25,900,3
Leipzig,Lamiaceae,Stachys byzantina,Random_census3,23,868,3
Leipzig,Lamiaceae,Stachys byzantina,Random_census8,26,850,3
Leipzig,Lamiaceae,Teucrium marum,Random_census2,28,1500,3
Leipzig,Lamiaceae,Thymus praecox,Random_census9,32,260,3
Leipzig,Lamiaceae,Thymus pulegioides,Random_census6,22,250,3
Leipzig,Lamiaceae,Vitex negundo,Random_census10,32,17000,3
Leipzig,Lamiaceae,Vitex negundo,Random_census10,34,120000,3
Leipzig,Lamiaceae,Vitex negundo,Random_census8,31,17000,3
Leipzig,Lamiaceae,Vitex negundo,Random_census8,33,10000,3
Leipzig,Limnanthaceae,Limnanthes douglasii,Random_census10,22,4200,3
Leipzig,Limnanthaceae,Limnanthes douglasii,Random_census2,21,4000,3
Leipzig,Limnanthaceae,Limnanthes douglasii,Random_census4,20,315,3
Leipzig,Lythraceae,Cuphea viscosissima,Random_census2,33,9500,3
Leipzig,Lythraceae,Cuphea viscosissima,Random_census3,31,2200,3
Leipzig,Lythraceae,Cuphea viscosissima,Random_census6,34,2600,3
Leipzig,Lythraceae,Lythrum salicaria,Random_census6,33,95,3
Leipzig,Menyanthaceae,Menyanthes trifoliata,FocalNA,19,200,15
Leipzig,Oleaceae,Syringa persica,Random_census1,17,400,3
Leipzig,Paeoniaceae,Paeonia daurica,Random_census4,18,15,3
Leipzig,Paeoniaceae,Paeonia officinalis,FocalNA,19,22,15
Leipzig,Paeoniaceae,Paeonia officinalis,FocalNA,20,12,15
Leipzig,Papaveraceae,Corydalis cava,Random_census5,16,600,3
Leipzig,Papaveraceae,Papaver orientale,Random_census7,22,12,3
Leipzig,Plantaginaceae,Chaenorhinum origanifolium,Random_census9,24,780,3
Leipzig,Plantaginaceae,Penstemon grandiflorus,FocalNA,24,270,15
Leipzig,Plantaginaceae,Penstemon grandiflorus,FocalNA,25,280,15
Leipzig,Plantaginaceae,Penstemon grandiflorus,FocalNA,26,120,15
Leipzig,Plantaginaceae,Penstemon grandiflorus,FocalNA,27,38,15
Leipzig,Plantaginaceae,Veronica austriaca,Random_census1,24,860,3
Leipzig,Plantaginaceae,Veronica chamaedrys,Random_census9,18,150,3
Leipzig,Plantaginaceae,Veronica longifolia,Random_census6,29,156,3
Leipzig,Plantaginaceae,Veronica orchidea,Random_census5,29,220,3
Leipzig,Primulaceae,Primula denticulata,FocalNA,16,280,15
Leipzig,Primulaceae,Primula denticulata,FocalNA,17,270,15
Leipzig,Primulaceae,Primula denticulata,FocalNA,18,90,15
Leipzig,Primulaceae,Primula denticulata,FocalNA,19,20,15
Leipzig,Primulaceae,Primula veris,FocalNA,16,700,15
Leipzig,Primulaceae,Primula veris,FocalNA,17,160,15
Leipzig,Primulaceae,Primula veris,FocalNA,18,150,15
Leipzig,Ranunculaceae,Anemone hupehensis,FocalNA,28,28,15
Leipzig,Ranunculaceae,Anemone hupehensis,FocalNA,31,110,15
Leipzig,Ranunculaceae,Anemone hupehensis,FocalNA,32,110,15
Leipzig,Ranunculaceae,Anemone hupehensis,FocalNA,33,500,15
Leipzig,Ranunculaceae,Anemone hupehensis,FocalNA,34,250,15
Leipzig,Ranunculaceae,Anemonoides nemorosa,FocalNA,18,60,15
Leipzig,Ranunculaceae,Anemonoides sylvestris,FocalNA,19,225,15
Leipzig,Ranunculaceae,Aquilegia vulgaris,FocalNA,19,50,15
Leipzig,Ranunculaceae,Aquilegia vulgaris,FocalNA,20,94,15
Leipzig,Ranunculaceae,Aquilegia vulgaris,FocalNA,21,120,15
Leipzig,Ranunculaceae,Aquilegia vulgaris,FocalNA,22,80,15
Leipzig,Ranunculaceae,Aquilegia vulgaris,FocalNA,23,40,15
Leipzig,Ranunculaceae,Aquilegia vulgaris,FocalNA,25,40,15
Leipzig,Ranunculaceae,Aquilegia vulgaris,FocalNA,26,18,15
Leipzig,Ranunculaceae,Caltha palustris,FocalNA,15,7,30
Leipzig,Ranunculaceae,Caltha palustris,FocalNA,16,17,15
Leipzig,Ranunculaceae,Caltha palustris,FocalNA,17,30,15
Leipzig,Ranunculaceae,Caltha palustris,FocalNA,18,25,15
Leipzig,Ranunculaceae,Caltha palustris,FocalNA,20,30,15
Leipzig,Ranunculaceae,Eranthis hyemalis,FocalNA,23,800,15
Leipzig,Ranunculaceae,Eriocapitella tomentosa,Random_census10,27,16,3
Leipzig,Ranunculaceae,Helleborus foetidus,FocalNA,12,300,15
Leipzig,Ranunculaceae,Helleborus foetidus,FocalNA,14,250,15
Leipzig,Ranunculaceae,Helleborus foetidus,FocalNA,15,200,30
Leipzig,Ranunculaceae,Helleborus foetidus,FocalNA,16,25,15
Leipzig,Ranunculaceae,Helleborus foetidus,FocalNA,17,30,15
Leipzig,Ranunculaceae,Pulsatilla vulgaris,FocalNA,15,60,30
Leipzig,Ranunculaceae,Pulsatilla vulgaris,FocalNA,16,100,15
Leipzig,Ranunculaceae,Pulsatilla vulgaris,FocalNA,17,40,15
Leipzig,Ranunculaceae,Pulsatilla vulgaris,FocalNA,18,4,15
Leipzig,Ranunculaceae,Pulsatilla vulgaris,FocalNA,19,52,15
Leipzig,Ranunculaceae,Ranunculus ficaria,Random_census4,16,70,3
Leipzig,Rosaceae,Dasiphora fruticosa,Random_census2,25,75,3
Leipzig,Rosaceae,Fragaria vesca,FocalNA,19,14,15
Leipzig,Rosaceae,Potentilla glabra,Random_census4,24,75,3
Leipzig,Rosaceae,Potentilla glabra,Random_census9,21,280,3
Leipzig,Rosaceae,Potentilla kurdica,Random_census1,23,150,3
Leipzig,Rosaceae,Potentilla kurdica,Random_census2,24,80,3
Leipzig,Rosaceae,Potentilla kurdica,Random_census3,25,308,6
Leipzig,Rosaceae,Potentilla recta,Random_census6,23,140,3
Leipzig,Rosaceae,Potentilla sp,Random_census10,18,30,3
Leipzig,Rutaceae,Dictamnus albus,FocalNA,23,140,15
Leipzig,Rutaceae,Dictamnus albus,FocalNA,24,75,15
Leipzig,Rutaceae,Dictamnus albus,FocalNA,25,11,15
Leipzig,Rutaceae,Tetradium daniellii,Random_census8,32,500000,3
Leipzig,Saxifragaceae,Bergenia purpurascens,FocalNA,16,160,15
Leipzig,Scrophulariaceae,Verbascum nigrum,Random_census2,27,120,3
Leipzig,Solanaceae,Nicotiana tabacum,Random_census5,28,220,3
Leipzig,Solanaceae,Scopolia carniolica,FocalNA,14,140,15
Leipzig,Solanaceae,Solanum incanum,Random_census4,27,1400,3
Leipzig,Tropaeolaceae,Tropaeolum majus,Random_census7,34,850,3
Leipzig,Verbenaceae,Verbena hastata,Random_census6,32,120,3
Leipzig,Violaceae,Viola striata,Random_census10,19,2700,3
Leipzig,Violaceae,Viola striata,Random_census10,20,800,3
Leipzig,Violaceae,Viola striata,Random_census9,23,880,3
