Plant_accepted_name,Plant_genus,Plant_family,Plant_order,Leipzig,Halle,Jena,Total_sampling_time
Achillea filipendulina,Achillea,Asteraceae,Asterales,6,3,9,18
Aconitum lycoctonum,Aconitum,Ranunculaceae,Ranunculales,0,3,0,3
Aegonychon purpurocaeruleum,Aegonychon,Boraginaceae,Boraginales,0,6,0,6
Allium cernuum,Allium,Amaryllidaceae,Asparagales,0,6,3,9
Allium tuberosum,Allium,Amaryllidaceae,Asparagales,0,6,3,9
Allium turkestanicum,Allium,Amaryllidaceae,Asparagales,0,3,0,3
Alyssum saxatile,Alyssum,Brassicaceae,Brassicales,0,3,0,3
Anthriscus sylvestris,Anthriscus,Apiaceae,Apiales,0,3,0,3
Arabis alpina,Arabis,Brassicaceae,Brassicales,0,3,3,6
Asclepias syriaca,Asclepias,Apocynaceae,Gentianales,0,3,0,3
Asparagus oligoclonos,Asparagus,Asparagaceae,Asparagales,0,3,0,3
Astragalus alopecurus,Astragalus,Fabaceae,Fabales,0,3,0,3
Aubrieta deltoidea,Aubrieta,Brassicaceae,Brassicales,0,6,3,9
Aubrieta olympica,Aubrieta,Brassicaceae,Brassicales,0,3,0,3
Aubrieta parviflora,Aubrieta,Brassicaceae,Brassicales,0,3,0,3
Aubrieta pinardii,Aubrieta,Brassicaceae,Brassicales,0,3,24,27
Ballota nigra,Ballota,Lamiaceae,Lamiales,0,3,0,3
Baptisia australis,Baptisia,Fabaceae,Fabales,0,6,6,12
Barbarea vulgaris,Barbarea,Brassicaceae,Brassicales,0,3,0,3
Bellis perennis,Bellis,Asteraceae,Asterales,6,3,6,15
Bupleurum aureum,Bupleurum,Apiaceae,Apiales,0,3,0,3
Campanula poscharskyana,Campanula,Campanulaceae,Asterales,0,3,0,3
Centaurea cyanus,Centaurea,Asteraceae,Asterales,0,3,0,3
Cephalaria uralensis,Cephalaria,Caprifoliaceae,Dipsacales,3,6,0,9
Cerinthe minor,Cerinthe,Boraginaceae,Boraginales,0,6,0,6
Chrysojasminum fruticans,Chrysojasminum,Oleaceae,Lamiales,0,3,0,3
Cistus salviifolius,Cistus,Cistaceae,Malvales,0,3,0,3
Clinopodium nepeta,Clinopodium,Lamiaceae,Lamiales,0,6,0,6
Corydalis cava,Corydalis,Papaveraceae,Ranunculales,3,34,11,48
Cosmos sulphureus,Cosmos,Asteraceae,Asterales,0,6,0,6
Cotoneaster adpressus,Cotoneaster,Rosaceae,Rosales,0,3,0,3
Crambe maritima,Crambe,Brassicaceae,Brassicales,0,3,0,3
Cylindropuntia imbricata,Cylindropuntia,Cactaceae,Caryophyllales,0,3,0,3
Daucus carota,Daucus,Apiaceae,Apiales,0,3,3,6
Delosperma cooperi,Delosperma,Aizoaceae,Caryophyllales,0,3,0,3
Delphinium elatum,Delphinium,Ranunculaceae,Ranunculales,0,3,0,3
Digitalis purpurea,Digitalis,Plantaginaceae,Lamiales,0,3,0,3
Drymocallis rupestris,Drymocallis,Rosaceae,Rosales,0,6,0,6
Erodium cicutarium,Erodium,Geraniaceae,Geraniales,0,3,0,3
Eryngium caeruleum,Eryngium,Apiaceae,Apiales,0,3,0,3
Eryngium maritimum,Eryngium,Apiaceae,Apiales,0,3,0,3
Eryngium planum,Eryngium,Apiaceae,Apiales,0,3,0,3
Erysimum pulchellum,Erysimum,Brassicaceae,Brassicales,3,3,0,6
Eschscholzia californica,Eschscholzia,Papaveraceae,Ranunculales,0,3,0,3
Ferula assa-foetida,Ferula,Apiaceae,Apiales,0,3,0,3
Foeniculum vulgare,Foeniculum,Apiaceae,Apiales,0,3,0,3
Genista hispanica,Genista,Fabaceae,Fabales,0,6,0,6
Genista radiata,Genista,Fabaceae,Fabales,0,3,0,3
Geum ternatum,Geum,Rosaceae,Rosales,0,3,0,3
Globularia trichosantha,Globularia,Plantaginaceae,Lamiales,0,3,0,3
Gypsophila paniculata,Gypsophila,Caryophyllaceae,Caryophyllales,0,3,0,3
Helianthemum apenninum,Helianthemum,Cistaceae,Malvales,0,3,0,3
Heuchera grossulariifolia,Heuchera,Saxifragaceae,Saxifragales,0,3,0,3
Hippocrepis emerus,Hippocrepis,Fabaceae,Fabales,0,6,0,6
Hippomarathrum vulgare,Hippomarathrum,Apiaceae,Apiales,0,3,0,3
Hypochaeris radicata,Hypochaeris,Asteraceae,Asterales,0,3,0,3
Impatiens glandulifera,Impatiens,Balsaminaceae,Ericales,0,3,0,3
Inula helenium,Inula,Asteraceae,Asterales,0,3,0,3
Ipheion uniflorum,Ipheion,Amaryllidaceae,Asparagales,0,1,18,19
Knautia dipsacifolia,Knautia,Caprifoliaceae,Dipsacales,3,6,0,9
Lamium orvala,Lamium,Lamiaceae,Lamiales,9,3,15,27
Lamium purpureum,Lamium,Lamiaceae,Lamiales,0,3,0,3
Liatris pycnostachya,Liatris,Asteraceae,Asterales,0,3,0,3
Limnanthes douglasii,Limnanthes,Limnanthaceae,Brassicales,9,3,0,12
Limonium gmelini,Limonium,Plumbaginaceae,Caryophyllales,0,3,3,6
Limonium sinuatum,Limonium,Plumbaginaceae,Caryophyllales,0,3,0,3
Lythrum salicaria,Lythrum,Lythraceae,Myrtales,3,18,0,21
Magnolia stellata,Magnolia,Magnoliaceae,Magnoliales,0,1,0,1
Malcolmia maritima,Malcolmia,Brassicaceae,Brassicales,0,3,0,3
Malva thuringiaca,Malva,Malvaceae,Malvales,0,9,3,12
Marrubium peregrinum,Marrubium,Lamiaceae,Lamiales,0,9,0,9
Melilotus albus,Melilotus,Fabaceae,Fabales,0,6,0,6
Monarda citriodora,Monarda,Lamiaceae,Lamiales,0,3,0,3
Moricandia arvensis,Moricandia,Brassicaceae,Brassicales,0,3,0,3
Muscari armeniacum,Muscari,Asparagaceae,Asparagales,0,4,3,7
Muscari botryoides,Muscari,Asparagaceae,Asparagales,27,30,18,75
Muscari comosum,Muscari,Asparagaceae,Asparagales,0,3,0,3
Nepeta clarkei,Nepeta,Lamiaceae,Lamiales,0,6,0,6
Oenothera odorata,Oenothera,Onagraceae,Myrtales,0,3,0,3
Ornithogalum nutans,Ornithogalum,Asparagaceae,Asparagales,0,6,3,9
Paeonia daurica,Paeonia,Paeoniaceae,Saxifragales,3,3,6,12
Penstemon hartwegii,Penstemon,Plantaginaceae,Lamiales,0,3,0,3
Pentaglottis sempervirens,Pentaglottis,Boraginaceae,Boraginales,0,6,0,6
Phacelia congesta,Phacelia,Hydrophyllaceae,Boraginales,0,3,0,3
Phedimus kamtschaticus,Phedimus,Crassulaceae,Saxifragales,0,3,0,3
Phlomoides tuberosa,Phlomoides,Lamiaceae,Lamiales,0,3,0,3
Pieris japonica,Pieris,Ericaceae,Ericales,0,7,0,7
Potentilla delphinensis,Potentilla,Rosaceae,Rosales,0,3,0,3
Potentilla montana,Potentilla,Rosaceae,Rosales,0,3,0,3
Potentilla sterilis,Potentilla,Rosaceae,Rosales,0,1,0,1
Primula vulgaris,Primula,Primulaceae,Ericales,0,4,3,7
Prunella grandiflora,Prunella,Lamiaceae,Lamiales,0,3,0,3
Prunus tenella,Prunus,Rosaceae,Rosales,0,3,0,3
Pulmonaria mollis,Pulmonaria,Boraginaceae,Boraginales,0,37,0,37
Ranunculus bulbosus,Ranunculus,Ranunculaceae,Ranunculales,0,9,0,9
Ranunculus caucasicus,Ranunculus,Ranunculaceae,Ranunculales,0,3,0,3
Ranunculus ficaria,Ranunculus,Ranunculaceae,Ranunculales,3,3,3,9
Ranunculus lanuginosus,Ranunculus,Ranunculaceae,Ranunculales,0,3,0,3
Reseda alba,Reseda,Resedaceae,Brassicales,0,3,0,3
Reseda lutea,Reseda,Resedaceae,Brassicales,0,3,0,3
Reseda odorata,Reseda,Resedaceae,Brassicales,0,3,0,3
Rhododendron smirnowii,Rhododendron,Ericaceae,Ericales,0,3,0,3
Rosa foetida,Rosa,Rosaceae,Rosales,0,3,0,3
Rudbeckia laciniata,Rudbeckia,Asteraceae,Asterales,0,3,0,3
Salvia sclarea,Salvia,Lamiaceae,Lamiales,6,6,0,12
Satureja montana,Satureja,Lamiaceae,Lamiales,0,9,0,9
Scutellaria baicalensis,Scutellaria,Lamiaceae,Lamiales,0,3,0,3
Seseli gummiferum,Seseli,Apiaceae,Apiales,0,3,0,3
Silene chungtienensis,Silene,Caryophyllaceae,Caryophyllales,0,3,0,3
Sisymbrium officinale,Sisymbrium,Brassicaceae,Brassicales,0,3,0,3
Stachys byzantina,Stachys,Lamiaceae,Lamiales,9,3,0,12
Succisella inflexa,Succisella,Caprifoliaceae,Dipsacales,0,3,0,3
Symphytum officinale,Symphytum,Boraginaceae,Boraginales,12,3,3,18
Syringa tomentella,Syringa,Oleaceae,Lamiales,0,3,0,3
Tagetes erecta,Tagetes,Asteraceae,Asterales,0,3,0,3
Taraxacum officinale,Taraxacum,Asteraceae,Asterales,6,9,0,15
Teucrium scorodonia,Teucrium,Lamiaceae,Lamiales,0,3,0,3
Thalictrum flavum,Thalictrum,Ranunculaceae,Ranunculales,0,3,0,3
Thymus vulgaris,Thymus,Lamiaceae,Lamiales,0,3,0,3
Trifolium rubens,Trifolium,Fabaceae,Fabales,0,3,3,6
Valeriana phu,Valeriana,Caprifoliaceae,Dipsacales,0,3,0,3
Verbena rigida,Verbena,Verbenaceae,Lamiales,0,6,0,6
Wisteria sinensis,Wisteria,Fabaceae,Fabales,0,3,0,3
Zinnia elegans,Zinnia,Asteraceae,Asterales,0,6,0,6
Acantholimon ulicinum,Acantholimon,Plumbaginaceae,Caryophyllales,0,0,6,6
Agapanthus africanus,Agapanthus,Amaryllidaceae,Asparagales,0,0,3,3
Alkanna orientalis,Alkanna,Boraginaceae,Boraginales,0,0,9,9
Anemone ranunculoides,Anemone,Ranunculaceae,Ranunculales,0,0,3,3
Anthyllis vulneraria,Anthyllis,Fabaceae,Fabales,0,0,9,9
Bergenia ciliata,Bergenia,Saxifragaceae,Saxifragales,0,0,3,3
Betonica alopecuros,Betonica,Lamiaceae,Lamiales,0,0,3,3
Borago officinalis,Borago,Boraginaceae,Boraginales,0,0,3,3
Brassica oleracea,Brassica,Brassicaceae,Brassicales,0,0,3,3
Buddleja davidii,Buddleja,Scrophulariaceae,Lamiales,0,0,3,3
Campanula alliariifolia,Campanula,Campanulaceae,Asterales,3,0,6,9
Campanula glomerata,Campanula,Campanulaceae,Asterales,0,0,3,3
Campanula lactiflora,Campanula,Campanulaceae,Asterales,0,0,6,6
Campanula persicifolia,Campanula,Campanulaceae,Asterales,0,0,3,3
Campanula pyramidalis,Campanula,Campanulaceae,Asterales,0,0,3,3
Campanula rapunculoides,Campanula,Campanulaceae,Asterales,0,0,6,6
Cardamine pratensis,Cardamine,Brassicaceae,Brassicales,0,0,21,21
Centaurea scabiosa,Centaurea,Asteraceae,Asterales,12,0,3,15
Centaurea stoebe,Centaurea,Asteraceae,Asterales,0,0,3,3
Centaurea subtilis,Centaurea,Asteraceae,Asterales,0,0,3,3
Cerastium arvense,Cerastium,Caryophyllaceae,Caryophyllales,0,0,6,6
Chamaecytisus austriacus,Chamaecytisus,Fabaceae,Fabales,0,0,3,3
Chamaecytisus hirsutus,Chamaecytisus,Fabaceae,Fabales,0,0,3,3
Cichorium intybus,Cichorium,Asteraceae,Asterales,3,0,3,6
Coronilla orientalis,Coronilla,Fabaceae,Fabales,0,0,3,3
Cytisophyllum sessilifolium,Cytisophyllum,Fabaceae,Fabales,0,0,9,9
Dasiphora fruticosa,Dasiphora,Rosaceae,Rosales,3,0,3,6
Desmodium canadense,Desmodium,Fabaceae,Fabales,0,0,3,3
Dianthus petraeus,Dianthus,Caryophyllaceae,Caryophyllales,0,0,3,3
Digitalis grandiflora,Digitalis,Plantaginaceae,Lamiales,0,0,3,3
Digitalis obscura,Digitalis,Plantaginaceae,Lamiales,0,0,3,3
Dracocephalum rupestre,Dracocephalum,Lamiaceae,Lamiales,0,0,3,3
Erigeron annuus,Erigeron,Asteraceae,Asterales,0,0,6,6
Euphorbia nicaeensis,Euphorbia,Euphorbiaceae,Malpighiales,0,0,3,3
Eutrochium maculatum,Eutrochium,Asteraceae,Asterales,0,0,3,3
Fagopyrum esculentum,Fagopyrum,Polygonaceae,Caryophyllales,0,0,3,3
Genista germanica,Genista,Fabaceae,Fabales,0,0,6,6
Geranium molle,Geranium,Geraniaceae,Geraniales,0,0,3,3
Globularia cordifolia,Globularia,Plantaginaceae,Lamiales,0,0,3,3
Helichrysum arenarium,Helichrysum,Asteraceae,Asterales,0,0,3,3
Heracleum sphondylium,Heracleum,Apiaceae,Apiales,0,0,3,3
Heuchera villosa,Heuchera,Saxifragaceae,Saxifragales,0,0,3,3
Hypericum fragile,Hypericum,Hypericaceae,Malpighiales,0,0,3,3
Hypericum hookerianum,Hypericum,Hypericaceae,Malpighiales,0,0,6,6
Inula salicina,Inula,Asteraceae,Asterales,0,0,3,3
Iris germanica,Iris,Iridaceae,Asparagales,0,0,3,3
Iris pseudacorus,Iris,Iridaceae,Asparagales,0,0,3,3
Jacobaea erucifolia,Jacobaea,Asteraceae,Asterales,0,0,3,3
Knautia arvensis,Knautia,Caprifoliaceae,Dipsacales,9,0,3,12
Lactuca macrophylla,Lactuca,Asteraceae,Asterales,0,0,3,3
Lactuca plumieri,Lactuca,Asteraceae,Asterales,0,0,3,3
Lamium galeobdolon,Lamium,Lamiaceae,Lamiales,0,0,9,9
Lamprocapnos spectabilis,Lamprocapnos,Papaveraceae,Ranunculales,0,0,3,3
Lathyrus aureus,Lathyrus,Fabaceae,Fabales,0,0,6,6
Lathyrus niger,Lathyrus,Fabaceae,Fabales,0,0,3,3
Lathyrus pratensis,Lathyrus,Fabaceae,Fabales,0,0,3,3
Lilium martagon,Lilium,Liliaceae,Liliales,0,0,3,3
Lindelofia anchusoides,Lindelofia,Boraginaceae,Boraginales,0,0,3,3
Lomelosia albocincta,Lomelosia,Caprifoliaceae,Dipsacales,0,0,3,3
Lonicera floribunda,Lonicera,Caprifoliaceae,Dipsacales,0,0,6,6
Lysimachia vulgaris,Lysimachia,Primulaceae,Ericales,0,0,6,6
Medicago sativa,Medicago,Fabaceae,Fabales,0,0,6,6
Omphalodes verna,Omphalodes,Boraginaceae,Boraginales,0,0,15,15
Paeonia mascula,Paeonia,Paeoniaceae,Saxifragales,0,0,15,15
Papaver nudicaule,Papaver,Papaveraceae,Ranunculales,0,0,6,6
Papaver somniferum,Papaver,Papaveraceae,Ranunculales,0,0,3,3
Pentanema helenioides,Pentanema,Asteraceae,Asterales,0,0,3,3
Phacelia tanacetifolia,Phacelia,Hydrophyllaceae,Boraginales,0,0,3,3
Phedimus aizoon,Phedimus,Crassulaceae,Saxifragales,3,0,3,6
Philadelphus pekinensis,Philadelphus,Hydrangeaceae,Cornales,0,0,9,9
Phlox paniculata,Phlox,Polemoniaceae,Ericales,0,0,3,3
Pilosella officinarum,Pilosella,Asteraceae,Asterales,0,0,3,3
Rhododendron saluenense,Rhododendron,Ericaceae,Ericales,0,0,3,3
Rosa spinosissima,Rosa,Rosaceae,Rosales,0,0,3,3
Rudbeckia fulgida,Rudbeckia,Asteraceae,Asterales,0,0,3,3
Salvia nutans,Salvia,Lamiaceae,Lamiales,0,0,3,3
Satureja parnassica,Satureja,Lamiaceae,Lamiales,0,0,3,3
Scabiosa canescens,Scabiosa,Caprifoliaceae,Dipsacales,0,0,3,3
Scrophularia versicolor,Scrophularia,Scrophulariaceae,Lamiales,0,0,3,3
Scutellaria altissima,Scutellaria,Lamiaceae,Lamiales,0,0,3,3
Scutellaria cordifolia,Scutellaria,Lamiaceae,Lamiales,0,0,6,6
Seseli montanum,Seseli,Apiaceae,Apiales,3,0,3,6
Solidago flexicaulis,Solidago,Asteraceae,Asterales,0,0,6,6
Spartium junceum,Spartium,Fabaceae,Fabales,0,0,6,6
Spiraea chamaedryfolia,Spiraea,Rosaceae,Rosales,0,0,3,3
Stellaria palustris,Stellaria,Caryophyllaceae,Caryophyllales,0,0,18,18
Symphytum bulbosum,Symphytum,Boraginaceae,Boraginales,6,0,3,9
Teucrium canadense,Teucrium,Lamiaceae,Lamiales,0,0,3,3
Teucrium chamaedrys,Teucrium,Lamiaceae,Lamiales,0,0,3,3
Tilia henryana,Tilia,Malvaceae,Malvales,0,0,3,3
Trifolium pratense,Trifolium,Fabaceae,Fabales,0,0,21,21
Tripleurospermum maritimum,Tripleurospermum,Asteraceae,Asterales,0,0,3,3
Trommsdorffia maculata,Trommsdorffia,Asteraceae,Asterales,3,0,3,6
Verbascum phoeniceum,Verbascum,Scrophulariaceae,Lamiales,0,0,3,3
Vicia sepium,Vicia,Fabaceae,Fabales,0,0,6,6
Aethionema grandiflorum,Aethionema,Brassicaceae,Brassicales,3,0,0,3
Ajuga reptans,Ajuga,Lamiaceae,Lamiales,3,0,0,3
Alisma plantago-aquatica,Alisma,Alismataceae,Alismatales,6,0,0,6
Allium senescens,Allium,Amaryllidaceae,Asparagales,3,0,0,3
Anaphalis margaritacea,Anaphalis,Asteraceae,Asterales,3,0,0,3
Anchusa officinalis,Anchusa,Boraginaceae,Boraginales,12,0,0,12
Aster mongolicus,Aster,Asteraceae,Asterales,3,0,0,3
Aurinia saxatilis,Aurinia,Brassicaceae,Brassicales,3,0,0,3
Carlina vulgaris,Carlina,Asteraceae,Asterales,3,0,0,3
Centaurea nigra,Centaurea,Asteraceae,Asterales,3,0,0,3
Centaurea sadleriana,Centaurea,Asteraceae,Asterales,3,0,0,3
Cephalaria gigantea,Cephalaria,Caprifoliaceae,Dipsacales,3,0,0,3
Cephalaria procera,Cephalaria,Caprifoliaceae,Dipsacales,3,0,0,3
Chaenorhinum origanifolium,Chaenorhinum,Plantaginaceae,Lamiales,3,0,0,3
Cirsium vulgare,Cirsium,Asteraceae,Asterales,3,0,0,3
Clinopodium album,Clinopodium,Lamiaceae,Lamiales,3,0,0,3
Convolvulus tricolor,Convolvulus,Convolvulaceae,Solanales,3,0,0,3
Coristospermum lucidum,Coristospermum,Apiaceae,Apiales,3,0,0,3
Cuphea viscosissima,Cuphea,Lythraceae,Myrtales,9,0,0,9
Dasiphora davurica,Dasiphora,Rosaceae,Rosales,9,0,0,9
Echinacea angustifolia,Echinacea,Asteraceae,Asterales,6,0,0,6
Echinops pungens,Echinops,Asteraceae,Asterales,3,0,0,3
Echium vulgare,Echium,Boraginaceae,Boraginales,3,0,0,3
Erica carnea,Erica,Ericaceae,Ericales,6,0,0,6
Eriocapitella tomentosa,Eriocapitella,Ranunculaceae,Ranunculales,3,0,0,3
Erodium manescavi,Erodium,Geraniaceae,Geraniales,3,0,0,3
Euphorbia characias,Euphorbia,Euphorbiaceae,Malpighiales,6,0,0,6
Euphorbia seguieriana,Euphorbia,Euphorbiaceae,Malpighiales,9,0,0,9
Ferulago aucheri,Ferulago,Apiaceae,Apiales,6,0,0,6
Forsythia intermedia,Forsythia,Oleaceae,Lamiales,3,0,0,3
Geranium macrorrhizum,Geranium,Geraniaceae,Geraniales,9,0,0,9
Helichrysum italicum,Helichrysum,Asteraceae,Asterales,3,0,0,3
Hieracium murorum,Hieracium,Asteraceae,Asterales,3,0,0,3
Impatiens balsamina,Impatiens,Balsaminaceae,Ericales,3,0,0,3
Inula oculus-christi,Inula,Asteraceae,Asterales,3,0,0,3
Klasea radiata,Klasea,Asteraceae,Asterales,3,0,0,3
Knautia macedonica,Knautia,Caprifoliaceae,Dipsacales,6,0,0,6
Lamium flexuosum,Lamium,Lamiaceae,Lamiales,3,0,0,3
Lamium hybridum,Lamium,Lamiaceae,Lamiales,10,0,0,10
Lathyrus roseus,Lathyrus,Fabaceae,Fabales,3,0,0,3
Lomelosia cretica,Lomelosia,Caprifoliaceae,Dipsacales,6,0,0,6
Lomelosia olgae,Lomelosia,Caprifoliaceae,Dipsacales,6,0,0,6
Lotus herbaceus,Lotus,Fabaceae,Fabales,3,0,0,3
Lunaria rediviva,Lunaria,Brassicaceae,Brassicales,3,0,0,3
Mahonia aquifolium,Mahonia,Berberidaceae,Ranunculales,6,0,0,6
Medicago falcata,Medicago,Fabaceae,Fabales,3,0,0,3
Monarda fistulosa,Monarda,Lamiaceae,Lamiales,3,0,0,3
Nicotiana tabacum,Nicotiana,Solanaceae,Solanales,3,0,0,3
Papaver orientale,Papaver,Papaveraceae,Ranunculales,3,0,0,3
Phlomis russeliana,Phlomis,Lamiaceae,Lamiales,3,0,0,3
Polygonatum biflorum,Polygonatum,Asparagaceae,Asparagales,6,0,0,6
Potentilla kurdica,Potentilla,Rosaceae,Rosales,9,0,0,9
Potentilla recta,Potentilla,Rosaceae,Rosales,3,0,0,3
Pycnanthemum tenuifolium,Pycnanthemum,Lamiaceae,Lamiales,6,0,0,6
Rhaponticoides ruthenica,Rhaponticoides,Asteraceae,Asterales,3,0,0,3
Rhododendron brachycarpum,Rhododendron,Ericaceae,Ericales,6,0,0,6
Rhododendron degronianum,Rhododendron,Ericaceae,Ericales,3,0,0,3
Rhododendron thomsonii,Rhododendron,Ericaceae,Ericales,3,0,0,3
Rhododendron wadanum,Rhododendron,Ericaceae,Ericales,6,0,0,6
Ribes sanguineum,Ribes,Grossulariaceae,Saxifragales,15,0,0,15
Salvia ringens,Salvia,Lamiaceae,Lamiales,3,0,0,3
Salvia verticillata,Salvia,Lamiaceae,Lamiales,6,0,0,6
Saponaria sicula,Saponaria,Caryophyllaceae,Caryophyllales,6,0,0,6
Scabiosa triandra,Scabiosa,Caprifoliaceae,Dipsacales,3,0,0,3
Scilla luciliae,Scilla,Asparagaceae,Asparagales,15,0,0,15
Silene latifolia,Silene,Caryophyllaceae,Caryophyllales,3,0,0,3
Silene schafta,Silene,Caryophyllaceae,Caryophyllales,3,0,0,3
Silphium integrifolium,Silphium,Asteraceae,Asterales,6,0,0,6
Solanum incanum,Solanum,Solanaceae,Solanales,3,0,0,3
Succisa pratensis,Succisa,Caprifoliaceae,Dipsacales,6,0,0,6
Syringa persica,Syringa,Oleaceae,Lamiales,3,0,0,3
Tanacetum coccineum,Tanacetum,Asteraceae,Asterales,3,0,0,3
Taraxacum sonchoides,Taraxacum,Asteraceae,Asterales,3,0,0,3
Tetradium daniellii,Tetradium,Rutaceae,Sapindales,3,0,0,3
Teucrium marum,Teucrium,Lamiaceae,Lamiales,3,0,0,3
Thunbergia alata,Thunbergia,Acanthaceae,Lamiales,3,0,0,3
Thymus praecox,Thymus,Lamiaceae,Lamiales,3,0,0,3
Thymus pulegioides,Thymus,Lamiaceae,Lamiales,3,0,0,3
Tropaeolum majus,Tropaeolum,Tropaeolaceae,Brassicales,3,0,0,3
Verbascum nigrum,Verbascum,Scrophulariaceae,Lamiales,3,0,0,3
Verbena hastata,Verbena,Verbenaceae,Lamiales,3,0,0,3
Vernonia fasciculata,Vernonia,Asteraceae,Asterales,3,0,0,3
Veronica austriaca,Veronica,Plantaginaceae,Lamiales,3,0,0,3
Veronica chamaedrys,Veronica,Plantaginaceae,Lamiales,3,0,0,3
Veronica longifolia,Veronica,Plantaginaceae,Lamiales,3,0,0,3
Veronica orchidea,Veronica,Plantaginaceae,Lamiales,3,0,0,3
Vicia oroboides,Vicia,Fabaceae,Fabales,3,0,0,3
Vicia tenuifolia,Vicia,Fabaceae,Fabales,6,0,0,6
Viola striata,Viola,Violaceae,Malpighiales,9,0,0,9
Vitex negundo,Vitex,Lamiaceae,Lamiales,12,0,0,12
Weigela florida,Weigela,Caprifoliaceae,Dipsacales,3,0,0,3
Xanthoceras sorbifolium,Xanthoceras,Poaceae,Poales,5,0,0,5
