Pollinator_accepted_name,Pollinator_genus,Pollinator_family,Pollinator_order,gardens
Andrena bicolor,Andrena,Andrenidae,Hymenoptera,HL
Andrena chrysopus,Andrena,Andrenidae,Hymenoptera,L
Andrena curvungula,Andrena,Andrenidae,Hymenoptera,L
Andrena flavipes,Andrena,Andrenidae,Hymenoptera,HJL
Andrena fulvago,Andrena,Andrenidae,Hymenoptera,L
Andrena gelriae,Andrena,Andrenidae,Hymenoptera,J
Andrena gravida,Andrena,Andrenidae,Hymenoptera,L
Andrena hattorfiana,Andrena,Andrenidae,Hymenoptera,HL
Andrena labiata,Andrena,Andrenidae,Hymenoptera,L
Andrena minutula,Andrena,Andrenidae,Hymenoptera,HJL
Andrena minutuloides,Andrena,Andrenidae,Hymenoptera,HL
Andrena nigroaenea,Andrena,Andrenidae,Hymenoptera,L
Andrena nitida,Andrena,Andrenidae,Hymenoptera,J
Andrena pilipes,Andrena,Andrenidae,Hymenoptera,HL
Andrena strohmella,Andrena,Andrenidae,Hymenoptera,H
Anthophora aestivalis,Anthophora,Apidae,Hymenoptera,HJL
Anthophora furcata,Anthophora,Apidae,Hymenoptera,H
Anthophora plumipes,Anthophora,Apidae,Hymenoptera,HJL
Anthophora quadrimaculata,Anthophora,Apidae,Hymenoptera,HJL
Apis mellifera,Apis,Apidae,Hymenoptera,HJL
Bombus campestris,Bombus,Apidae,Hymenoptera,L
Bombus cryptarum,Bombus,Apidae,Hymenoptera,H
Bombus hortorum,Bombus,Apidae,Hymenoptera,HJL
Bombus hypnorum,Bombus,Apidae,Hymenoptera,HJL
Bombus lapidarius,Bombus,Apidae,Hymenoptera,HJL
Bombus lucorum,Bombus,Apidae,Hymenoptera,HJ
Bombus pascuorum,Bombus,Apidae,Hymenoptera,HJL
Bombus pratorum,Bombus,Apidae,Hymenoptera,HJL
Bombus rupestris,Bombus,Apidae,Hymenoptera,H
Bombus semenoviellus,Bombus,Apidae,Hymenoptera,H
Bombus soroeensis,Bombus,Apidae,Hymenoptera,J
Bombus subterraneus,Bombus,Apidae,Hymenoptera,H
Bombus terrestris,Bombus,Apidae,Hymenoptera,HJL
Bombus vestalis,Bombus,Apidae,Hymenoptera,HJL
Ceratina cyanea,Ceratina,Apidae,Hymenoptera,L
Eucera nigrescens,Eucera,Apidae,Hymenoptera,HJL
Melecta albifrons,Melecta,Apidae,Hymenoptera,HJ
Nomada bifasciata,Nomada,Apidae,Hymenoptera,H
Nomada fabriciana,Nomada,Apidae,Hymenoptera,L
Nomada flavoguttata,Nomada,Apidae,Hymenoptera,HL
Nomada fucata,Nomada,Apidae,Hymenoptera,H
Nomada fulvicornis,Nomada,Apidae,Hymenoptera,H
Nomada lathburiana,Nomada,Apidae,Hymenoptera,H
Nomada zonata,Nomada,Apidae,Hymenoptera,J
Thyreus orbatus,Thyreus,Apidae,Hymenoptera,HJ
Xylocopa violacea,Xylocopa,Apidae,Hymenoptera,HJL
Hedychrum gerstaeckeri,Hedychrum,Chrysididae,Hymenoptera,HL
Hedychrum nobile,Hedychrum,Chrysididae,Hymenoptera,H
Holopyga ignicollis,Holopyga,Chrysididae,Hymenoptera,L
Colletes daviesanus,Colletes,Colletidae,Hymenoptera,HJL
Colletes hederae,Colletes,Colletidae,Hymenoptera,H
Hylaeus brevicornis,Hylaeus,Colletidae,Hymenoptera,L
Hylaeus communis,Hylaeus,Colletidae,Hymenoptera,HJL
Hylaeus confusus,Hylaeus,Colletidae,Hymenoptera,L
Hylaeus gredleri,Hylaeus,Colletidae,Hymenoptera,HL
Hylaeus hyalinatus,Hylaeus,Colletidae,Hymenoptera,L
Hylaeus nigritus,Hylaeus,Colletidae,Hymenoptera,HJL
Hylaeus punctatus,Hylaeus,Colletidae,Hymenoptera,HJL
Hylaeus signatus,Hylaeus,Colletidae,Hymenoptera,H
Hylaeus sinuatus,Hylaeus,Colletidae,Hymenoptera,J
Hylaeus styriacus,Hylaeus,Colletidae,Hymenoptera,L
Cerceris quadricincta,Cerceris,Crabronidae,Hymenoptera,J
Cerceris quinquefasciata,Cerceris,Crabronidae,Hymenoptera,L
Cerceris rybyensis,Cerceris,Crabronidae,Hymenoptera,HJL
Crossocerus podagricus,Crossocerus,Crabronidae,Hymenoptera,H
Dinetus pictus,Dinetus,Crabronidae,Hymenoptera,HL
Ectemnius lituratus,Ectemnius,Crabronidae,Hymenoptera,J
Nysson maculosus,Nysson,Crabronidae,Hymenoptera,L
Philanthus triangulum,Philanthus,Crabronidae,Hymenoptera,HL
Gymnomerus laevipes,Gymnomerus,Eumenidae,Hymenoptera,JL
Polistes dominula,Polistes,Eumenidae,Hymenoptera,HJL
Halictus rubicundus,Halictus,Halictidae,Hymenoptera,H
Halictus scabiosae,Halictus,Halictidae,Hymenoptera,HJL
Halictus subauratus,Halictus,Halictidae,Hymenoptera,HJL
Halictus tumulorum,Halictus,Halictidae,Hymenoptera,HJL
Lasioglossum calceatum,Lasioglossum,Halictidae,Hymenoptera,HJL
Lasioglossum fulvicorne,Lasioglossum,Halictidae,Hymenoptera,H
Lasioglossum interruptum,Lasioglossum,Halictidae,Hymenoptera,J
Lasioglossum laticeps,Lasioglossum,Halictidae,Hymenoptera,HL
Lasioglossum leucozonium,Lasioglossum,Halictidae,Hymenoptera,HL
Lasioglossum minutissimum,Lasioglossum,Halictidae,Hymenoptera,L
Lasioglossum morio,Lasioglossum,Halictidae,Hymenoptera,HJL
Lasioglossum nitidiusculum,Lasioglossum,Halictidae,Hymenoptera,H
Lasioglossum nitidulum,Lasioglossum,Halictidae,Hymenoptera,H
Lasioglossum pallens,Lasioglossum,Halictidae,Hymenoptera,JL
Lasioglossum pauxillum,Lasioglossum,Halictidae,Hymenoptera,HJL
Lasioglossum politum,Lasioglossum,Halictidae,Hymenoptera,HJL
Lasioglossum pygmaeum,Lasioglossum,Halictidae,Hymenoptera,L
Lasioglossum villosulum,Lasioglossum,Halictidae,Hymenoptera,HL
Sphecodes albilabris,Sphecodes,Halictidae,Hymenoptera,HL
Sphecodes ferruginatus,Sphecodes,Halictidae,Hymenoptera,H
Sphecodes monilicornis,Sphecodes,Halictidae,Hymenoptera,H
Sphecodes pellucidus,Sphecodes,Halictidae,Hymenoptera,HL
Sphecodes puncticeps,Sphecodes,Halictidae,Hymenoptera,HL
Anthidium manicatum,Anthidium,Megachilidae,Hymenoptera,HJL
Anthidium oblongatum,Anthidium,Megachilidae,Hymenoptera,HL
Chelostoma florisomne,Chelostoma,Megachilidae,Hymenoptera,HJ
Chelostoma rapunculi,Chelostoma,Megachilidae,Hymenoptera,HJL
Coelioxys afra,Coelioxys,Megachilidae,Hymenoptera,H
Coelioxys aurolimbatus,Coelioxys,Megachilidae,Hymenoptera,H
Coelioxys elongatus,Coelioxys,Megachilidae,Hymenoptera,HL
Coelioxys rufescens,Coelioxys,Megachilidae,Hymenoptera,H
Heriades truncorum,Heriades,Megachilidae,Hymenoptera,HJL
Hoplitis adunca,Hoplitis,Megachilidae,Hymenoptera,HJL
Megachile alpicola,Megachile,Megachilidae,Hymenoptera,J
Megachile centuncularis,Megachile,Megachilidae,Hymenoptera,HJ
Megachile circumcincta,Megachile,Megachilidae,Hymenoptera,JL
Megachile ericetorum,Megachile,Megachilidae,Hymenoptera,HJL
Megachile lagopoda,Megachile,Megachilidae,Hymenoptera,HJL
Megachile maritima,Megachile,Megachilidae,Hymenoptera,HJL
Megachile pilidens,Megachile,Megachilidae,Hymenoptera,HJ
Megachile rotundata,Megachile,Megachilidae,Hymenoptera,HJL
Megachile versicolor,Megachile,Megachilidae,Hymenoptera,J
Megachile willughbiella,Megachile,Megachilidae,Hymenoptera,HJL
Osmia aurulenta,Osmia,Megachilidae,Hymenoptera,HJL
Osmia bicolor,Osmia,Megachilidae,Hymenoptera,H
Osmia bicornis,Osmia,Megachilidae,Hymenoptera,HJL
Osmia brevicornis,Osmia,Megachilidae,Hymenoptera,HJL
Osmia caerulescens,Osmia,Megachilidae,Hymenoptera,HJL
Osmia cornuta,Osmia,Megachilidae,Hymenoptera,HJL
Pseudoanthidium nanum,Pseudoanthidium,Megachilidae,Hymenoptera,L
Stelis punctulatissima,Stelis,Megachilidae,Hymenoptera,JL
Macropis fulvipes,Macropis,Melittidae,Hymenoptera,J
Melitta haemorrhoidalis,Melitta,Melittidae,Hymenoptera,L
Melitta nigricans,Melitta,Melittidae,Hymenoptera,H
Sapygina decemguttata,Sapygina,Sapygidae,Hymenoptera,H
Scolia hirta,Scolia,Scoliidae,Hymenoptera,H
Ammophila sabulosa,Ammophila,Sphecidae,Hymenoptera,H
Sphex funerarius,Sphex,Sphecidae,Hymenoptera,HJL
Tiphia femorata,Tiphia,Tiphiidae,Hymenoptera,HL
Ancistrocerus claripennis,Ancistrocerus,Vespidae,Hymenoptera,H
Ancistrocerus gazella,Ancistrocerus,Vespidae,Hymenoptera,H
Ancistrocerus nigricornis,Ancistrocerus,Vespidae,Hymenoptera,H
Dolichovespula saxonica,Dolichovespula,Vespidae,Hymenoptera,H
Vespa crabro,Vespa,Vespidae,Hymenoptera,HJ
Vespula germanica,Vespula,Vespidae,Hymenoptera,HJ
Anthomyia procellaris,Anthomyia,Anthomyiidae,Diptera,H
Botanophila depressa,Botanophila,Anthomyiidae,Diptera,L
Botanophila striolata,Botanophila,Anthomyiidae,Diptera,JL
Leucophora personata,Leucophora,Anthomyiidae,Diptera,J
Bombylius discolor,Bombylius,Bombyliidae,Diptera,HJL
Bombylius major,Bombylius,Bombyliidae,Diptera,HJL
Bombylius venosus,Bombylius,Bombyliidae,Diptera,HJL
Hemipenthes maura,Hemipenthes,Bombyliidae,Diptera,J
Hemipenthes morio,Hemipenthes,Bombyliidae,Diptera,H
Villa modesta,Villa,Bombyliidae,Diptera,L
Bellardia viarum,Bellardia,Calliphoridae,Diptera,H
Bellardia vulgaris,Bellardia,Calliphoridae,Diptera,HL
Calliphora vicina,Calliphora,Calliphoridae,Diptera,L
Eurychaeta palpalis,Eurychaeta,Calliphoridae,Diptera,HJL
Lucilia sericata,Lucilia,Calliphoridae,Diptera,HJL
Dalmannia marginata,Dalmannia,Conopidae,Diptera,L
Merziella longirostris,Merziella,Conopidae,Diptera,H
Myopa testacea,Myopa,Conopidae,Diptera,L
Physocephala rufipes,Physocephala,Conopidae,Diptera,HL
Sicus ferrugineus,Sicus,Conopidae,Diptera,HJL
Minettia longipennis,Minettia,Lauxaniidae,Diptera,J
Graphomya maculata,Graphomya,Muscidae,Diptera,H
Platystoma seminationis,Platystoma,Platystomatidae,Diptera,L
Pollenia amentaria,Pollenia,Polleniidae,Diptera,H
Pollenia pediculata,Pollenia,Polleniidae,Diptera,H
Pollenia vagabunda,Pollenia,Polleniidae,Diptera,H
Miltogramma germari,Miltogramma,Sarcophagidae,Diptera,H
Miltogramma punctata,Miltogramma,Sarcophagidae,Diptera,HL
Sarcophaga haemorrhoa,Sarcophaga,Sarcophagidae,Diptera,J
Sarcophaga incisilobata,Sarcophaga,Sarcophagidae,Diptera,HJ
Sarcophaga subvicina,Sarcophaga,Sarcophagidae,Diptera,H
Cheilosia aerea,Cheilosia,Syrphidae,Diptera,L
Cheilosia pagana,Cheilosia,Syrphidae,Diptera,J
Cheilosia ruffipes,Cheilosia,Syrphidae,Diptera,HJL
Dasysyrphus albostriatus,Dasysyrphus,Syrphidae,Diptera,J
Episyrphus balteatus,Episyrphus,Syrphidae,Diptera,HJL
Eristalinus aeneus,Eristalinus,Syrphidae,Diptera,H
Eristalis pertinax,Eristalis,Syrphidae,Diptera,HJ
Eristalis tenax,Eristalis,Syrphidae,Diptera,HJL
Eupeodes corollae,Eupeodes,Syrphidae,Diptera,HJL
Lapposyrphus lapponicus,Lapposyrphus,Syrphidae,Diptera,L
Meliscaeva auricollis,Meliscaeva,Syrphidae,Diptera,J
Merodon equestris,Merodon,Syrphidae,Diptera,L
Myathropa florea,Myathropa,Syrphidae,Diptera,HJL
Paragus constrictus,Paragus,Syrphidae,Diptera,J
Scaeva pyrastri,Scaeva,Syrphidae,Diptera,HJ
Sphaerophoria rueppellii,Sphaerophoria,Syrphidae,Diptera,J
Sphaerophoria scripta,Sphaerophoria,Syrphidae,Diptera,HJL
Syritta pipiens,Syritta,Syrphidae,Diptera,HJ
Syrphus vitripennis,Syrphus,Syrphidae,Diptera,HJ
Trichopsomyia flavitarsis,Trichopsomyia,Syrphidae,Diptera,H
Volucella inanis,Volucella,Syrphidae,Diptera,J
Volucella pellucens,Volucella,Syrphidae,Diptera,J
Volucella zonaria,Volucella,Syrphidae,Diptera,JL
Cylindromyia brevicornis,Cylindromyia,Tachinidae,Diptera,HJL
Entomophaga nigrohalterata,Entomophaga,Tachinidae,Diptera,HJ
Gymnosoma clavatum,Gymnosoma,Tachinidae,Diptera,HJ
Gymnosoma nudifrons,Gymnosoma,Tachinidae,Diptera,JL
Hebia flavipes,Hebia,Tachinidae,Diptera,J
Litophasia hyalipennis,Litophasia,Tachinidae,Diptera,H
Microphthalma europaea,Microphthalma,Tachinidae,Diptera,L
Nowickia ferox,Nowickia,Tachinidae,Diptera,H
Phasia barbifrons,Phasia,Tachinidae,Diptera,J
Phasia pusilla,Phasia,Tachinidae,Diptera,J
Prosena siberita,Prosena,Tachinidae,Diptera,H
Tachina fera,Tachina,Tachinidae,Diptera,H
Tachina nupta,Tachina,Tachinidae,Diptera,HL
Anthaxia nitidula,Anthaxia,Buprestidae,Coleoptera,H
Pseudovadonia livida,Pseudovadonia,Cerambycidae,Coleoptera,HL
Stenurella melanura,Stenurella,Cerambycidae,Coleoptera,H
Timarcha goettingensis,Timarcha,Chrysomelidae,Coleoptera,J
Trichodes apiarius,Trichodes,Cleridae,Coleoptera,J
Coccinella septempunctata,Coccinella,Coccinellidae,Coleoptera,HJL
Harmonia axyridis,Harmonia,Coccinellidae,Coleoptera,HJ
Anthrenus scrophulariae,Anthrenus,Dermestidae,Coleoptera,H
Anthrenus verbasci,Anthrenus,Dermestidae,Coleoptera,HJ
Malachius bipustulatus,Malachius,Melyridae,Coleoptera,H
Oedemera femorata,Oedemera,Oedemeridae,Coleoptera,H
Oedemera lurida,Oedemera,Oedemeridae,Coleoptera,HJL
Oedemera podagrariae,Oedemera,Oedemeridae,Coleoptera,H
Cetonia aurata,Cetonia,Scarabaeidae,Coleoptera,HJL
Oxythyrea funesta,Oxythyrea,Scarabaeidae,Coleoptera,HJL
Trichius gallicus,Trichius,Scarabaeidae,Coleoptera,HL
Tropinota hirta,Tropinota,Scarabaeidae,Coleoptera,H
Valgus hemipterus,Valgus,Scarabaeidae,Coleoptera,HL
Cydalima perspectalis,Cydalima,Crambidae,Lepidoptera,L
Aricia agestis,Aricia,Lycaenidae,Lepidoptera,J
Polyommatus icarus,Polyommatus,Lycaenidae,Lepidoptera,HJL
Autographa gamma,Autographa,Noctuidae,Lepidoptera,J
Aglais io,Aglais,Nymphalidae,Lepidoptera,HJL
Aglais urticae,Aglais,Nymphalidae,Lepidoptera,H
Argynnis paphia,Argynnis,Nymphalidae,Lepidoptera,J
Dryas iulia,Dryas,Nymphalidae,Lepidoptera,L
Issoria lathonia,Issoria,Nymphalidae,Lepidoptera,J
Maniola jurtina,Maniola,Nymphalidae,Lepidoptera,HJ
Polygonia c-album,Polygonia,Nymphalidae,Lepidoptera,H
Anthocharis cardamines,Anthocharis,Pieridae,Lepidoptera,HJL
Gonepteryx rhamni,Gonepteryx,Pieridae,Lepidoptera,H
Pieris brassicae,Pieris,Pieridae,Lepidoptera,J
Pieris napi,Pieris,Pieridae,Lepidoptera,HJL
Pieris rapae,Pieris,Pieridae,Lepidoptera,HJL
Macroglossum stellatarum,Macroglossum,Sphingidae,Lepidoptera,HJ
Lygaeus equestris,Lygaeus,Lygaeidae,Hemiptera,L
Carpocoris fuscispinus,Carpocoris,Pentatomidae,Hemiptera,J
Graphosoma italicum,Graphosoma,Pentatomidae,Hemiptera,L
Pyrrhocoris apterus,Pyrrhocoris,Pyrrhocoridae,Hemiptera,H
Pyrrhocoris marginatus,Pyrrhocoris,Pyrrhocoridae,Hemiptera,J
