Plant_family,Pollinator_guild,SES,mean_trait_matching,median_trait_matching,sd_trait_matching,n_trait_pairs,n_plant_taxa,n_pollinator_taxa,Association
Amaryllidaceae,Andrenidae,-4.863742348258364,1.0710847039900155e-4,1.5924131993604904e-5,1.8193921165432907e-4,30,2,15,Avoidance
Amaryllidaceae,Apidae,-32.166997783054136,0.003700939233344411,1.0983239640071575e-5,0.016341858965617833,60,2,30,Avoidance
Amaryllidaceae,Bombylids,12.406556428353129,0.001292447135890869,2.2369904906343504e-4,0.0017689617044903537,10,2,5,Preference
Amaryllidaceae,Coleoptera,-4.0319415375885805,6.480333590955547e-4,3.974320481211527e-6,0.002067422629020798,28,2,14,Avoidance
Amaryllidaceae,Colletidae,44.93280704538477,4.377181253603622e-5,6.442288272111875e-6,8.362405529986278e-5,20,2,10,Preference
Amaryllidaceae,Halictidae,7.4179900860481975,4.100119490052272e-5,6.7774649228599345e-6,8.46308965263685e-5,46,2,23,Preference
Amaryllidaceae,Lepidoptera,-4.763320031889736,8.331350190215125e-5,6.839064424324374e-5,9.924060298497309e-5,4,2,2,Avoidance
Amaryllidaceae,Megachilidae,-8.14397024032067,3.972698590395888e-4,2.0480385534469638e-5,7.762876788911554e-4,56,2,28,Avoidance
Amaryllidaceae,Non-bee Hymenoptera,0.7826916159304311,1.300086899987524e-4,6.327511067481033e-6,3.483632911268331e-4,44,2,22,Avoidance
Amaryllidaceae,Other Diptera,-6.217430007286763,9.406726971989992e-5,4.844610493413354e-6,3.477432157398053e-4,82,2,41,Avoidance
Amaryllidaceae,Syrphids,-1.88822537410138,5.780844009616566e-4,9.100382053016552e-6,0.0014703482692851584,40,2,20,Avoidance
Apocynaceae,Andrenidae,-3.667094967366354,0.06369793372294372,0.02728010063746885,0.07740512260609107,30,2,15,Avoidance
Apocynaceae,Apidae,-1.8377952017447718,0.1743228990855531,0.023075372206961514,0.23610596135264986,60,2,30,Avoidance
Apocynaceae,Bombylids,1.8702903958127843,0.19755674757613367,0.10102358020224153,0.22451653309182207,10,2,5,Avoidance
Apocynaceae,Coleoptera,-1.78881138913267,0.08659744694200876,0.012822560011167595,0.16904589249788032,28,2,14,Avoidance
Apocynaceae,Colletidae,-13.093168651894521,0.038773836439009404,0.016737062669140913,0.05269839659649982,20,2,10,Avoidance
Apocynaceae,Halictidae,-6.94504891354274,0.03812178939536328,0.017209504487493244,0.049547636129791836,46,2,23,Avoidance
Apocynaceae,Lepidoptera,-2.0034382009220946,0.06310395835997126,0.05754599890409133,0.07342914487644289,4,2,2,Avoidance
Apocynaceae,Megachilidae,-4.689797207113136,0.11196756820191463,0.031153485892057905,0.13593964222646684,56,2,28,Avoidance
Apocynaceae,Melittidae,-1.0807043338392766,0.08363673181630274,0.06557860281844946,0.09373048856454465,6,2,3,Avoidance
Apocynaceae,Non-bee Hymenoptera,-3.3440150624161498,0.06032634387075095,0.016573877596929906,0.08631205993834815,44,2,22,Avoidance
Apocynaceae,Other Diptera,35.80329521244333,0.04588401335111674,0.014301897139161506,0.07472584835427361,82,2,41,Preference
Apocynaceae,Syrphids,-1.3668310144590532,0.10710403788656352,0.020219477756252872,0.16229194701066157,40,2,20,Avoidance
Asparagaceae,Andrenidae,-2.860847161711705,0.1537074733678583,2.5743223717721616e-4,0.23212077437846698,45,3,15,Avoidance
Asparagaceae,Apidae,0.2454654033413182,0.24297015729921173,0.0024321639370773326,0.3595923235624509,90,3,30,Avoidance
Asparagaceae,Bombylids,-3.4089587444634546,0.2811038694353966,0.0033360255582555866,0.414227115964115,15,3,5,Avoidance
Asparagaceae,Coleoptera,0.2584972802685776,0.15334212380139153,1.2107941394808905e-4,0.26962500370822884,42,3,14,Avoidance
Asparagaceae,Colletidae,-0.9064925214675496,0.11103756546490004,5.639983814636493e-5,0.17647352392938256,30,3,10,Avoidance
Asparagaceae,Halictidae,-4.507154808267759,0.11114329370798984,6.93758261794995e-5,0.17092228635718384,69,3,23,Avoidance
Asparagaceae,Lepidoptera,-8.317038196353117,0.1582352087494712,3.106078627164496e-4,0.24541077440756048,6,3,2,Avoidance
Asparagaceae,Megachilidae,-2.692292365953079,0.20983224209348664,8.15939391300872e-4,0.3114596872277859,84,3,28,Avoidance
Asparagaceae,Melittidae,-0.32029043370197813,0.18606121910935836,6.698326258532207e-4,0.28039071497762985,9,3,3,Avoidance
Asparagaceae,Non-bee Hymenoptera,82.22100211817828,0.14387277065952567,1.546415080615818e-4,0.22568718918554345,66,3,22,Preference
Asparagaceae,Other Diptera,-2.136371563545555,0.11898085724612965,7.915072131630631e-5,0.1935004336551764,123,3,41,Avoidance
Asparagaceae,Syrphids,3.417365889318313,0.18955327787020723,3.582686263236518e-4,0.30369381920465544,60,3,20,Avoidance
Asteraceae,Andrenidae,-17.998620065014098,0.1708832160542404,1.2837345587543881e-9,0.3051532770554948,75,5,15,Avoidance
Asteraceae,Apidae,-191.3284087895991,0.23309953562293917,4.8748367311337186e-8,0.3647686302238067,150,5,30,Avoidance
Asteraceae,Bombylids,-6.158736118264884,0.2587440437925835,8.291140593279683e-8,0.38936173615927355,25,5,5,Avoidance
Asteraceae,Coleoptera,13.318662794480781,0.16538638436645628,3.972374781499227e-10,0.29198103009039383,70,5,14,Preference
Asteraceae,Colletidae,211.7619729411222,0.13504558118674373,1.2207491481726706e-10,0.25515372992343244,50,5,10,Preference
Asteraceae,Halictidae,-12.954824458129595,0.1358567014875805,1.6758245324283427e-10,0.25311395097692935,115,5,23,Avoidance
Asteraceae,Lepidoptera,-20.165022337902567,0.1762493603554657,1.750801205327519e-9,0.3257824280965807,10,5,2,Avoidance
Asteraceae,Megachilidae,-35.60457218263626,0.21148763822652974,8.092863929792276e-9,0.35033262419997674,140,5,28,Avoidance
Asteraceae,Melittidae,-6.001849234050385,0.19666948139403836,5.881008331909584e-9,0.34726220992355883,15,5,3,Avoidance
Asteraceae,Non-bee Hymenoptera,-31.799824184026146,0.16206131514391875,5.784050838917484e-10,0.2919332437716517,110,5,22,Avoidance
Asteraceae,Other Diptera,13.835351858970627,0.14102165183737206,2.0516514138182965e-10,0.2616858226253971,205,5,41,Preference
Asteraceae,Syrphids,25.940349403741244,0.19436906792020672,2.2150376288767146e-9,0.3282730897143015,100,5,20,Preference
Boraginaceae,Andrenidae,11.253525240990621,0.15273272907995805,0.13956890657335685,0.06973554915234205,15,1,15,Preference
Boraginaceae,Apidae,3.42958222243804,0.3883217045501363,0.38137077880901216,0.22623761573620496,30,1,30,Avoidance
Boraginaceae,Bombylids,4.996290362711214,0.44546886187629003,0.4317047063182527,0.13402399318268687,5,1,5,Avoidance
Boraginaceae,Coleoptera,-2.8042833727157164,0.19817593618389806,0.09562399086908605,0.2248427138812602,14,1,14,Avoidance
Boraginaceae,Colletidae,-5.156705339005803,0.0947745035143335,0.06437218269900082,0.058767601567052186,10,1,10,Avoidance
Boraginaceae,Halictidae,-3.0018753544698997,0.09340161202496017,0.07179568298739346,0.05179334068567962,23,1,23,Avoidance
Boraginaceae,Lepidoptera,-2.6131769520517687,0.15223304644474545,0.15223304644474545,0.018086669664016508,2,1,2,Avoidance
Boraginaceae,Megachilidae,-7.812659944607051,0.26046730986623995,0.23967317946190234,0.11835876539093643,28,1,28,Avoidance
Boraginaceae,Melittidae,-0.21453462331873124,0.19894660605739461,0.21926784546635128,0.03550178483750487,3,1,3,Avoidance
Boraginaceae,Non-bee Hymenoptera,0.3188949409485285,0.14413331060538057,0.10838907109775242,0.09827737895838531,22,1,22,Avoidance
Boraginaceae,Other Diptera,-0.353210585182356,0.11053218445815126,0.07691791348062013,0.09417358233599785,41,1,41,Avoidance
Boraginaceae,Syrphids,-2.2000548273334477,0.24650139105647215,0.1625760177563051,0.18850878105243402,20,1,20,Avoidance
Brassicaceae,Andrenidae,1.4160821087020097,0.008291492653549707,0.0064356344435206325,0.006093890350765321,15,1,15,Avoidance
Brassicaceae,Apidae,-25.42681786773682,0.06685782424501968,0.0357924293582601,0.12245960361196823,30,1,30,Avoidance
Brassicaceae,Bombylids,30.908774417081187,0.052083673495424636,0.045228882726000105,0.026310617318633454,5,1,5,Preference
Brassicaceae,Coleoptera,1.0162909269351426,0.022510208619833584,0.0035533634950764073,0.04095961103439854,14,1,14,Avoidance
Brassicaceae,Colletidae,-2.8939594753759232,0.004084018191002282,0.001937721250315188,0.003856758419802011,10,1,10,Avoidance
Brassicaceae,Halictidae,-2.4439738050793007,0.0039025467853966074,0.0022859005826596592,0.0036803135083333456,23,1,23,Avoidance
Brassicaceae,Lepidoptera,22.9703588609328,0.0074301077417294565,0.0074301077417294565,0.0014194487993399495,2,1,2,Preference
Brassicaceae,Megachilidae,-1.26020192029795,0.02106169110074035,0.015699292313532245,0.017419864096285445,28,1,28,Avoidance
Brassicaceae,Non-bee Hymenoptera,-1.5366849976400145,0.008571991707383243,0.004313979916520483,0.010758060436056099,22,1,22,Avoidance
Brassicaceae,Other Diptera,-7.112927372962655,0.006146454850280291,0.0025388445793690585,0.010526517733089675,41,1,41,Avoidance
Brassicaceae,Syrphids,-1.610909812711389,0.024195549988341027,0.008287456507415539,0.030967977257942925,20,1,20,Avoidance
Campanulaceae,Andrenidae,-4.137217854986359,1.242740104974313e-4,1.8850338474179525e-5,2.0989387348520295e-4,30,2,15,Avoidance
Campanulaceae,Apidae,17.118713333553835,0.004052213921198775,1.3040725786344138e-5,0.017699645785771496,60,2,30,Preference
Campanulaceae,Bombylids,-0.2505413427410291,0.001465421933649601,2.5873225969823114e-4,0.0019995082803576465,10,2,5,Avoidance
Campanulaceae,Coleoptera,-1.1549952898240268,7.298479678952238e-4,4.756656151337465e-6,0.002318594427142857,28,2,14,Avoidance
Campanulaceae,Colletidae,-21.550463282662133,5.112028606511969e-5,7.681585156094887e-6,9.724459089927067e-5,20,2,10,Avoidance
Campanulaceae,Halictidae,5.8462734380223464,4.790741777612363e-5,8.078021443505867e-6,9.818733231179058e-5,46,2,23,Preference
Campanulaceae,Lepidoptera,-4.3418514247599775,9.722530456438279e-5,7.99625715667062e-5,1.157512490860474e-4,4,2,2,Avoidance
Campanulaceae,Megachilidae,17.68553906175385,4.5451273576826154e-4,2.4193692059913883e-5,8.807235345058004e-4,56,2,28,Preference
Campanulaceae,Melittidae,0.983616032182657,1.7789149574224314e-4,1.0420301104992465e-4,2.1092817164592828e-4,6,2,3,Avoidance
Campanulaceae,Non-bee Hymenoptera,-5.857104680143434,1.4980568321731183e-4,7.5457918814330874e-6,3.979256082731971e-4,44,2,22,Avoidance
Campanulaceae,Other Diptera,-9.177166103564646,1.0825145768004826e-4,5.789411403425171e-6,3.961110616893474e-4,82,2,41,Avoidance
Campanulaceae,Syrphids,3.8486239314942936,6.554723311742371e-4,1.0821424328420598e-5,0.0016562577372364851,40,2,20,Avoidance
Caprifoliaceae,Andrenidae,23.744159071697347,0.19975316028524306,0.11551780678352469,0.22132829480395308,30,2,15,Preference
Caprifoliaceae,Apidae,-13.573671856422918,0.334183624368894,0.10025290267077155,0.36970455215844333,60,2,30,Avoidance
Caprifoliaceae,Bombylids,-2.325009093416281,0.39215145465887813,0.2765047583996093,0.4238629310381457,10,2,5,Avoidance
Caprifoliaceae,Coleoptera,9.601973307903014,0.2048720452697886,0.0666924132487812,0.28771535440709056,28,2,14,Preference
Caprifoliaceae,Colletidae,-15.875444659950379,0.1407997050503162,0.08122215622069157,0.16777614797692697,20,2,10,Avoidance
Caprifoliaceae,Halictidae,29.841812475601422,0.1406420462918643,0.08289136583303626,0.16004699274124076,46,2,23,Preference
Caprifoliaceae,Lepidoptera,20.89947195985271,0.20495936588483038,0.1930960869124248,0.23745825294224904,4,2,2,Preference
Caprifoliaceae,Megachilidae,-8.935262954625749,0.2819700196720242,0.126863910970267,0.30627546430707436,56,2,28,Avoidance
Caprifoliaceae,Melittidae,-2.2694652164030624,0.24497191559018472,0.21043585342156074,0.27100701959384926,6,2,3,Avoidance
Caprifoliaceae,Non-bee Hymenoptera,-8.400021022380367,0.18678961087626092,0.08063730608618996,0.21994104275845425,44,2,22,Avoidance
Caprifoliaceae,Other Diptera,-13.236853945708862,0.15244432790193177,0.07235710283764071,0.18935734931057563,82,2,41,Avoidance
Caprifoliaceae,Syrphids,4.636869251420235,0.25527036537412673,0.09316387985349517,0.31191901231179703,40,2,20,Avoidance
Caryophyllaceae,Andrenidae,-7.066293036167117,0.05093524549574236,5.000319660878428e-5,0.08902054172032779,90,6,15,Avoidance
Caryophyllaceae,Apidae,-21.076115504562885,0.1286136600198036,2.4483549799169936e-4,0.22531301885029129,180,6,30,Avoidance
Caryophyllaceae,Bombylids,-13.149417440554414,0.1455735371174775,5.544791116923265e-4,0.22836412445874654,30,6,5,Avoidance
Caryophyllaceae,Coleoptera,-5.916358968250703,0.06548432792245301,4.083735600248544e-5,0.15744567397106277,84,6,14,Avoidance
Caryophyllaceae,Colletidae,-3.4402553197622803,0.03194845704919835,1.7829731004944136e-5,0.06111086689093268,60,6,10,Avoidance
Caryophyllaceae,Halictidae,46.52136528695046,0.03152494700198369,2.17328032017347e-5,0.05861790341285355,138,6,23,Preference
Caryophyllaceae,Lepidoptera,0.5044573591247369,0.050867215063216877,1.1957012705023025e-4,0.08352235438369532,12,6,2,Avoidance
Caryophyllaceae,Megachilidae,-8.666371848075594,0.08584028118552549,1.335873566931343e-4,0.14615148273198247,168,6,28,Avoidance
Caryophyllaceae,Melittidae,-0.5461148898482479,0.06602838198811736,1.5846365110144166e-4,0.10638320099907991,18,6,3,Avoidance
Caryophyllaceae,Non-bee Hymenoptera,21.829738253291342,0.048066771688660005,4.705765277086578e-5,0.09327704659007333,132,6,22,Preference
Caryophyllaceae,Other Diptera,-1.980090565453107,0.03705608237434044,2.2423633995263466e-5,0.07924681256824971,246,6,41,Avoidance
Caryophyllaceae,Syrphids,-20.913062511773227,0.08121761959427261,1.088407724037112e-4,0.16080067658667255,120,6,20,Avoidance
Cistaceae,Andrenidae,-2.43740495350151,1.0808853402168171e-16,1.9678176622454417e-17,2.1418985266869447e-16,15,1,15,Avoidance
Cistaceae,Apidae,23.81982915382432,9.60689631864376e-12,3.0745951600193156e-15,4.297557688075385e-11,30,1,30,Preference
Cistaceae,Bombylids,-0.1431617469845403,1.8751771679797855e-14,6.506129743775027e-15,2.12026661278848e-14,5,1,5,Avoidance
Cistaceae,Coleoptera,-0.32336689480759767,2.5983887596525586e-14,3.991404624904475e-18,7.730777848814858e-14,14,1,14,Avoidance
Cistaceae,Colletidae,-9.114758771445521,1.887725512788699e-17,8.010234637248371e-19,3.038029370641244e-17,10,1,10,Avoidance
Cistaceae,Halictidae,-0.883529020304841,1.9766661090451328e-17,1.2294183952479027e-18,4.634772198500926e-17,23,1,23,Avoidance
Cistaceae,Lepidoptera,-1.5431882285980418,3.0695039118677544e-17,3.0695039118677544e-17,1.569023611827427e-17,2,1,2,Avoidance
Cistaceae,Megachilidae,-9.668414417701147,2.799588997420986e-15,2.4971692750595847e-16,7.947496497808703e-15,28,1,28,Avoidance
Cistaceae,Melittidae,-0.7865875450689532,1.1864829430020342e-16,1.6022458859932878e-16,7.310587670715255e-17,3,1,3,Avoidance
Cistaceae,Non-bee Hymenoptera,-4.812947507363183,4.216096109788009e-16,6.620798549603063e-18,1.3475129861510046e-15,22,1,22,Avoidance
Cistaceae,Other Diptera,-13.814203084200878,4.329829645914402e-16,1.6170130696882574e-18,1.8353881555161004e-15,41,1,41,Avoidance
Cistaceae,Syrphids,-1.3804357298381644,1.1752556980549247e-14,4.291193283200662e-17,3.395101383598789e-14,20,1,20,Avoidance
Fabaceae,Andrenidae,25.705484809762414,0.044679483115049566,0.01778923823516077,0.06756362297124989,90,6,15,Preference
Fabaceae,Apidae,-31.46999093584342,0.14598077282237162,0.0793454161276821,0.20933765451920133,180,6,30,Avoidance
Fabaceae,Bombylids,-14.354995122935842,0.15389295419057036,0.10925561939004624,0.17644637421052334,30,6,5,Avoidance
Fabaceae,Coleoptera,-5.12721467730683,0.06721702214311176,0.011575861013401028,0.1363388612844875,84,6,14,Avoidance
Fabaceae,Colletidae,45.48382243814669,0.02667033455799174,0.007676832556363461,0.04618629075598302,60,6,10,Preference
Fabaceae,Halictidae,-13.912008698194738,0.02615769316039034,0.00835183518141398,0.04422305377795729,138,6,23,Avoidance
Fabaceae,Lepidoptera,-9.044185747196842,0.04378992830818053,0.02272777385847093,0.061701770794141804,12,6,2,Avoidance
Fabaceae,Megachilidae,52.47682270718749,0.08230167897983597,0.04076998361733836,0.11405948567535422,168,6,28,Preference
Fabaceae,Melittidae,-5.8360466885602635,0.059068179412981994,0.034694006212946056,0.07923087030587954,18,6,3,Avoidance
Fabaceae,Non-bee Hymenoptera,14.597142243089586,0.04275048704696073,0.01420503039997283,0.07311517555674323,132,6,22,Preference
Fabaceae,Other Diptera,-29.54515483124352,0.03232105862298703,0.00901788287029495,0.06300916010848988,246,6,41,Avoidance
Fabaceae,Syrphids,-2.8407850005788373,0.08106835192624667,0.020100903563016158,0.13230400006075355,120,6,20,Avoidance
Geraniaceae,Andrenidae,2.8681765958410024,3.432130220671619e-21,4.2279383341512904e-22,7.547091708927828e-21,15,1,15,Avoidance
Geraniaceae,Apidae,-14.645556663172764,2.2343970682228e-15,1.3115157211987151e-19,1.0340318527413692e-14,30,1,30,Avoidance
Geraniaceae,Bombylids,12.871901621152276,1.1241313741547703e-18,3.0851064407579934e-19,1.3697621786770065e-18,5,1,5,Preference
Geraniaceae,Coleoptera,-1.2331379787387993,2.046622529640711e-18,6.996073140185222e-23,6.3599604003106545e-18,14,1,14,Avoidance
Geraniaceae,Colletidae,2.1704206461723303,4.680294035962178e-22,1.1406647932073355e-23,7.723822184846708e-22,10,1,10,Avoidance
Geraniaceae,Halictidae,-0.9104034770716789,5.257218118083441e-22,1.8479748131138127e-23,1.3126852220806817e-21,23,1,23,Avoidance
Geraniaceae,Lepidoptera,-0.8715703008806979,7.062208065304953e-22,7.062208065304953e-22,4.034997963425001e-22,2,1,2,Avoidance
Geraniaceae,Megachilidae,16.738749288700316,1.5195340205893427e-19,7.532979980071085e-21,4.840952936637088e-19,28,1,28,Preference
Geraniaceae,Melittidae,5.499999999999976,3.310200428801104e-21,4.549406507700918e-21,2.181633044000848e-21,3,1,3,Preference
Geraniaceae,Non-bee Hymenoptera,-1.2256289569525607,1.8478090851987313e-20,1.2348833406801916e-22,6.222863618048629e-20,22,1,22,Avoidance
Geraniaceae,Other Diptera,-1.5762958772955393,2.0830363953128288e-20,2.5165482276072118e-23,9.043925714527594e-20,41,1,41,Avoidance
Geraniaceae,Syrphids,1.795398676912899,8.064662330128016e-19,1.0381871029017253e-21,2.5074263585697294e-18,20,1,20,Avoidance
Hypericaceae,Andrenidae,-7.219797270953316,4.660010624093294e-12,1.1252819406119604e-13,1.1855180327912285e-11,30,2,15,Avoidance
Hypericaceae,Apidae,4.1509468815680854,3.176475995050787e-8,6.944124960853013e-14,1.9200909453335519e-7,60,2,30,Avoidance
Hypericaceae,Bombylids,-0.4441127052426328,3.5172153637898883e-10,1.0789460820723276e-11,5.98330569832007e-10,10,2,5,Avoidance
Hypericaceae,Coleoptera,-2.4049933516500106,3.448267373521523e-10,1.1305758067968948e-14,1.3730917384590832e-9,28,2,14,Avoidance
Hypericaceae,Colletidae,-4.29521512809707,1.093132390340171e-12,2.4987540983535495e-14,2.5653930563583096e-12,20,2,10,Avoidance
Hypericaceae,Halictidae,8.13939509302065,1.0670645823701077e-12,2.716868394320692e-14,3.3055326007535973e-12,46,2,23,Preference
Hypericaceae,Lepidoptera,-5.292581578217275,1.93560740254608e-12,1.345815013469117e-12,2.4337313301862075e-12,4,2,2,Avoidance
Hypericaceae,Megachilidae,-15.316848941837927,6.190075538284676e-11,1.7178701793790404e-13,2.1248417853002424e-10,56,2,28,Avoidance
Hypericaceae,Melittidae,-0.7488466205583438,5.8593342742860065e-12,2.1399442006973305e-12,7.602617531413244e-12,6,2,3,Avoidance
Hypericaceae,Non-bee Hymenoptera,-3.161803695293965,1.2029846366692142e-11,2.4257712469897567e-14,5.0193797296719985e-11,44,2,22,Avoidance
Hypericaceae,Other Diptera,-2.411811884645806,1.0896665401331467e-11,1.563425407236664e-14,6.210503373971611e-11,82,2,41,Avoidance
Hypericaceae,Syrphids,11.977213231190188,1.887737105090329e-10,4.4250842806955217e-14,7.016528497185742e-10,40,2,20,Preference
Lamiaceae,Andrenidae,-19.417952516915847,0.2235710384886259,0.1650978084899174,0.22211926673861987,90,6,15,Avoidance
Lamiaceae,Apidae,238.10506960843952,0.3963229541754054,0.3116658502129153,0.3482219922239851,180,6,30,Preference
Lamiaceae,Bombylids,-2.9942312514771388,0.455320323968286,0.42140330357900224,0.3709228836650823,30,6,5,Avoidance
Lamiaceae,Coleoptera,-17.67760724818733,0.23649674870366663,0.15118680034569024,0.2826923405132928,84,6,14,Avoidance
Lamiaceae,Colletidae,-207.0159701044563,0.15742359162384884,0.10654127053783617,0.17252773055366713,60,6,10,Avoidance
Lamiaceae,Halictidae,1.6993560165636106,0.15718940648909946,0.119481974114821,0.166687619771748,138,6,23,Avoidance
Lamiaceae,Lepidoptera,11.854188334758627,0.22875852527523077,0.18959757649808742,0.21910791415266384,12,6,2,Preference
Lamiaceae,Megachilidae,-6.529546832798173,0.3194265647532373,0.27273782534116,0.29503079602247406,168,6,28,Avoidance
Lamiaceae,Melittidae,-19.26949441497753,0.2742963030175599,0.22180616241186774,0.25338217762891313,18,6,3,Avoidance
Lamiaceae,Non-bee Hymenoptera,32.32616759519146,0.20969141957565485,0.1530578474713813,0.22162362917678183,132,6,22,Preference
Lamiaceae,Other Diptera,-54.929880170389474,0.1711585531314058,0.12103132896122437,0.19426406713831806,246,6,41,Avoidance
Lamiaceae,Syrphids,-42.62170167803726,0.2921339081683634,0.22014905769766913,0.30187579328651915,120,6,20,Avoidance
Onagraceae,Andrenidae,-2.17594981031925,3.61647076944036e-30,2.1933190043966558e-31,9.134237406672382e-30,15,1,15,Avoidance
Onagraceae,Apidae,16.35199836458911,6.853719253546274e-23,2.1913497725125086e-28,3.3275814404876675e-22,30,1,30,Preference
Onagraceae,Coleoptera,-0.5078215550622603,9.950215041205809e-27,2.569234328313289e-32,3.271887452800702e-26,14,1,14,Avoidance
Onagraceae,Colletidae,-6.28314476351329,3.1355094567991762e-31,2.9343836957535983e-33,5.341111033561847e-31,10,1,10,Avoidance
Onagraceae,Halictidae,-3.071606589806509,4.054354921276269e-31,5.2130763563274755e-33,1.0937277305017033e-30,23,1,23,Avoidance
Onagraceae,Lepidoptera,-1.3675175888294375,4.1368977978640435e-31,4.1368977978640435e-31,2.765239025170289e-31,2,1,2,Avoidance
Onagraceae,Megachilidae,-2.640632895440155,4.06309002561388e-28,6.972427490167328e-30,1.4988799529458893e-27,28,1,28,Avoidance
Onagraceae,Melittidae,-1.2385230701738468,2.699670755626428e-30,3.7967357658773785e-30,1.9356111230879886e-30,3,1,3,Avoidance
Onagraceae,Non-bee Hymenoptera,-2.8007975617945156,3.335853142485964e-29,5.03419417298982e-32,1.19647464107838e-28,22,1,22,Avoidance
Onagraceae,Other Diptera,-4.884936913110122,4.3607549017852464e-29,7.532613265401154e-33,1.9314723978588341e-28,41,1,41,Avoidance
Onagraceae,Syrphids,-1.06546628623484,3.1466583986256984e-27,6.64124491648197e-31,1.0769286269606444e-26,20,1,20,Avoidance
Paeoniaceae,Andrenidae,-0.7806696418374196,3.1702617391881465e-39,1.903890951743046e-304,1.5445432146797948e-38,45,3,15,Avoidance
Paeoniaceae,Apidae,6.525820611508821,9.328495069969636e-31,7.84111984127535e-295,8.104964065240685e-30,90,3,30,Preference
Paeoniaceae,Bombylids,-6.728861152024704,7.041982105182265e-36,2.2778833794704747e-293,1.9180169290732405e-35,15,3,5,Avoidance
Paeoniaceae,Coleoptera,8.193210148394845,3.00410342990132e-35,2.9439785654304173e-307,1.77828520153677e-34,42,3,14,Preference
Paeoniaceae,Halictidae,-1.6509188368466439,2.723339376376141e-40,1.63365290773867e-309,1.3692231163348953e-39,69,3,23,Avoidance
Paeoniaceae,Lepidoptera,-2.403542470786342,2.1850499392197127e-40,2.4842941902844628e-303,4.024273017837249e-40,6,3,2,Avoidance
Paeoniaceae,Megachilidae,-3.734402077372743,7.702630443140063e-37,1.1676372387364808e-299,5.413042235588827e-36,84,3,28,Avoidance
Paeoniaceae,Non-bee Hymenoptera,4.441755128279754,4.4873694345408525e-38,1.94171533379938e-306,2.921820630756437e-37,66,3,22,Avoidance
Paeoniaceae,Other Diptera,-0.9920332567134111,6.564346909977834e-38,5.104508639724896e-309,5.1174161547400876e-37,123,3,41,Avoidance
Paeoniaceae,Syrphids,-1.0748940963851,8.013369501896801e-36,1.3621157353439874e-302,5.079787274990759e-35,60,3,20,Avoidance
Papaveraceae,Andrenidae,-0.3233678937489638,1.0151644465156882e-11,2.9522838032294753e-12,1.700841554847457e-11,15,1,15,Avoidance
Papaveraceae,Apidae,0.0310252082171102,6.773301931104826e-8,1.903415557976083e-10,2.8776381672452583e-7,30,1,30,Avoidance
Papaveraceae,Bombylids,-4.139010969070162,7.608577238613767e-10,3.5132327239793313e-10,7.610482145012795e-10,5,1,5,Avoidance
Papaveraceae,Coleoptera,-0.26855722895969225,7.438225792940274e-10,7.796823611590884e-13,2.061928047434034e-9,14,1,14,Avoidance
Papaveraceae,Colletidae,-0.9402009894445396,2.3869418196460393e-12,2.0436384402517957e-13,3.658170161466935e-12,10,1,10,Avoidance
Papaveraceae,Halictidae,9.19528742243447,2.3289296824214346e-12,2.925099085379743e-13,4.870956860581536e-12,23,1,23,Preference
Papaveraceae,Lepidoptera,3.9466862059797827,4.229219690395209e-12,4.229219690395209e-12,1.8195797910939686e-12,2,1,2,Avoidance
Papaveraceae,Megachilidae,-3.3422995534190387,1.3411841565818712e-10,2.4180520590060592e-11,3.134413879924495e-10,28,1,28,Avoidance
Papaveraceae,Non-bee Hymenoptera,-1.494219298106537,2.611790193818799e-11,1.192425537999003e-12,7.556489602537417e-11,22,1,22,Avoidance
Papaveraceae,Other Diptera,3.9066664036247403,2.3632605583512635e-11,3.6784847424743474e-13,9.426285468867207e-11,41,1,41,Avoidance
Papaveraceae,Syrphids,4.0907065409867815,4.0788335040587486e-10,5.5507750194204045e-12,1.0437405021159217e-9,20,1,20,Avoidance
Plantaginaceae,Andrenidae,-1.9291202674126755,1.124825982780011e-4,1.683374956893577e-5,1.9070987539371e-4,30,2,15,Avoidance
Plantaginaceae,Apidae,-13.40260605968162,0.003813274403409821,1.3146999718704219e-5,0.016778303950780435,60,2,30,Avoidance
Plantaginaceae,Bombylids,0.9351512798341408,0.001347069121248138,2.3468341094666023e-4,0.001841848361588533,10,2,5,Avoidance
Plantaginaceae,Coleoptera,0.39208067622420817,6.739289798876857e-4,4.225237391749229e-6,0.0021470639800709045,28,2,14,Avoidance
Plantaginaceae,Colletidae,-5.366541977451953,4.606690515869246e-5,6.826488804260179e-6,8.78852985340042e-5,20,2,10,Avoidance
Plantaginaceae,Halictidae,37.068725734054084,4.315768816349851e-5,7.180725671141759e-6,8.887547713994473e-5,46,2,23,Preference
Plantaginaceae,Lepidoptera,-7.574646780046754,8.76602362700284e-5,7.200378849431119e-5,1.044002800378229e-4,4,2,2,Avoidance
Plantaginaceae,Megachilidae,9.98879524514937,4.152826594587467e-4,2.1637296771285233e-5,8.092552737990008e-4,56,2,28,Preference
Plantaginaceae,Melittidae,-0.16972502573910622,1.6102228272516222e-4,9.398137350217895e-5,1.9106904305014e-4,6,2,3,Avoidance
Plantaginaceae,Non-bee Hymenoptera,1.3304862281476382,1.3622126073529084e-4,6.705565748889962e-6,3.639705306633798e-4,44,2,22,Avoidance
Plantaginaceae,Other Diptera,2.9618167776623845,9.8519900946874e-5,5.137820697402781e-6,3.629902009639245e-4,82,2,41,Avoidance
Plantaginaceae,Syrphids,1.9670771444258566,6.025162644150934e-4,9.639584516810235e-6,0.0015291956595132295,40,2,20,Avoidance
Polygonaceae,Apidae,0.6954485226714997,0.8896844533434862,0.9712675377296567,0.18071806507578866,30,1,30,Avoidance
Polygonaceae,Colletidae,-10.41457740504325,0.7110286359283209,0.6529166350523106,0.14232072912861513,10,1,10,Avoidance
Polygonaceae,Halictidae,-0.5081356884499876,0.7179358707442582,0.6811688328142855,0.11308175068292538,23,1,23,Avoidance
Polygonaceae,Lepidoptera,-1.6345666646550487,0.87170229710292,0.87170229710292,0.027943595421360795,2,1,2,Avoidance
Polygonaceae,Megachilidae,-0.7097698872831368,0.9323345213564117,0.960408372066019,0.08255054896918901,28,1,28,Avoidance
Polygonaceae,Non-bee Hymenoptera,-0.9601963384716895,0.8016914581423761,0.7885537897053013,0.12285390436841649,22,1,22,Avoidance
Polygonaceae,Other Diptera,14.567783641451998,0.7250365222629989,0.6991317022431336,0.13678502502164877,41,1,41,Preference
Polygonaceae,Syrphids,-4.823042868421201,0.8545310677063134,0.8680089242984041,0.12886347315926602,20,1,20,Avoidance
Primulaceae,Andrenidae,1.3153650059372566,0.0033798354151272393,2.052966394151187e-8,0.007473225122988023,60,4,15,Avoidance
Primulaceae,Apidae,-5.764965266505117,0.022472856548398683,1.2211144641517725e-7,0.08139748716598627,120,4,30,Avoidance
Primulaceae,Bombylids,10.257777498723053,0.019096804715921293,6.337732170610454e-7,0.03785254778032426,20,4,5,Preference
Primulaceae,Coleoptera,-0.8116537506533479,0.00814880726497735,2.0916160261996427e-8,0.03107911233551455,56,4,14,Avoidance
Primulaceae,Colletidae,-1.255918180911545,0.0017170170957937034,6.2829033885883905e-9,0.0042355637669099595,40,4,10,Avoidance
Primulaceae,Halictidae,-1.484786732208168,0.0016475338993194107,6.8582930792166934e-9,0.004062006734741462,92,4,23,Avoidance
Primulaceae,Lepidoptera,-2.2541669266434656,0.0030855818002505754,1.2749358693162679e-7,0.0057752324763744155,8,4,2,Avoidance
Primulaceae,Megachilidae,-5.912828296301064,0.008102845592204014,4.9467543189957336e-8,0.018729394026578784,112,4,28,Avoidance
Primulaceae,Melittidae,38.002715611955544,0.004707809963486275,1.810312078511261e-7,0.00878284476487695,12,4,3,Preference
Primulaceae,Non-bee Hymenoptera,-0.965398268912777,0.003428921870148437,1.1388717995930958e-8,0.009896224388637279,88,4,22,Avoidance
Primulaceae,Other Diptera,0.1271952574082594,0.002469369536832082,1.1375918899595273e-8,0.00884550031630133,164,4,41,Avoidance
Primulaceae,Syrphids,-2.3663271776399437,0.009002108615614308,3.186650528138519e-8,0.0265302069486255,80,4,20,Avoidance
Ranunculaceae,Andrenidae,-4.081814629531574,0.0016541124791837414,5.345196010534088e-18,0.006181075532825877,165,11,15,Avoidance
Ranunculaceae,Apidae,20.24641675462075,0.01092118416203357,8.980669830934626e-16,0.05651325578355782,330,11,30,Preference
Ranunculaceae,Bombylids,-2.0715464414244136,0.009044500169120421,2.7671944709782292e-15,0.02969255043279109,55,11,5,Avoidance
Ranunculaceae,Coleoptera,6.966910289719189,0.003872196186372751,2.8204212667503867e-18,0.022894787728755826,154,11,14,Preference
Ranunculaceae,Colletidae,-17.4113033585355,8.514017304203088e-4,9.299322182450396e-19,0.003514250632592891,110,11,10,Avoidance
Ranunculaceae,Halictidae,-4.78010232599413,8.185533297017179e-4,4.668236073536204e-19,0.003378115203303078,253,11,23,Avoidance
Ranunculaceae,Lepidoptera,-5.761440726644355,0.0015200648447568001,3.978023564301271e-18,0.004843551315151879,22,11,2,Avoidance
Ranunculaceae,Megachilidae,1.1002802919368755,0.0038892897830626132,5.3452640127611925e-17,0.014861686925180402,308,11,28,Avoidance
Ranunculaceae,Melittidae,-1.5924104427386179,0.002295489274957985,1.9334472216916374e-17,0.00733674205838819,33,11,3,Avoidance
Ranunculaceae,Non-bee Hymenoptera,-5.443774684094867,0.0016693708569560197,3.3303682830913727e-18,0.00781508059012175,242,11,22,Avoidance
Ranunculaceae,Other Diptera,-3.1357623414044804,0.001206138474893751,9.766018615835215e-19,0.006861339672037386,451,11,41,Avoidance
Ranunculaceae,Syrphids,4.000814327701669,0.004291780398596153,3.954799873713336e-17,0.020143366926974045,220,11,20,Avoidance
Rosaceae,Andrenidae,3.6617025766606353,0.012915103938550896,3.964972081318823e-5,0.022647500041473954,45,3,15,Avoidance
Rosaceae,Apidae,-14.499624738679223,0.057703125040556864,4.8598889269102816e-4,0.13570051413982648,90,3,30,Avoidance
Rosaceae,Bombylids,0.13057363494410557,0.05689242402680259,6.939885465643579e-4,0.09073730123618058,15,3,5,Avoidance
Rosaceae,Coleoptera,2.2844384542970024,0.024023041179271423,1.723898743511926e-5,0.07072994882064677,42,3,14,Avoidance
Rosaceae,Colletidae,3.3468703329619,0.007067327380462352,7.430559655990972e-6,0.013847960618962173,30,3,10,Avoidance
Rosaceae,Halictidae,17.83725287118368,0.00685114323720605,9.329842457469464e-6,0.013153485053093484,69,3,23,Preference
Rosaceae,Lepidoptera,-1.1751127812038407,0.012259161742817316,4.891306283762023e-5,0.019128891400442587,6,3,2,Avoidance
Rosaceae,Megachilidae,10.416076793768996,0.027119226901295725,1.4292397828853366e-4,0.04860416957119451,84,3,28,Preference
Rosaceae,Melittidae,-0.37623464940848084,0.017621620307176095,1.1468839726291507e-4,0.027076378001409187,9,3,3,Avoidance
Rosaceae,Non-bee Hymenoptera,-1.30474093983386,0.012636714130284943,2.2569208168963628e-5,0.027609106556609274,66,3,22,Avoidance
Rosaceae,Other Diptera,-2.1139635857922765,0.009256278818163953,1.078581311050859e-5,0.024174494696145868,123,3,41,Avoidance
Rosaceae,Syrphids,6.790780654580821,0.02807753552485977,5.7375871930885754e-5,0.06363759415911427,60,3,20,Preference
Rutaceae,Andrenidae,-1.1972878122829556,3.3139319344046166e-45,7.13008709320637e-47,9.564237151986398e-45,15,1,15,Avoidance
Rutaceae,Apidae,3.7256251879363167,6.234247735090104e-36,3.556396867786405e-43,3.172608912555022e-35,30,1,30,Avoidance
Rutaceae,Bombylids,-1.448337191260037,1.3056347446068507e-41,1.2834884439004015e-42,1.9377492963370482e-41,5,1,5,Avoidance
Rutaceae,Coleoptera,-0.993430275821271,7.225711563823669e-41,5.213093013713653e-48,2.5007843811715175e-40,14,1,14,Avoidance
Rutaceae,Colletidae,-2.2542027292106623,1.466561349219004e-46,3.637742897520096e-49,2.5907602598446424e-46,10,1,10,Avoidance
Rutaceae,Halictidae,-1.9098650530071763,2.364033414954902e-46,7.335462377340733e-49,6.855105648516541e-46,23,1,23,Avoidance
Rutaceae,Lepidoptera,-1.106270985349757,1.6037170156034179e-46,1.6037170156034179e-46,1.2662696788376446e-46,2,1,2,Avoidance
Rutaceae,Megachilidae,0.45782442560123127,1.362667988844916e-42,5.0262099784184365e-45,5.7392108024975245e-42,28,1,28,Avoidance
Rutaceae,Melittidae,-0.19874868427499104,1.6519151907445456e-45,2.3725449055982235e-45,1.275489130518018e-45,3,1,3,Avoidance
Rutaceae,Non-bee Hymenoptera,-1.3098610768356866,6.236196323415775e-44,1.1755194628635954e-47,2.3745698517930862e-43,22,1,22,Avoidance
Rutaceae,Other Diptera,-2.6409900805038564,9.810135642693108e-44,1.1499053165626073e-48,4.3908387423647e-43,41,1,41,Avoidance
Rutaceae,Syrphids,-1.4265002675792025,1.7234296240653037e-41,2.9171031081538246e-46,6.455026879191803e-41,20,1,20,Avoidance
Saxifragaceae,Andrenidae,3.761849963982477,3.9281836298933755e-5,2.3051739296775267e-5,4.216126730866004e-5,15,1,15,Avoidance
Saxifragaceae,Apidae,16.530580991915855,0.0025937656363285307,3.03299501810659e-4,0.008798932858285986,30,1,30,Preference
Saxifragaceae,Bombylids,-2.200361302548089,6.075547894492745e-4,4.3788377545625885e-4,4.2975483719358477e-4,5,1,5,Avoidance
Saxifragaceae,Coleoptera,3.1664634926624817,3.2894396565112964e-4,9.810472684709939e-6,7.505031169016942e-4,14,1,14,Avoidance
Saxifragaceae,Colletidae,-7.8162268733215585,1.4958173230665874e-5,4.140154051858846e-6,1.8583267959795474e-5,10,1,10,Avoidance
Saxifragaceae,Halictidae,0.08870109927536624,1.395820517622916e-5,5.227553399833756e-6,1.973836851272695e-5,23,1,23,Avoidance
Saxifragaceae,Lepidoptera,-1.2363726154313968,2.8611313048753723e-5,2.8611313048753723e-5,7.930404631286887e-6,2,1,2,Avoidance
Saxifragaceae,Megachilidae,1.1241326607151307,1.7003234656449607e-4,8.605605441764124e-5,2.284318497619381e-4,28,1,28,Avoidance
Saxifragaceae,Non-bee Hymenoptera,5.99127997461936,5.163704126238737e-5,1.2930442142987868e-5,1.0145927337794259e-4,22,1,22,Preference
Saxifragaceae,Other Diptera,-8.401767758232898,3.80302344295162e-5,6.065095508939668e-6,1.0720273298565146e-4,41,1,41,Avoidance
Saxifragaceae,Syrphids,-3.5039323086293557,2.7300793853016084e-4,3.371699112126426e-5,4.936731767167619e-4,20,1,20,Avoidance
Solanaceae,Andrenidae,-0.9324303405543679,0.019465017103885054,0.007685184287874831,0.02487071594073063,30,2,15,Avoidance
Solanaceae,Apidae,2.7245647425888317,0.09215630752893157,0.014035000616086523,0.15774686182241754,60,2,30,Avoidance
Solanaceae,Bombylids,-0.39876133301351446,0.08782282040390216,0.03980233672309666,0.09651726173944468,10,2,5,Avoidance
Solanaceae,Coleoptera,-0.5265805026989616,0.03722711071534496,0.009308438914644645,0.08331723037216497,28,2,14,Avoidance
Solanaceae,Colletidae,-1.2101353029145103,0.01060121155278783,0.004009895491426483,0.015588850403338381,20,2,10,Avoidance
Solanaceae,Halictidae,1.7489230482162283,0.010271153136660586,0.00432541448208534,0.014710452818688937,46,2,23,Avoidance
Solanaceae,Lepidoptera,-2.3287991420561727,0.01842273403973653,0.0164593307911469,0.020798757286636622,4,2,2,Avoidance
Solanaceae,Megachilidae,-1.522688227551467,0.041338445683873126,0.013671387934670601,0.05340349018627083,56,2,28,Avoidance
Solanaceae,Non-bee Hymenoptera,-0.7185780277876987,0.019108251251419368,0.00641142802602929,0.031495344731798616,44,2,22,Avoidance
Solanaceae,Other Diptera,-1.7975878684455489,0.01398551560335228,0.006662542899642113,0.02811100178341884,82,2,41,Avoidance
Solanaceae,Syrphids,0.2889318042396334,0.043160542453342145,0.011557464631271278,0.07283993856007027,40,2,20,Avoidance
Violaceae,Andrenidae,0.5981278912794536,1.0197215703494545e-4,6.280184067037803e-5,1.0415494488935086e-4,15,1,15,Avoidance
Violaceae,Apidae,-10.074938723983987,0.004693313036048284,7.237765567858008e-4,0.015131746277464043,30,1,30,Avoidance
Violaceae,Bombylids,-0.09628257852918998,0.001376005670468436,0.0010237455827158827,9.339180020440188e-4,5,1,5,Avoidance
Violaceae,Coleoptera,-0.5560110295526797,7.135248274936822e-4,2.7817458375857854e-5,0.001588709264764837,14,1,14,Avoidance
Violaceae,Colletidae,-0.514524401842744,4.0369502735657865e-5,1.221253810552033e-5,4.8605678939024155e-5,10,1,10,Avoidance
Violaceae,Halictidae,-1.0763332586876038,3.773773588582057e-5,1.5259747052386854e-5,5.074166429034508e-5,23,1,23,Avoidance
Violaceae,Lepidoptera,-0.709164923743618,7.706610580073006e-5,7.706610580073006e-5,2.0349024351097498e-5,2,1,2,Avoidance
Violaceae,Megachilidae,12.318347873822354,4.051663343081406e-4,2.1959148231507193e-4,0.00051085250769566405,28,1,28,Preference
Violaceae,Melittidae,-0.16972502573910614,1.4594202243404115e-4,1.7716254472674496e-4,5.466323215720729e-5,3,1,3,Avoidance
Violaceae,Other Diptera,1.847015572461462,9.338592844806179e-5,1.7586099181898504e-5,2.4872707439748044e-4,41,1,41,Avoidance
Violaceae,Syrphids,-0.8856399375803015,6.160715806479387e-4,9.003878860995045e-5,0.0010681342434068046,20,1,20,Avoidance
