Botanical_garden,dprime,sp_name,Type
Leipzig,0.667910373127684,Achillea filipendulina,Plant
Leipzig,0.888547970798491,Aethionema grandiflorum,Plant
Leipzig,0.5376217700906869,Ajuga reptans,Plant
Leipzig,0.33888449249074915,Alisma plantago-aquatica,Plant
Leipzig,0.22386409114313358,Allium senescens,Plant
Leipzig,0.6049089222065062,Allium ursinum,Plant
Leipzig,0.7245178591472595,Anaphalis margaritacea,Plant
Leipzig,0.614859612136823,Anchusa officinalis,Plant
Leipzig,0.4246337847090491,Anemone nemorosa,Plant
Leipzig,0.8250143916927763,Anemone sylvestris,Plant
Leipzig,0.5208800705075595,Anthericum ramosum,Plant
Leipzig,0.23806358755022924,Aquilegia vulgaris,Plant
Leipzig,0.7596955221858152,Aster mongolicus,Plant
Leipzig,0.39880081607218393,Aurinia saxatilis,Plant
Leipzig,0.8320722339125134,Bellis perennis,Plant
Leipzig,0.6451211482514888,Bergenia purpurascens,Plant
Leipzig,0.37945015687631467,Caltha palustris,Plant
Leipzig,0.5805685735698976,Campanula alliariifolia,Plant
Leipzig,0.5097287215429749,Carduus,Plant
Leipzig,0.3265366671728383,Carlina vulgaris,Plant
Leipzig,0.3750973065889713,Centaurea nigra,Plant
Leipzig,0.40605923822161943,Centaurea sadleriana,Plant
Leipzig,0.27852800420480006,Centaurea scabiosa,Plant
Leipzig,0.8658346983413623,Centranthus ruber,Plant
Leipzig,0.3478687213509041,Cephalaria gigantea,Plant
Leipzig,0.20867612088011975,Cephalaria procera,Plant
Leipzig,0.06609452270026378,Cephalaria uralensis,Plant
Leipzig,0.22402263911507816,Chaenorhinum origanifolium,Plant
Leipzig,0.6425907258101068,Cichorium intybus,Plant
Leipzig,0.25020086512359013,Cirsium vulgare,Plant
Leipzig,0.455751979457503,Clinopodium album,Plant
Leipzig,0.2211915690245749,Convallaria majalis,Plant
Leipzig,0.23918611513293125,Convolvulus tricolor,Plant
Leipzig,0.8394399098066674,Coristospermum lucidum,Plant
Leipzig,0.5705546226292878,Corydalis cava,Plant
Leipzig,0.38083020263679535,Cuphea viscosissima,Plant
Leipzig,0.6308272960426798,Dasiphora davurica,Plant
Leipzig,0.19899722712012932,Dasiphora fruticosa,Plant
Leipzig,0.32814579980894065,Dictamnus albus,Plant
Leipzig,0.09620325783642056,Echinacea angustifolia,Plant
Leipzig,0.363764421012533,Echinops pungens,Plant
Leipzig,0.7424722047705539,Echium vulgare,Plant
Leipzig,0.31162596325486747,Eranthis hyemalis,Plant
Leipzig,0.29741902481445043,Erica carnea,Plant
Leipzig,0.42241147027630155,Eriocapitella hupehensis,Plant
Leipzig,0.24152574415044617,Eriocapitella tomentosa,Plant
Leipzig,0.22889754072550958,Erodium manescavi,Plant
Leipzig,0.38916193375874586,Erysimum pulchellum,Plant
Leipzig,0.47690988428537756,Euphorbia characias,Plant
Leipzig,0.5914575292531761,Euphorbia seguieriana,Plant
Leipzig,0.660092435461105,Ferulago aucheri,Plant
Leipzig,0.8436210026616586,Fragaria vesca,Plant
Leipzig,0.3261243962373861,Geranium macrorrhizum,Plant
Leipzig,0.5961148776628593,Geranium sanguineum,Plant
Leipzig,0.33058765747039737,Helianthemum nummularium,Plant
Leipzig,0.7953680995136708,Helichrysum italicum,Plant
Leipzig,0.2982764813374115,Helleborus foetidus,Plant
Leipzig,0.24553315698838218,Hemerocallis dumortieri,Plant
Leipzig,0.34741367866686007,Hieracium murorum,Plant
Leipzig,0.34688202194917345,Hypericum olympicum,Plant
Leipzig,0.7704206195630562,Iberis sempervirens,Plant
Leipzig,0.20479931915165303,Impatiens balsamina,Plant
Leipzig,0.748509150458403,Inula oculus-christi,Plant
Leipzig,0.24456931945630303,Klasea radiata,Plant
Leipzig,0.38405806894778327,Knautia arvensis,Plant
Leipzig,0.638387238482437,Knautia dipsacifolia,Plant
Leipzig,0.37240719814790024,Knautia macedonica,Plant
Leipzig,0.5376217700906869,Lamium album,Plant
Leipzig,0.11734138596194185,Lamium flexuosum,Plant
Leipzig,0.19779902204407035,Lamium hybridum,Plant
Leipzig,0.8085445888123469,Lamium orvala,Plant
Leipzig,0.3224725076039252,Lathyrus roseus,Plant
Leipzig,0.6589227134019779,Lathyrus vernus,Plant
Leipzig,0.5104310620252285,Lavandula angustifolia,Plant
Leipzig,0.4813860354435117,Leucanthemum vulgare,Plant
Leipzig,0.354948234279307,Limnanthes douglasii,Plant
Leipzig,0.38051249125050535,Lomelosia cretica,Plant
Leipzig,0.2696424317714126,Lomelosia olgae,Plant
Leipzig,0.23946804259115995,Lotus herbaceus,Plant
Leipzig,0.44727455520476084,Lunaria rediviva,Plant
Leipzig,0.3264221099075909,Lythrum salicaria,Plant
Leipzig,0.30248171239497523,Mahonia aquifolium,Plant
Leipzig,0.763206010589365,Medicago falcata,Plant
Leipzig,0.9276774476964874,Menyanthes trifoliata,Plant
Leipzig,0.2367862728494054,Monarda fistulosa,Plant
Leipzig,0.4337235376817151,Muscari botryoides,Plant
Leipzig,0.8155646291797348,Nicotiana tabacum,Plant
Leipzig,0.1857590992735474,Origanum vulgare,Plant
Leipzig,0.6866874266497018,Paeonia daurica,Plant
Leipzig,0.34110368093467813,Paeonia officinalis,Plant
Leipzig,0.7496633609428962,Papaver orientale,Plant
Leipzig,0.272596473730049,Penstemon bradburyi,Plant
Leipzig,0.2874998013975058,Phedimus aizoon,Plant
Leipzig,0.1902741040200918,Phlomis russeliana,Plant
Leipzig,0.31176564011501545,Platycodon grandiflorus,Plant
Leipzig,0.7985757810215242,Polygonatum biflorum,Plant
Leipzig,0.8178426609701708,Potentilla,Plant
Leipzig,0.344993279582517,Potentilla kurdica,Plant
Leipzig,0.36221311783135385,Potentilla recta,Plant
Leipzig,0.6301054979827813,Primula denticulata,Plant
Leipzig,0.5942932183849575,Primula veris,Plant
Leipzig,0.2895160347769438,Psephellus dealbatus,Plant
Leipzig,0.27421066069066075,Pulsatilla vulgaris,Plant
Leipzig,0.6834105218649346,Pycnanthemum tenuifolium,Plant
Leipzig,0.76830734160684,Ranunculus ficaria,Plant
Leipzig,0.28554731760591023,Rhaponticoides ruthenica,Plant
Leipzig,0.3042818347661927,Rhododendron brachycarpum,Plant
Leipzig,0.7323747549387455,Rhododendron degronianum,Plant
Leipzig,0.7225035778203569,Rhododendron thomsonii,Plant
Leipzig,0.3694088213440109,Rhododendron wadanum,Plant
Leipzig,0.14071237473234824,Ribes sanguineum,Plant
Leipzig,0.37327649298761467,Salvia officinalis,Plant
Leipzig,0.28090252687557465,Salvia pratensis,Plant
Leipzig,0.2700363219575386,Salvia ringens,Plant
Leipzig,0.28622949047641316,Salvia sclarea,Plant
Leipzig,0.30242548586222257,Salvia verticillata,Plant
Leipzig,0.3323323423386386,Saponaria sicula,Plant
Leipzig,0.2728889525190153,Scabiosa ochroleuca,Plant
Leipzig,0.20792733627306062,Scabiosa triandra,Plant
Leipzig,0.18864856272299355,Scilla luciliae,Plant
Leipzig,0.6145492929722695,Scopolia carniolica,Plant
Leipzig,0.6450362429189708,Seseli montanum,Plant
Leipzig,0.5199947200327273,Silene coronaria,Plant
Leipzig,0.7419573888322599,Silene latifolia,Plant
Leipzig,0.19033828807761582,Silene nutans,Plant
Leipzig,0.36650382693630845,Silene schafta,Plant
Leipzig,0.22374277375663937,Silene vulgaris,Plant
Leipzig,0.23510949368314665,Silphium integrifolium,Plant
Leipzig,0.39827900510470904,Solanum incanum,Plant
Leipzig,0.44879270886888145,Stachys byzantina,Plant
Leipzig,0.21295277977719604,Succisa pratensis,Plant
Leipzig,0.31261769545193313,Symphytum bulbosum,Plant
Leipzig,0.2213335667581722,Symphytum officinale,Plant
Leipzig,0.1855359890447553,Syringa persica,Plant
Leipzig,0.8400652785062449,Tanacetum coccineum,Plant
Leipzig,0.9333046053827886,Tanacetum vulgare,Plant
Leipzig,0.24289124709521015,Taraxacum officinale,Plant
Leipzig,0.5450678080801521,Taraxacum sonchoides,Plant
Leipzig,0.2808185710666979,Tetradium daniellii,Plant
Leipzig,0.10457931832641286,Teucrium marum,Plant
Leipzig,0.23985704903247765,Thunbergia alata,Plant
Leipzig,0.6960007715116353,Thymus praecox,Plant
Leipzig,0.42348402043092565,Thymus pulegioides,Plant
Leipzig,0.4254214778242462,Trifolium,Plant
Leipzig,0.5436058750316096,Trommsdorffia maculata,Plant
Leipzig,0.25971138658524223,Tropaeolum majus,Plant
Leipzig,0.4659689371659549,Tussilago farfara,Plant
Leipzig,0.8200129399262712,Verbascum nigrum,Plant
Leipzig,0.1078794617661413,Verbena hastata,Plant
Leipzig,0.23215327589887405,Vernonia fasciculata,Plant
Leipzig,0.580638429420002,Veronica austriaca,Plant
Leipzig,0.7092670376120334,Veronica chamaedrys,Plant
Leipzig,0.8266608570507142,Veronica longifolia,Plant
Leipzig,0.2256667826314986,Veronica orchidea,Plant
Leipzig,0.17178673760860722,Vicia oroboides,Plant
Leipzig,0.4651559389007793,Vicia tenuifolia,Plant
Leipzig,0.44603919209157833,Vinca minor,Plant
Leipzig,0.28178691302153686,Vincetoxicum hirundinaria,Plant
Leipzig,0.4858693520660707,Viola striata,Plant
Leipzig,0.2994779923992618,Viscaria vulgaris,Plant
Leipzig,0.7763504043045943,Vitex negundo,Plant
Leipzig,0.28483624201301266,Weigela florida,Plant
Leipzig,0.6151045770019755,Xanthoceras sorbifolium,Plant
Leipzig,0.5573476409477635,Coccinella septempunctata,Pollinator
Leipzig,0.7414129825164514,Colletes daviesanus,Pollinator
Leipzig,0.7525962568908036,Halictus,Pollinator
Leipzig,0.5979583716274071,Halictus subauratus,Pollinator
Leipzig,0.6221406648667748,Hedychrum gerstaeckeri,Pollinator
Leipzig,0.25709996417475434,Hylaeus,Pollinator
Leipzig,0.6740592048806423,Hylaeus nigritus,Pollinator
Leipzig,0.4862493182035099,Lasioglossum,Pollinator
Leipzig,0.6239618219015084,Lucilia sericata,Pollinator
Leipzig,0.4300723807376313,Metopia,Pollinator
Leipzig,0.6681089763202686,Miltogramma punctata,Pollinator
Leipzig,0.6465485215556487,Andrena flavipes,Pollinator
Leipzig,0.7637290900494167,Osmia brevicornis,Pollinator
Leipzig,0.717659939992582,Anthophora plumipes,Pollinator
Leipzig,0.7676743060061891,Andrena chrysopus,Pollinator
Leipzig,0.4463007495091431,Apis mellifera,Pollinator
Leipzig,0.5613409860562434,Cerceris rybyensis,Pollinator
Leipzig,0.5813539255902695,Pseudovadonia livida,Pollinator
Leipzig,0.8570239055834289,Bombylius major,Pollinator
Leipzig,0.4933811512788403,Botanophila striolata,Pollinator
Leipzig,0.6925500953978863,Hymenoptera,Pollinator
Leipzig,0.5309254241639461,Sphaerophoria scripta,Pollinator
Leipzig,0.6052173632113875,Episyrphus balteatus,Pollinator
Leipzig,0.8505900118651551,Bombus,Pollinator
Leipzig,0.23284943259713375,Bombus pascuorum,Pollinator
Leipzig,0.799392956873196,Bombylius venosus,Pollinator
Leipzig,0.8294232226003709,Eucera nigrescens,Pollinator
Leipzig,0.7243318564042255,Osmia cornuta,Pollinator
Leipzig,0.8234703267453538,Lasioglossum minutissimum,Pollinator
Leipzig,0.3819964381484306,Cerceris quinquefasciata,Pollinator
Leipzig,0.7737694412141451,Eupeodes corollae,Pollinator
Leipzig,0.5167159260335437,Nomada flavoguttata,Pollinator
Leipzig,0.5975110236081868,Bombus hypnorum,Pollinator
Leipzig,0.30503628948833994,Bombus lapidarius,Pollinator
Leipzig,0.16427879003680548,Bombus terrestris,Pollinator
Leipzig,0.5994607744974463,Ceratina cyanea,Pollinator
Leipzig,0.7117575699634976,Diptera,Pollinator
Leipzig,0.8710971892799843,Xylocopa violacea,Pollinator
Leipzig,0.9202177765365267,Cylindromyia brevicornis,Pollinator
Leipzig,0.5180018272569394,Eristalis tenax,Pollinator
Leipzig,0.7819281279820004,Andrena gravida,Pollinator
Leipzig,0.7055100310177478,Andrena bicolor,Pollinator
Leipzig,0.6683463862493141,Lasioglossum villosulum,Pollinator
Leipzig,0.6845380144470519,Nomada fabriciana,Pollinator
Leipzig,0.5361575699701303,Andrena pilipes,Pollinator
Leipzig,0.4985897730703789,Halictus scabiosae,Pollinator
Leipzig,0.6443117371927914,Megachile lagopoda,Pollinator
Leipzig,0.7247467859614741,Melitta haemorrhoidalis,Pollinator
Leipzig,0.6614629256702982,Bombus pratorum,Pollinator
Leipzig,0.5469179145535837,Anthidium manicatum,Pollinator
Leipzig,0.6929865150046991,Megachilidae,Pollinator
Leipzig,0.22212713387089206,Bombus hortorum,Pollinator
Leipzig,0.39108356764496627,Bombus vestalis,Pollinator
Leipzig,0.40551993111921975,Dryas iulia,Pollinator
Leipzig,0.6484897791028967,Myathropa florea,Pollinator
Leipzig,0.6037166000336822,Oxythyrea funesta,Pollinator
Leipzig,0.16306028527614447,Polyommatus icarus,Pollinator
Leipzig,0.860405648602433,Lasioglossum laticeps,Pollinator
Leipzig,0.7869796735292608,Lasioglossum morio,Pollinator
Leipzig,0.5245268455940009,Syrphidae,Pollinator
Leipzig,0.6374910044416776,Aglais io,Pollinator
Leipzig,0.12606418189273,Pieris napi,Pollinator
Leipzig,0.5414227558695602,Volucella zonaria,Pollinator
Leipzig,0.6674280171731656,Megachile rotundata,Pollinator
Leipzig,0.7627402894946934,Cheilosia,Pollinator
Leipzig,0.7373134111220173,Chrysogaster virescens,Pollinator
Leipzig,0.6107265299762575,Villa modesta,Pollinator
Leipzig,0.7666282259465922,Andrena minutula,Pollinator
Leipzig,0.8090040274827598,Formicidae,Pollinator
Leipzig,0.7533416274544276,Tephritidae,Pollinator
Leipzig,0.6116903994673065,Anthophora quadrimaculata,Pollinator
Leipzig,0.8344773006772649,Hoplitis adunca,Pollinator
Leipzig,0.4122984349990927,Microphthalma europaea,Pollinator
Leipzig,0.7443918408200554,Calliphora vicina,Pollinator
Leipzig,0.4450239208567667,Angioneura,Pollinator
Leipzig,0.51251460189911,Chelostoma,Pollinator
Leipzig,0.4450239208567667,Dinetus pictus,Pollinator
Leipzig,0.4450239208567667,Eurychaeta palpalis,Pollinator
Leipzig,0.4450239208567667,Gasteruption,Pollinator
Leipzig,0.4450239208567667,Graphosoma italicum,Pollinator
Leipzig,0.4450239208567667,Gymnosoma nudifrons,Pollinator
Leipzig,0.4450239208567667,Hemiptera,Pollinator
Leipzig,0.5938399295742652,Holopyga ignicollis,Pollinator
Leipzig,0.516033916657538,Hylaeus gredleri,Pollinator
Leipzig,0.4450239208567667,Hylaeus styriacus,Pollinator
Leipzig,0.4894024799568923,Lygaeus equestris,Pollinator
Leipzig,0.4779055493267196,Mordellidae,Pollinator
Leipzig,0.2898391741878215,Nomada,Pollinator
Leipzig,0.4450239208567667,Nysson maculosus,Pollinator
Leipzig,0.5357255235847367,Oedemera,Pollinator
Leipzig,0.7045892099988651,Oedemera lurida,Pollinator
Leipzig,0.4450239208567667,Physocephala rufipes,Pollinator
Leipzig,0.4779055493267196,Sphecodes pellucidus,Pollinator
Leipzig,0.4450239208567667,Sphecodes puncticeps,Pollinator
Leipzig,0.4450239208567667,Sphex funerarius,Pollinator
Leipzig,0.4450239208567667,Tachina nupta,Pollinator
Leipzig,0.43507370312858695,Trichius gallicus,Pollinator
Leipzig,0.9165616816148784,Andrena minutuloides,Pollinator
Leipzig,0.9592732953782079,Hylaeus punctatus,Pollinator
Leipzig,0.6040429474001615,Sarcophaga,Pollinator
Leipzig,0.6040429474001615,Tiphia femorata,Pollinator
Leipzig,0.7568880438250857,Andrena,Pollinator
Leipzig,0.6412709339379334,Merodon equestris,Pollinator
Leipzig,0.6728071489295231,Andrena curvungula,Pollinator
Leipzig,0.6286062157437984,Chelostoma rapunculi,Pollinator
Leipzig,0.8074269555815744,Coelioxys elongatus,Pollinator
Leipzig,0.5984223213051525,Megachile willughbiella,Pollinator
Leipzig,0.6679776032409869,Bombylius discolor,Pollinator
Leipzig,0.9051663049017229,Lasioglossum politum,Pollinator
Leipzig,0.820688874058796,Andrena fulvago,Pollinator
Leipzig,0.488417268153602,Lasioglossum leucozonium,Pollinator
Leipzig,0.68434527928696,Botanophila depressa,Pollinator
Leipzig,0.65476697555377394,Dalmannia marginata,Pollinator
Leipzig,0.7434869436947447,Halictus tumulorum,Pollinator
Leipzig,0.7370367875282896,Osmia bicornis,Pollinator
Leipzig,0.8090040274827598,Heriades truncorum,Pollinator
Leipzig,0.7041463522770159,Andrena hattorfiana,Pollinator
Leipzig,0.7078349996892691,Sicus ferrugineus,Pollinator
Leipzig,0.7823781231136382,Anthophora aestivalis,Pollinator
Leipzig,0.6681089763202686,Anthocharis cardamines,Pollinator
Leipzig,0.7279445062227413,Lasioglossum pallens,Pollinator
Leipzig,0.5206312480582684,Myopa testacea,Pollinator
Leipzig,0.15490079567196663,Pieris rapae,Pollinator
Leipzig,0.7714393449210409,Arthropoda,Pollinator
Leipzig,0.9261126718612143,Valgus hemipterus,Pollinator
Leipzig,0.6007228414498041,Sphecodes albilabris,Pollinator
Leipzig,0.5237302736130292,Osmia caerulescens,Pollinator
Leipzig,0.9113355470199068,Cetonia aurata,Pollinator
Leipzig,0.6485552230743232,Lasioglossum pauxillum,Pollinator
Leipzig,0.4922271246772086,Andrena labiata,Pollinator
Leipzig,0.7305201638449372,Osmia aurulenta,Pollinator
Leipzig,0.6526970681491275,Hylaeus communis,Pollinator
Leipzig,0.7243975034762086,Hylaeus confusus,Pollinator
Leipzig,0.5189788628098694,Lapposyrphus lapponicus,Pollinator
Leipzig,0.4623836227951915,Megachile maritima,Pollinator
Leipzig,0.5625774521999914,Lasioglossum calceatum,Pollinator
Leipzig,0.9113833711564165,Bombus bohemicus,Pollinator
Leipzig,0.6486740668646365,Stelis punctulatissima,Pollinator
Leipzig,0.3920478108568995,Hylaeus hyalinatus,Pollinator
Leipzig,0.3589750086943708,Bellardia vulgaris,Pollinator
Leipzig,0.3589750086943708,Bombus campestris,Pollinator
Leipzig,0.6856002368213754,Megachile ericetorum,Pollinator
Leipzig,0.6470867962968138,Anthidium,Pollinator
Leipzig,0.6470867962968138,Hylaeus brevicornis,Pollinator
Leipzig,0.7453963776758977,Cydalima perspectalis,Pollinator
Leipzig,0.5597829810188742,Philanthus triangulum,Pollinator
Leipzig,0.5852151549775682,Cerceris,Pollinator
Leipzig,0.582697021674448,Gymnomerus laevipes,Pollinator
Leipzig,0.6657264807706859,Platystoma seminationis,Pollinator
Leipzig,0.6979882917934427,Anthidium oblongatum,Pollinator
Leipzig,0.4802169922193367,Lasioglossum pygmaeum,Pollinator
Leipzig,0.5389950167728108,Megachile circumcincta,Pollinator
Halle,0.8106203619899535,Achillea filipendulina,Plant
Halle,0.6637467449837224,Achillea millefolium,Plant
Halle,0.7825879374491032,Aconitum lycoctonum,Plant
Halle,0.4911917264047779,Aegonychon purpurocaeruleum,Plant
Halle,0.38543679507336326,Allium cernuum,Plant
Halle,0.599419704380266,Allium tuberosum,Plant
Halle,0.3732475175013587,Allium turkestanicum,Plant
Halle,0.640731174944001,Allium ursinum,Plant
Halle,0.5789497311190865,Alyssum saxatile,Plant
Halle,0.913123988246632,Anthriscus sylvestris,Plant
Halle,0.40740786284529723,Arabis alpina,Plant
Halle,0.45270261942081125,Asclepias syriaca,Plant
Halle,0.2821048154927056,Asparagus oligoclonos,Plant
Halle,0.9799468668657457,Astragalus alopecurus,Plant
Halle,0.7969719591980836,Aubrieta deltoidea,Plant
Halle,0.6485491771185796,Aubrieta olympica,Plant
Halle,0.46065672438437133,Aubrieta parviflora,Plant
Halle,0.7231018143371016,Aubrieta pinardii,Plant
Halle,0.63348715957932,Ballota nigra,Plant
Halle,0.41714658167568436,Baptisia australis,Plant
Halle,0.38936174044469396,Barbarea vulgaris,Plant
Halle,0.2881763934673031,Bellis perennis,Plant
Halle,0.5703640881681842,Betonica officinalis,Plant
Halle,0.7608043598470462,Bupleurum aureum,Plant
Halle,0.4175041922212383,Campanula poscharskyana,Plant
Halle,0.41321883340681204,Centaurea cyanus,Plant
Halle,0.48578026402717656,Centranthus ruber,Plant
Halle,0.5657447219189883,Cephalaria uralensis,Plant
Halle,0.4382828300482596,Cerinthe minor,Plant
Halle,0.3839269913753103,Chelidonium majus,Plant
Halle,0.7841888958890317,Chrysojasminum fruticans,Plant
Halle,0.4126494966331872,Cistus salviifolius,Plant
Halle,0.37726854506576096,Clematis integrifolia,Plant
Halle,0.3410787616927672,Clematis recta,Plant
Halle,0.6097038876985704,Clinopodium nepeta,Plant
Halle,0.419089446038719,Corydalis cava,Plant
Halle,0.5512419341608304,Cosmos sulphureus,Plant
Halle,0.3089251311637228,Cotoneaster adpressus,Plant
Halle,0.2365800941933678,Crambe maritima,Plant
Halle,0.388304442998976,Cylindropuntia imbricata,Plant
Halle,0.9922315806139506,Daucus carota,Plant
Halle,0.42189011687240724,Delosperma cooperi,Plant
Halle,0.42423525673126294,Delphinium elatum,Plant
Halle,0.6496530354108537,Dianthus carthusianorum,Plant
Halle,0.3911065659287379,Dictamnus albus,Plant
Halle,0.6287791626717247,Digitalis purpurea,Plant
Halle,0.6729369782421337,Drymocallis rupestris,Plant
Halle,0.6073947157042915,Erodium cicutarium,Plant
Halle,0.7257120474896628,Eryngium caeruleum,Plant
Halle,0.6840305876004876,Eryngium maritimum,Plant
Halle,0.6856794007345715,Eryngium planum,Plant
Halle,0.8975085925975976,Erysimum pulchellum,Plant
Halle,0.40071164524172187,Eschscholzia californica,Plant
Halle,0.6965593374709242,Ferula assa-foetida,Plant
Halle,0.6829913509984368,Foeniculum vulgare,Plant
Halle,0.6879821902594808,Fragaria vesca,Plant
Halle,0.2258998391724287,Fuchsia magellanica,Plant
Halle,0.47879026083491627,Galega officinalis,Plant
Halle,0.4144787746400153,Genista hispanica,Plant
Halle,0.4725544820523059,Genista radiata,Plant
Halle,0.4831915314053408,Geum rivale,Plant
Halle,0.43888821121453797,Geum ternatum,Plant
Halle,0.34333700142875373,Globularia trichosantha,Plant
Halle,0.5546698590249256,Gratiola officinalis,Plant
Halle,0.5666285815760062,Gypsophila paniculata,Plant
Halle,0.6336479437798597,Helianthemum apenninum,Plant
Halle,0.4798552149664623,Helianthemum nummularium,Plant
Halle,0.6668500592663574,Hemerocallis fulva,Plant
Halle,0.38274102304397334,Heuchera grossulariifolia,Plant
Halle,0.336667987752134,Hippocrepis emerus,Plant
Halle,0.6881464589285533,Hippomarathrum vulgare,Plant
Halle,0.4465547949532583,Hypericum olympicum,Plant
Halle,0.4283818361581894,Hypericum perforatum,Plant
Halle,0.6459308026387737,Hypochaeris radicata,Plant
Halle,0.5810886185495108,Iberis sempervirens,Plant
Halle,0.4393285709109545,Impatiens glandulifera,Plant
Halle,0.5778034169776608,Inula helenium,Plant
Halle,0.23188577627958978,Ipheion uniflorum,Plant
Halle,0.5434907082239069,Knautia dipsacifolia,Plant
Halle,0.4698915613158556,Lamium album,Plant
Halle,0.40758076870319304,Lamium orvala,Plant
Halle,0.3562143609233979,Lamium purpureum,Plant
Halle,0.6832102274084183,Lathyrus vernus,Plant
Halle,0.8368794832710843,Lavandula angustifolia,Plant
Halle,0.5622671118719285,Leucanthemum vulgare,Plant
Halle,0.1988457711833118,Liatris pycnostachya,Plant
Halle,0.4149629015024912,Limnanthes douglasii,Plant
Halle,0.7990384738651739,Limonium gmelini,Plant
Halle,0.3412569740397888,Limonium sinuatum,Plant
Halle,0.5873555119911158,Lotus corniculatus,Plant
Halle,0.7032821244166736,Lythrum salicaria,Plant
Halle,0.30500388982638765,Magnolia stellata,Plant
Halle,0.6776413959719491,Malcolmia maritima,Plant
Halle,0.41401532767786126,Malva thuringiaca,Plant
Halle,0.3416980975359222,Marrubium peregrinum,Plant
Halle,0.7938069590843772,Melilotus albus,Plant
Halle,0.252746658661203,Monarda citriodora,Plant
Halle,0.42072538092425193,Moricandia arvensis,Plant
Halle,0.5777165875490251,Muscari armeniacum,Plant
Halle,0.5829231238742698,Muscari botryoides,Plant
Halle,0.7257924396092723,Muscari comosum,Plant
Halle,0.23188577627958978,Narcissus pseudonarcissus,Plant
Halle,0.5438466400010675,Nepeta clarkei,Plant
Halle,0.37576533971454495,Oenothera odorata,Plant
Halle,0.6545555024345124,Origanum vulgare,Plant
Halle,0.3458720929315137,Ornithogalum nutans,Plant
Halle,0.3308123818845612,Oxalis acetosella,Plant
Halle,0.20500901231601007,Paeonia daurica,Plant
Halle,0.16228139675290387,Paeonia officinalis,Plant
Halle,0.5722573259549552,Penstemon hartwegii,Plant
Halle,0.3731660517637126,Pentaglottis sempervirens,Plant
Halle,0.5338756066588244,Phacelia congesta,Plant
Halle,0.7609643856497758,Phedimus kamtschaticus,Plant
Halle,0.6924356859843618,Phlomoides tuberosa,Plant
Halle,0.3231874021523261,Pieris japonica,Plant
Halle,0.5401288013182709,Platycodon grandiflorus,Plant
Halle,0.8778257523768871,Polygonum bistorta,Plant
Halle,0.418164517065597,Potentilla delphinensis,Plant
Halle,0.4877730714056759,Potentilla montana,Plant
Halle,0.5535672880956989,Potentilla sterilis,Plant
Halle,0.4722355294536923,Primula denticulata,Plant
Halle,0.7009905200306675,Primula veris,Plant
Halle,0.4446634443132928,Primula vulgaris,Plant
Halle,0.4348501338029468,Prunella grandiflora,Plant
Halle,0.2731704862972549,Prunus tenella,Plant
Halle,0.4844776485297886,Pulmonaria mollis,Plant
Halle,0.5173012846600079,Puschkinia scilloides,Plant
Halle,0.8216551574624975,Ranunculus bulbosus,Plant
Halle,0.6226625013803638,Ranunculus caucasicus,Plant
Halle,0.23188577627958978,Ranunculus ficaria,Plant
Halle,0.5829231238742698,Ranunculus lanuginosus,Plant
Halle,0.5030356185936284,Reseda alba,Plant
Halle,1,Reseda lutea,Plant
Halle,0.6215614616589558,Reseda odorata,Plant
Halle,0.47867077526862023,Rhododendron smirnowii,Plant
Halle,0.4408756997564226,Rosa foetida,Plant
Halle,0.4781722836833802,Rudbeckia laciniata,Plant
Halle,0.532726812943062,Salvia officinalis,Plant
Halle,0.507841599429335,Salvia sclarea,Plant
Halle,0.644487049439515,Saponaria officinalis,Plant
Halle,0.5069693510873802,Satureja montana,Plant
Halle,0.17581169426449045,Scopolia carniolica,Plant
Halle,0.23851050007505548,Scutellaria baicalensis,Plant
Halle,0.6402933723996992,Seseli gummiferum,Plant
Halle,0.3212656151246691,Silene chungtienensis,Plant
Halle,0.6825607543800039,Sisymbrium officinale,Plant
Halle,0.29511260066416123,Solanum dulcamara,Plant
Halle,0.6488807934738126,Stachys byzantina,Plant
Halle,0.5678985499708803,Succisella inflexa,Plant
Halle,0.3952739325445593,Symphytum officinale,Plant
Halle,0.7501992474063861,Syringa tomentella,Plant
Halle,0.33052035384520273,Tagetes,Plant
Halle,0.41962827914204176,Tagetes erecta,Plant
Halle,0.9168260406104505,Tanacetum vulgare,Plant
Halle,0.36304039693736256,Taraxacum officinale,Plant
Halle,0.30354308283553194,Teucrium scorodonia,Plant
Halle,0.25269197660879344,Thalictrum flavum,Plant
Halle,0.3937189175271051,Thymus vulgaris,Plant
Halle,0.40035070573233716,Trifolium rubens,Plant
Halle,0.4187195404618682,Tulipa sylvestris,Plant
Halle,0.4848019206704795,Valeriana phu,Plant
Halle,0.5543167266956349,Verbena rigida,Plant
Halle,0.42679013219861706,Vincetoxicum hirundinaria,Plant
Halle,0.7624745445651496,Viola odorata,Plant
Halle,0.7544021784407549,Viscaria vulgaris,Plant
Halle,0.469988443760966,Wisteria sinensis,Plant
Halle,0.47440115753732087,Zinnia elegans,Plant
Halle,0.9061652175061213,Andrena minutuloides,Pollinator
Halle,0.7583687798287776,Colletes daviesanus,Pollinator
Halle,0.514676006449316,Halictus subauratus,Pollinator
Halle,0.5345888947492583,Lucilia sericata,Pollinator
Halle,0.48311885061933824,Oedemera,Pollinator
Halle,0.23808107395261863,Anthrenus,Pollinator
Halle,0.5564601407476246,Apis mellifera,Pollinator
Halle,0.4306097977905203,Cerceris rybyensis,Pollinator
Halle,0.2594123098025562,Coccinella septempunctata,Pollinator
Halle,0.12329262298326142,Coleoptera,Pollinator
Halle,0.40759695706679094,Dinetus pictus,Pollinator
Halle,0.5573344638253335,Diptera,Pollinator
Halle,0.4122961072391593,Entomophaga nigrohalterata,Pollinator
Halle,0.27928317078324427,Episyrphus balteatus,Pollinator
Halle,0.20350448499934404,Eristalis pertinax,Pollinator
Halle,0.259969517608168,Eristalis tenax,Pollinator
Halle,0.38532018286164693,Eupeodes corollae,Pollinator
Halle,0.584511272162286,Halictus scabiosae,Pollinator
Halle,0.24801541886767647,Hedychrum gerstaeckeri,Pollinator
Halle,0.3919833600399173,Hedychrum nobile,Pollinator
Halle,0.48432680598550604,Hylaeus nigritus,Pollinator
Halle,0.5712858926219768,Lasioglossum pauxillum,Pollinator
Halle,0.5977665678772688,Lasioglossum politum,Pollinator
Halle,0.5764223199290558,Litophasia hyalipennis,Pollinator
Halle,0.23063242668760497,Megachile ericetorum,Pollinator
Halle,0.5496876947415205,Miltogramma punctata,Pollinator
Halle,0.5234608891521538,Nomada flavoguttata,Pollinator
Halle,0.11065156638476224,Polygonia c-album,Pollinator
Halle,0.34932968878194903,Prosena siberita,Pollinator
Halle,0.4886444303470328,Pseudovadonia livida,Pollinator
Halle,0.42938910173482386,Sapygina decemguttata,Pollinator
Halle,0.4907415685514656,Sarcophagidae,Pollinator
Halle,0.2829833187287955,Sphaerophoria scripta,Pollinator
Halle,0.42938910173482386,Sphecodes puncticeps,Pollinator
Halle,0.27618016797055667,Stenurella melanura,Pollinator
Halle,0.24801541886767647,Symmorphus,Pollinator
Halle,0.3914411925461029,Syritta pipiens,Pollinator
Halle,0.32147981094257205,Syrphus vitripennis,Pollinator
Halle,0.19137025466909535,Trichius gallicus,Pollinator
Halle,0.8095887158852166,Bombus hortorum,Pollinator
Halle,0.5888886404972574,Lasioglossum,Pollinator
Halle,0.3879417038259747,Vespidae,Pollinator
Halle,0.9246394602351936,Anthophora plumipes,Pollinator
Halle,0.8688830272778333,Bombylius major,Pollinator
Halle,0.7369085163196516,Osmia bicornis,Pollinator
Halle,0.33624718692387706,Bombus lapidarius,Pollinator
Halle,0.5618210182803709,Megachile willughbiella,Pollinator
Halle,0.42074174968009564,Ancistrocerus gazella,Pollinator
Halle,0.5208307332647123,Bellardia vulgaris,Pollinator
Halle,0.5443223596997783,Halictus,Pollinator
Halle,0.4671837409093993,Hylaeus,Pollinator
Halle,0.7081189974623373,Hylaeus communis,Pollinator
Halle,0.45870493739400586,Lasioglossum laticeps,Pollinator
Halle,0.3731501043037314,Myathropa florea,Pollinator
Halle,0.4612307829777211,Nowickia ferox,Pollinator
Halle,0.46390276024948435,Scolia hirta,Pollinator
Halle,0.4994284493068205,Sphecodes albilabris,Pollinator
Halle,0.48229802905616587,Bombus lucorum,Pollinator
Halle,0.4391743637208143,Bombus terrestris,Pollinator
Halle,0.6732215818322032,Bombus vestalis,Pollinator
Halle,0.829034990962373,Anthrenus scrophulariae,Pollinator
Halle,0.4393290022873487,Hymenoptera,Pollinator
Halle,0.760619031855514,Cetonia aurata,Pollinator
Halle,0.8955414455783196,Valgus hemipterus,Pollinator
Halle,0.7025814618257566,Hemipenthes morio,Pollinator
Halle,0.6968600112553387,Megachile,Pollinator
Halle,0.9309060814813997,Anthophora aestivalis,Pollinator
Halle,0.8292365661845241,Anthocharis cardamines,Pollinator
Halle,0.5853450228718461,Bombylius venosus,Pollinator
Halle,0.7836416471317722,Anthidium manicatum,Pollinator
Halle,0.41304062225985017,Anthophora quadrimaculata,Pollinator
Halle,0.2917457631844545,Bombus pascuorum,Pollinator
Halle,0.5656286911005806,Eucera nigrescens,Pollinator
Halle,0.7934852808269248,Osmia brevicornis,Pollinator
Halle,0.5106420806728845,Andrena flavipes,Pollinator
Halle,0.7710385975908645,Anthrenus verbasci,Pollinator
Halle,0.8098510006921714,Curculionidae,Pollinator
Halle,0.6354017722535746,Syrphidae,Pollinator
Halle,0.5263725052945109,Bombus pratorum,Pollinator
Halle,0.4624857011512708,Oedemera lurida,Pollinator
Halle,0.5016170087553028,Andrena pilipes,Pollinator
Halle,0.7384394923654402,Megachile maritima,Pollinator
Halle,0.7630709219635001,Xylocopa violacea,Pollinator
Halle,0.40829495530233195,Bombus,Pollinator
Halle,0.47241987429144267,Hoplitis adunca,Pollinator
Halle,0.553202494296068,Lasioglossum morio,Pollinator
Halle,0.6146804370317125,Megachilidae,Pollinator
Halle,0.343514918545505,Pieris napi,Pollinator
Halle,0.6298661642314102,Pieris rapae,Pollinator
Halle,0.67223348089918,Sarcophaga subvicina,Pollinator
Halle,0.5136366279302154,Tachina fera,Pollinator
Halle,0.3153956823515598,Vespula germanica,Pollinator
Halle,0.7460771420269279,Oxythyrea funesta,Pollinator
Halle,0.4595294361592516,Bombus hypnorum,Pollinator
Halle,0.5457072901195147,Polistes dominula,Pollinator
Halle,0.6879996664741759,Halictus tumulorum,Pollinator
Halle,0.7786036232607437,Osmia aurulenta,Pollinator
Halle,0.8263176220800216,Melecta albifrons,Pollinator
Halle,0.5586042102020246,Osmia,Pollinator
Halle,0.6722527064293475,Lasioglossum nitidulum,Pollinator
Halle,0.6638241177698654,Bellardia viarum,Pollinator
Halle,0.6761923043701903,Heriades truncorum,Pollinator
Halle,0.7397485451962437,Anthidium oblongatum,Pollinator
Halle,0.5670667443169399,Cerceris,Pollinator
Halle,0.37944953074706994,Cylindromyia brevicornis,Pollinator
Halle,0.6299199901204396,Megachile lagopoda,Pollinator
Halle,0.6155130702408064,Bombus subterraneus,Pollinator
Halle,0.16031011735741482,Scaeva pyrastri,Pollinator
Halle,0.7464680009228952,Ancistrocerus claripennis,Pollinator
Halle,0.9385757177769823,Mordellidae,Pollinator
Halle,0.8821075540236263,Pollenia pediculata,Pollinator
Halle,0.6878701988509289,Chelostoma rapunculi,Pollinator
Halle,0.7682008314523918,Gonepteryx rhamni,Pollinator
Halle,0.830270512876875,Macroglossum stellatarum,Pollinator
Halle,0.5896253110665547,Maniola jurtina,Pollinator
Halle,0.6202691702701822,Polyommatus icarus,Pollinator
Halle,0.7446980810851802,Trichopsomyia flavitarsis,Pollinator
Halle,0.8389307935412298,Hylaeus punctatus,Pollinator
Halle,0.4009845306020308,Sphecodes ferruginatus,Pollinator
Halle,0.517874879186091,Vespa crabro,Pollinator
Halle,0.8828159765205861,Miltogramma germari,Pollinator
Halle,0.8724028309791836,Hylaeus gredleri,Pollinator
Halle,0.7111209676495792,Oedemera podagrariae,Pollinator
Halle,0.7807308465140854,Sphecodes pellucidus,Pollinator
Halle,0.7307536113955033,Amara,Pollinator
Halle,0.8646894798066322,Nomada bifasciata,Pollinator
Halle,0.8445649635437392,Osmia bicolor,Pollinator
Halle,0.5294210397229241,Cheilosia,Pollinator
Halle,0.39156949277796366,Gymnosoma clavatum,Pollinator
Halle,0.4733441988298786,Harmonia axyridis,Pollinator
Halle,0.637306333899513,Sarcophaga incisilobata,Pollinator
Halle,0.5097096829361525,Graphomya maculata,Pollinator
Halle,0.28704336068540537,Hedychrum,Pollinator
Halle,0.5026353739885467,Tiphia femorata,Pollinator
Halle,0.6385877556918088,Halictidae,Pollinator
Halle,0.5254841215957093,Lasioglossum calceatum,Pollinator
Halle,0.7605733532754322,Colletes,Pollinator
Halle,0.8196517639503985,Osmia cornuta,Pollinator
Halle,0.5848649686040316,Coelioxys rufescens,Pollinator
Halle,0.32800175143234467,Formica,Pollinator
Halle,0.6229531145527226,Philanthus triangulum,Pollinator
Halle,0.41477405037043885,Sphecodes monilicornis,Pollinator
Halle,0.45364813015926186,Sphex funerarius,Pollinator
Halle,0.38691698178699446,Oedemera femorata,Pollinator
Halle,0.8564848629800003,Formicidae,Pollinator
Halle,0.416210742678804,Ancistrocerus nigricornis,Pollinator
Halle,0.3559569802052209,Anthaxia nitidula,Pollinator
Halle,0.7516581476274581,Lasioglossum villosulum,Pollinator
Halle,0.5823490570258792,Megachile pilidens,Pollinator
Halle,0.7813393784964187,Aglais io,Pollinator
Halle,0.6094784589466988,Aglais urticae,Pollinator
Halle,0.7543402969532171,Andrena,Pollinator
Halle,0.6308114166429369,Andrena bicolor,Pollinator
Halle,0.7186952904893863,Andrena minutula,Pollinator
Halle,0.642260235508262,Andrena strohmella,Pollinator
Halle,0.6732757828585196,Eristalinus aeneus,Pollinator
Halle,0.5359142332510975,Eurychaeta palpalis,Pollinator
Halle,0.5863814386573646,Nomada lathburiana,Pollinator
Halle,0.5359142332510975,Pieris,Pollinator
Halle,0.5818784630043511,Pollenia amentaria,Pollinator
Halle,0.5359142332510975,Tropinota hirta,Pollinator
Halle,0.6100941715213744,Anthophora furcata,Pollinator
Halle,0.34476977901374994,Bombus rupestris,Pollinator
Halle,0.8301335134179666,Andrena hattorfiana,Pollinator
Halle,0.567913602364534,Osmia caerulescens,Pollinator
Halle,0.0844921070518394,Thyreus orbatus,Pollinator
Halle,0.5483354959219896,Melitta nigricans,Pollinator
Halle,0.7775653614639308,Sarcophaga,Pollinator
Halle,0.2694688374936573,Heriades,Pollinator
Halle,0.6859881764017999,Lasioglossum nitidiusculum,Pollinator
Halle,0.7029165007246905,Anthomyia procellaris,Pollinator
Halle,0.8361352344247246,Pyrrhocoris apterus,Pollinator
Halle,0.40807146646370757,Coelioxys aurolimbatus,Pollinator
Halle,0.24949597560072426,Megachile rotundata,Pollinator
Halle,0.7927369350532808,Coelioxys afra,Pollinator
Halle,0.8918273189383629,Colletes hederae,Pollinator
Halle,0.4896978237209265,Ammophila sabulosa,Pollinator
Halle,0.20111903320815191,Megachile centuncularis,Pollinator
Halle,0.23489157702222904,Merziella longirostris,Pollinator
Halle,0.5454970307065615,Nomada,Pollinator
Halle,0.2534761554509833,Nomada fulvicornis,Pollinator
Halle,0.15567876542243314,Physocephala rufipes,Pollinator
Halle,0.51165439702053,Sicus ferrugineus,Pollinator
Halle,0.683085001153619,Dolichovespula saxonica,Pollinator
Halle,0.4568797202662063,Coelioxys elongatus,Pollinator
Halle,0.4161228863521928,Lasioglossum leucozonium,Pollinator
Halle,0.8610339797885423,Bombylius discolor,Pollinator
Halle,0.9327953274237749,Chelostoma florisomne,Pollinator
Halle,0.6560670623046855,Malachius bipustulatus,Pollinator
Halle,0.7586784238536703,Anthribidae,Pollinator
Halle,0.991850498799662,Hylaeus signatus,Pollinator
Halle,0.7476820862431293,Tachina nupta,Pollinator
Halle,0.5841860395940734,Calliphoridae,Pollinator
Halle,0.6126329846946712,Crossocerus podagricus,Pollinator
Halle,0.6026995123535389,Lasioglossum fulvicorne,Pollinator
Halle,0.55243874330482,Miltogramma,Pollinator
Halle,0.6441228472458931,Pollenia vagabunda,Pollinator
Jena,0.38349643137834266,Acantholimon ulicinum,Plant
Jena,0.9281009850127312,Achillea filipendulina,Plant
Jena,0.6254787624474557,Achillea millefolium,Plant
Jena,0.385424655296439,Agapanthus africanus,Plant
Jena,0.6310144162998523,Alkanna orientalis,Plant
Jena,0.1810962367528222,Allium cernuum,Plant
Jena,0.6299930751267326,Allium tuberosum,Plant
Jena,0.8976138137906076,Allium ursinum,Plant
Jena,0.36665490114444577,Anthyllis vulneraria,Plant
Jena,0.5338419279723964,Aquilegia vulgaris,Plant
Jena,0.5931307903138926,Arabis alpina,Plant
Jena,0.2947812315862516,Asphodelus albus,Plant
Jena,0.6983472626788699,Aubrieta pinardii,Plant
Jena,0.6726667650922208,Baptisia australis,Plant
Jena,0.6587975571864281,Bellis perennis,Plant
Jena,0.29739226265841806,Bergenia ciliata,Plant
Jena,0.4257422792922049,Bergenia purpurascens,Plant
Jena,0.23412691007043301,Betonica alopecuros,Plant
Jena,0.7165652736091341,Betonica officinalis,Plant
Jena,0.18730794806936654,Borago officinalis,Plant
Jena,0.19682021536388303,Brassica oleracea,Plant
Jena,0.6606755766281699,Brunnera macrophylla,Plant
Jena,0.8421919066128704,Buddleja davidii,Plant
Jena,0.48416942935988155,Campanula,Plant
Jena,0.5442036872424666,Campanula alliariifolia,Plant
Jena,0.3400734292966604,Campanula glomerata,Plant
Jena,0.48866823832817086,Campanula lactiflora,Plant
Jena,0.8319720140409465,Campanula persicifolia,Plant
Jena,0.7216456013827877,Campanula pyramidalis,Plant
Jena,0.4562979476106372,Campanula rapunculoides,Plant
Jena,0.6082929075158613,Campanula rotundifolia,Plant
Jena,0.8243016032344532,Cardamine pratensis,Plant
Jena,0.4635122579233862,Centaurea scabiosa,Plant
Jena,0.8002300003695858,Centaurea stoebe,Plant
Jena,0.528820203194694,Centaurea subtilis,Plant
Jena,0.9502599786329596,Cerastium arvense,Plant
Jena,0.21246824676094409,Chamaecytisus austriacus,Plant
Jena,0.6137904274966398,Chamaecytisus hirsutus,Plant
Jena,0.6174513559282729,Chelidonium majus,Plant
Jena,0.18188040468871436,Cichorium intybus,Plant
Jena,0.26470353619001075,Clematis recta,Plant
Jena,0.9048599875995024,Coronilla orientalis,Plant
Jena,0.4043922321750109,Coronilla varia,Plant
Jena,0.6912948739537379,Corydalis cava,Plant
Jena,0.1442775144385826,Cytisophyllum sessilifolium,Plant
Jena,0.8516302232840477,Dasiphora fruticosa,Plant
Jena,0.7059955614653317,Daucus carota,Plant
Jena,0.5324348553447332,Desmodium canadense,Plant
Jena,0.902823007871629,Dianthus petraeus,Plant
Jena,0.500983778068056,Dictamnus albus,Plant
Jena,0.5188139312894732,Digitalis grandiflora,Plant
Jena,0.45188925192868173,Digitalis obscura,Plant
Jena,0.24856804055035409,Dracocephalum rupestre,Plant
Jena,0.6391034688190221,Erigeron annuus,Plant
Jena,0.2608847263994041,Eriocapitella hupehensis,Plant
Jena,0.4568428116642142,Euphorbia nicaeensis,Plant
Jena,0.2689995985760031,Eutrochium maculatum,Plant
Jena,0.5062050821195949,Fagopyrum esculentum,Plant
Jena,0.22590243607539348,Fuchsia magellanica,Plant
Jena,0.4697235474594971,Galega officinalis,Plant
Jena,0.5706880701750258,Genista germanica,Plant
Jena,0.8963804190443487,Genista tinctoria,Plant
Jena,1,Geranium,Plant
Jena,0.574690009927206,Geranium molle,Plant
Jena,0.5288243036479677,Geranium sanguineum,Plant
Jena,0.30744400137383104,Geum rivale,Plant
Jena,0.18188040468871436,Globularia cordifolia,Plant
Jena,0.9033950696356212,Helichrysum arenarium,Plant
Jena,0.26679277532753215,Hepatica nobilis,Plant
Jena,1,Heracleum sphondylium,Plant
Jena,0.39167984016551705,Heuchera villosa,Plant
Jena,0.26838312708582207,Hieracium,Plant
Jena,0.10819477988481639,Hypericum fragile,Plant
Jena,0.17655645126962086,Hypericum hookerianum,Plant
Jena,0.23208306111154473,Hypericum olympicum,Plant
Jena,0.4229811038501527,Hypericum perforatum,Plant
Jena,0.7059126274626256,Iberis sempervirens,Plant
Jena,0.5473841984580681,Inula salicina,Plant
Jena,0.379662765678512,Ipheion uniflorum,Plant
Jena,0.6937157019572827,Iris germanica,Plant
Jena,0.4257422792922049,Iris pseudacorus,Plant
Jena,0.7555736603440972,Jacobaea erucifolia,Plant
Jena,0.33378637942373546,Knautia arvensis,Plant
Jena,0.33489760852315803,Lactuca macrophylla,Plant
Jena,0.22237552470193714,Lactuca plumieri,Plant
Jena,0.28472078856817923,Lamium album,Plant
Jena,0.31725116691208993,Lamium galeobdolon,Plant
Jena,0.09008387054460852,Lamium orvala,Plant
Jena,0.5746309593830916,Lathyrus aureus,Plant
Jena,0.6043509992806306,Lathyrus niger,Plant
Jena,0.5217129817917796,Lathyrus pratensis,Plant
Jena,0.354255388822261,Lathyrus vernus,Plant
Jena,0.649169699545602,Lavandula angustifolia,Plant
Jena,0.5471185542327839,Leucanthemum vulgare,Plant
Jena,0.5341909044040282,Limonium gmelini,Plant
Jena,0.41800605880886,Lindelofia anchusoides,Plant
Jena,0.3812711431263984,Linum perenne,Plant
Jena,0.3207507212629023,Lomelosia albocincta,Plant
Jena,0.2840794624901138,Lonicera floribunda,Plant
Jena,0.43815614291877547,Lotus maritimus,Plant
Jena,1,Lysimachia vulgaris,Plant
Jena,0.2975352352179744,Malva thuringiaca,Plant
Jena,0.4561336804407027,Medicago sativa,Plant
Jena,0.47411436943738466,Origanum vulgare,Plant
Jena,0.4555284146432398,Ornithogalum nutans,Plant
Jena,0.28056972571300187,Paeonia daurica,Plant
Jena,0.42889726774702186,Paeonia delavayi,Plant
Jena,0.5076163272433194,Paeonia mascula,Plant
Jena,0.5368282094732684,Paeonia officinalis,Plant
Jena,0.12107411585128892,Papaver,Plant
Jena,0.18855450612665378,Papaver nudicaule,Plant
Jena,0.09749759713960995,Papaver somniferum,Plant
Jena,0.5985990099160908,Pentanema helenioides,Plant
Jena,0.1775040671662108,Phacelia tanacetifolia,Plant
Jena,0.3364445024647712,Phedimus aizoon,Plant
Jena,0.5418963766867941,Philadelphus pekinensis,Plant
Jena,0.8545028815108981,Phlox paniculata,Plant
Jena,0.8507799358988795,Pilosella officinarum,Plant
Jena,0.42870432341259745,Primula denticulata,Plant
Jena,0.5163523829045072,Primula veris,Plant
Jena,0.13958266886059395,Primula vulgaris,Plant
Jena,0.5709583521708069,Pulsatilla vulgaris,Plant
Jena,0.8220038737341129,Ranunculus,Plant
Jena,0.22867613743515747,Ranunculus ficaria,Plant
Jena,0.4931431384063274,Rhododendron saluenense,Plant
Jena,0.15673416066067067,Rosa spinosissima,Plant
Jena,0.552684933983193,Rudbeckia fulgida,Plant
Jena,0.6021262144797945,Salvia nutans,Plant
Jena,0.4363660798822022,Salvia pratensis,Plant
Jena,0.20938372767793897,Satureja parnassica,Plant
Jena,0.19795107086940256,Scabiosa canescens,Plant
Jena,0.7265053071167833,Scrophularia versicolor,Plant
Jena,0.6585450772185444,Scutellaria altissima,Plant
Jena,0.5146563057116649,Scutellaria cordifolia,Plant
Jena,0.8838982920720548,Seseli montanum,Plant
Jena,0.44798587107450627,Silene nutans,Plant
Jena,0.37249138561231276,Solidago flexicaulis,Plant
Jena,0.7005391270958665,Spartium junceum,Plant
Jena,0.16241723108380954,Spiraea chamaedryfolia,Plant
Jena,0.5582761746885482,Symphytum bulbosum,Plant
Jena,0.20032860944299621,Symphytum officinale,Plant
Jena,0.2188777614236592,Teucrium canadense,Plant
Jena,0.6136386377760433,Teucrium chamaedrys,Plant
Jena,0.46025199606885425,Tilia henryana,Plant
Jena,0.3040827381270768,Trifolium,Plant
Jena,0.4059355402997244,Trifolium pratense,Plant
Jena,0.6364588442632793,Trifolium rubens,Plant
Jena,0.6728533093250191,Tripleurospermum maritimum,Plant
Jena,0.3287753999212338,Trommsdorffia maculata,Plant
Jena,0.5555847558356789,Verbascum phoeniceum,Plant
Jena,0.8138627712794783,Vicia sepium,Plant
Jena,0.6001210512383309,Vinca minor,Plant
Jena,0.6775788155417971,Vincetoxicum hirundinaria,Plant
Jena,0.715673095007916,Viscaria vulgaris,Plant
Jena,0.3750920382996127,Anthophora quadrimaculata,Pollinator
Jena,0.3073863147183248,Apis mellifera,Pollinator
Jena,0.18214922959952112,Bombus pascuorum,Pollinator
Jena,0.633241981707279,Episyrphus balteatus,Pollinator
Jena,0.4795583972883446,Eupeodes corollae,Pollinator
Jena,0.7087729279494983,Hylaeus,Pollinator
Jena,0.38572011009914964,Megachilidae,Pollinator
Jena,0.560677836752437,Oedemera lurida,Pollinator
Jena,0.6153785875578242,Scaeva pyrastri,Pollinator
Jena,0.4721258189069347,Sphaerophoria scripta,Pollinator
Jena,0.591965310878611,Andrena flavipes,Pollinator
Jena,0.09365441800744748,Bombus hypnorum,Pollinator
Jena,0.38697178389778736,Coccinella septempunctata,Pollinator
Jena,0.5133656703819448,Colletes daviesanus,Pollinator
Jena,0.42255106296775213,Halictus subauratus,Pollinator
Jena,0.1736400027105617,Harmonia axyridis,Pollinator
Jena,0.736222746238976,Hylaeus nigritus,Pollinator
Jena,0.6859843388103299,Hylaeus sinuatus,Pollinator
Jena,0.6727588409308272,Megachile maritima,Pollinator
Jena,0.47347362865771053,Oxythyrea funesta,Pollinator
Jena,0.5662866632937689,Phasia pusilla,Pollinator
Jena,0.47169242874901146,Andrena gelriae,Pollinator
Jena,0.657850435539316,Bruchidae,Pollinator
Jena,0.5136180191633072,Eurychaeta palpalis,Pollinator
Jena,0.48882394351062264,Gymnomerus laevipes,Pollinator
Jena,0.7818333032653692,Halictus scabiosae,Pollinator
Jena,0.5317926558103748,Halictus tumulorum,Pollinator
Jena,0.6911987159157641,Heriades truncorum,Pollinator
Jena,0.6265097796055117,Hylaeus communis,Pollinator
Jena,0.5049381884563636,Hymenoptera,Pollinator
Jena,0.647328705198792,Lasioglossum,Pollinator
Jena,0.4738403748457668,Lasioglossum interruptum,Pollinator
Jena,0.7378737916193394,Lucilia sericata,Pollinator
Jena,0.5591575254000738,Mordellidae,Pollinator
Jena,0.08399369576399365,Pieris rapae,Pollinator
Jena,0.635466261210537,Polistes dominula,Pollinator
Jena,0.4942840271639982,Pseudocoenosia,Pollinator
Jena,0.47107117603688187,Syrphus vitripennis,Pollinator
Jena,0.5723929306594601,Trichodes apiarius,Pollinator
Jena,0.23462689566497846,Bombus lapidarius,Pollinator
Jena,0.9171856131765098,Anthophora plumipes,Pollinator
Jena,0.12200877763844531,Bombus pratorum,Pollinator
Jena,0.6997864263634835,Osmia bicornis,Pollinator
Jena,0.6476061271036812,Botanophila striolata,Pollinator
Jena,0.6630153438215978,Syritta pipiens,Pollinator
Jena,0.5026378979158873,Vespula germanica,Pollinator
Jena,0.8412655266505985,Minettia longipennis,Pollinator
Jena,0.3103422746116981,Pieris napi,Pollinator
Jena,0.7240138790418907,Sphaerophoria rueppellii,Pollinator
Jena,0.7701950492064941,Anthophora aestivalis,Pollinator
Jena,0.7546610493454088,Bombus hortorum,Pollinator
Jena,0.23685961484836135,Bombus terrestris,Pollinator
Jena,0.8514635767963793,Eucera nigrescens,Pollinator
Jena,0.582784737718485,Anthocharis cardamines,Pollinator
Jena,0.604035350546757,Bombylius discolor,Pollinator
Jena,0.8531290183088074,Bombylius major,Pollinator
Jena,0.620006030062628,Bombylius venosus,Pollinator
Jena,0.7159621396731336,Megachile ericetorum,Pollinator
Jena,0.8823526580071659,Megachile willughbiella,Pollinator
Jena,0.7911386994130072,Xylocopa violacea,Pollinator
Jena,0.5881689315321663,Lasioglossum morio,Pollinator
Jena,0.5608751503985308,Megachile versicolor,Pollinator
Jena,0.5751211443509241,Pyrrhocoris marginatus,Pollinator
Jena,0.8079972327682442,Anthidium manicatum,Pollinator
Jena,0.5338403778439319,Volucella pellucens,Pollinator
Jena,0.6253393281415001,Andrena minutula,Pollinator
Jena,0.6309087593729531,Diptera,Pollinator
Jena,0.6980711697807029,Leucophora personata,Pollinator
Jena,0.7223343514011247,Melecta albifrons,Pollinator
Jena,0.8399557495181242,Volucella zonaria,Pollinator
Jena,0.7438932387893137,Chelostoma rapunculi,Pollinator
Jena,0.08645322517165487,Bombus soroeensis,Pollinator
Jena,0.9804112052402072,Arthropoda,Pollinator
Jena,0.6463299620284191,Syrphidae,Pollinator
Jena,0.6146054484668859,Andrena,Pollinator
Jena,0.5558202808540883,Megachile lagopoda,Pollinator
Jena,0.7636927973593821,Osmia aurulenta,Pollinator
Jena,0.8981940146396278,Paragus constrictus,Pollinator
Jena,0.8981940146396278,Sarcophaga incisilobata,Pollinator
Jena,0.8339615893841089,Megachile pilidens,Pollinator
Jena,0.8506733303019426,Macroglossum stellatarum,Pollinator
Jena,0.643215286759477,Lasioglossum pallens,Pollinator
Jena,0.9379981358671481,Coleoptera,Pollinator
Jena,0.779033534636179,Hylaeus punctatus,Pollinator
Jena,0.30192693323892256,Maniola jurtina,Pollinator
Jena,0.6619887370450102,Cheilosia,Pollinator
Jena,0.8617352233487755,Megachile circumcincta,Pollinator
Jena,0.16796827587817387,Bombus vestalis,Pollinator
Jena,0.29548920255981215,Aglais io,Pollinator
Jena,0.5187393293079181,Eristalis pertinax,Pollinator
Jena,0.4854194441110492,Melangyna,Pollinator
Jena,0.47261775553543084,Myathropa florea,Pollinator
Jena,0.7271453135018722,Cerceris rybyensis,Pollinator
Jena,0.7770576082425438,Gymnosoma nudifrons,Pollinator
Jena,0.7271453135018722,Sarcophaga haemorrhoa,Pollinator
Jena,0.4745846007786752,Cerceris quadricincta,Pollinator
Jena,0.5490405191968899,Megachile alpicola,Pollinator
Jena,0.611239290482372,Megachile centuncularis,Pollinator
Jena,0.6373287077817361,Megachile rotundata,Pollinator
Jena,1,Hoplitis adunca,Pollinator
Jena,0.7254342766768417,Hemipenthes maura,Pollinator
Jena,0.6845887377002299,Megachile,Pollinator
Jena,0.874609016509866,Osmia cornuta,Pollinator
Jena,1,Hebia flavipes,Pollinator
Jena,0.6107277638106356,Lasioglossum politum,Pollinator
Jena,0.6605057970315763,Timarcha goettingensis,Pollinator
Jena,0.6292305800931113,Lasioglossum pauxillum,Pollinator
Jena,0.6160648140824772,Andrena nitida,Pollinator
Jena,0.8514903216273244,Cetonia aurata,Pollinator
Jena,0.7341222277649243,Osmia,Pollinator
Jena,0.7625396638354616,Nomada zonata,Pollinator
Jena,0.7625396638354616,Stelis punctulatissima,Pollinator
Jena,0.5202230940467305,Pieris brassicae,Pollinator
Jena,0.17356203009593724,Bombus lucorum,Pollinator
Jena,0.7581376657153109,Osmia caerulescens,Pollinator
Jena,0.6922815721467895,Bombus,Pollinator
Jena,0,Argynnis paphia,Pollinator
Jena,0,Aricia agestis,Pollinator
Jena,0,Autographa gamma,Pollinator
Jena,0,Carpocoris fuscispinus,Pollinator
Jena,0.029767404869103443,Issoria lathonia,Pollinator
Jena,0.30942321233112496,Polyommatus icarus,Pollinator
Jena,0.4110180753708054,Sicus ferrugineus,Pollinator
Jena,0,Thyreus orbatus,Pollinator
Jena,0.6013748488077376,Anthrenus verbasci,Pollinator
Jena,0.5233591367018955,Eristalis tenax,Pollinator
Jena,1,Macropis fulvipes,Pollinator
Jena,0.6190543572548761,Gasteruption,Pollinator
Jena,0.6058040669356661,Cylindromyia brevicornis,Pollinator
Jena,0.31030425006336476,Volucella inanis,Pollinator
Jena,0.7263556872887632,Vespa crabro,Pollinator
Jena,0.7662245146336375,Halictus,Pollinator
Jena,0.6879600988377363,Osmia brevicornis,Pollinator
Jena,0.7697291641285899,Meliscaeva auricollis,Pollinator
Jena,0.8989308863451723,Chelostoma florisomne,Pollinator
Jena,0.5160799269427173,Sphex funerarius,Pollinator
Jena,0.6237276735822174,Anthidium,Pollinator
Jena,0.28839972848222273,Ectemnius lituratus,Pollinator
Jena,0.3129231260842778,Gymnosoma clavatum,Pollinator
Jena,0.7422591492428501,Tephritidae,Pollinator
Jena,0.7000526854927663,Phasia barbifrons,Pollinator
Jena,0.6754687751446249,Entomophaga nigrohalterata,Pollinator
Jena,0.9292928687656198,Formicidae,Pollinator
