Species,Botanic_Garden,Species_ID,mean_Leaf_area_one_leaf_mm2,mean_SLA_mm2_mg,mean_LDMC_mg_g,mean_veg_height_cm,mean_gen_height_cm,mean_stomataldensity_number_mm,mean_stomatallength_mikrom,mean_stomatalwidth_mikrom,mean_weight_per_seed_mg,mean_CN_ratio
Achillea millefolium,Halle,Ach_mil_Hal,1735.457,13.75754559,81.9935065,90.2,93.2,46.72709063,20.9421875,10.034375,2.81,11.73
Achillea millefolium,Jena,Ach_mil_Jen,148.50625,18.717,209.185,54.11111111,58.33333333,NA,NA,NA,0.252,12.91
Aconitum lycoctonum,Halle,Aco_lyc_Hal,NA,20.84,160.64,27.1,32.6,36.74376,23.57,12.84,2.8,NA
Aconitum lycoctonum,Jena,Aco_lyc_Jen,NA,20.362,181.8562952,70.6,98.2,61.74993,24.6375,23.6075,3.4333,NA
Acorus calamus,Halle,Aco_cal_Hal,NA,7.989960607,211.1467916,63.6,35.6,43.7607975,21.4025,12.205,6.46,33.48
Acorus calamus,Jena,Aco_cal_Jen,NA,NA,NA,NA,NA,132.3030525,26.0225,16.0775,0.6775,NA
Acorus calamus,Leipzig,Aco_cal_Lei,5175.67,12.45804788,213.981848,60.5,23.5,NA,NA,NA,1.8,14.46
Actaea spicata,Jena,Act_spi_Jen,NA,27.005,266.7379573,34.8,38.2,25.7291375,31.9125,32.73333333,23.2786,NA
Adonis amurensis,Leipzig,Ado_amu_Lei,3852.735126,23.23970638,231.1052445,32.6,32.1,29.08881,45.02,25.05,NA,17.05
Adonis vernalis,Halle,Ado_ver_Hal,NA,20.06,271.86,25,25.9,28.06815,32.4,19.235,4.31,NA
Adonis vernalis,Jena,Ado_ver_Jen,76.88926667,23.144,266.972,10.8,12.9,NA,NA,NA,12.17,10.77
Aegopodium podagraria,Halle,Aeg_pod_Hal,NA,29.654,139.162,57.4,68.6,65.15213,18.94333333,10.68166667,1.67,15.93
Aegopodium podagraria,Jena,Aeg_pod_Jen,5365.336,18.132,197.13,68.4,79.2,121.8412875,18.97,12.17,0.5,23.44
Aegopodium podagraria,Leipzig,Aeg_pod_Lei,10019.43324,26.18031977,30.37241125,16.3,NA,60.133885,17.83916667,10.75166667,NA,32.26
Agrimonia eupatoria,Jena,Agr_eup_Jen,1497.141,18.21,342.256,98.8,140.6,NA,NA,NA,20.83,16.64
Ajuga pyramidalis,Jena,Aju_pyr_Jen,NA,22.4,175.13,13.4,11.8,NA,NA,NA,NA,NA
Alchemilla vulgaris,Halle,Alc_vul_Hal,NA,NA,NA,NA,NA,92.114565,20.9775,10.9975,NA,NA
Alchemilla vulgaris,Leipzig,Alc_vul_Lei,1612.566667,18.69496905,250.8610853,5.9,13.8,22.00798125,15.48125,8.833333333,0.3,13.19
Alchemilla xanthochlora,Halle,Alc_xan_Hal,NA,15.158,247.504,26.8,28.6,NA,NA,NA,0.32,NA
Alchemilla xanthochlora,Jena,Alc_xan_Jen,475.931,32.46,267.864,36.625,38.5,97.47303,17.69,9.965,0.59,16.07
Allium flavum,Halle,All_fla_Hal,NA,NA,NA,NA,NA,66.85323,31.595,23.57,NA,NA
Allium schoenoprasum,Halle,All_sch_Hal,313.047,24.35389297,113.6595376,19.1,25.8,126.6894225,28.63875,10.6175,0.89,17.13
Allium ursinum,Halle,All_urs_Hal,NA,26.43,106.72,20.6,25.8,31.385295,17.63,7.6525,NA,16.43
Allium ursinum,Jena,All_urs_Jen,2880.493,27.252,107.332,21.2,27.4,46.5676125,24.1425,9.96,7.405,12.74
Allium ursinum,Leipzig,All_urs_Lei,5404.937576,23.09400458,110.5994853,26.5,33,34.3196925,19.045,6.8275,6.036,32.36
Allium victorialis,Halle,All_vic_Hal,5727.0835,36.48610213,134.7218376,47.8,70.6,45.41937,28.30875,9.68375,8.26,19.55
Allium victorialis,Jena,All_vic_Jen,8189.935,17.976,161.768,44.6,69.8,44.5262925,31.5325,18.3525,8.6567,13.55
Althaea officinalis,Halle,Alt_off_Hal,NA,14.126,314.064,137.4,142.8,69.21350625,24.303125,15.515625,0.5,13.09
Althaea officinalis,Jena,Alt_off_Jen,NA,18.844,276.606,126.2,127,NA,NA,NA,4.65,NA
Amorpha canescens,Halle,Amo_can_Hal,NA,25.89137703,274.3543723,118.5,128.25,NA,NA,NA,0.01,18.71
Anemone hepatica,Jena,Ane_hep_Jen,NA,NA,NA,12.5,11.8,34.3196925,31.66,22.23625,3.725,NA
Anemone hepatica,Leipzig,Ane_hep_Lei,NA,NA,NA,NA,NA,41.251675,34.19375,23.65416667,NA,16.75
Anemone hupehensis,Halle,Ane_hup_Hal,NA,10.18,332.82,62.6,79.2,42.4849725,44.553125,28.109375,0.1,27.44
Anemone hupehensis,Leipzig,Ane_hup_Lei,NA,NA,295.0392858,50,80.5,25.8992475,42.41,24.825,NA,20.85
Anemone nemorosa,Halle,Ane_nem_Hal,1984.919,35.28121486,259.3636567,18.6,18.6,28.06815,36.4,16.11,3.29,15.31
Anemone nemorosa,Jena,Ane_nem_Jen,505.484,26.262,218.676,11.7,14.5,33.8093625,41.6325,40.665,NA,12.42
Anemone nemorosa,Leipzig,Ane_nem_Lei,1823.456031,36.07017921,193.2859153,14.6,18.8,29.7267225,33.0025,12.59,0.6,18.21
Anemone sylvestris,Halle,Ane_syl_Hal,NA,16.43,321.418,12,25.3,96.707535,29.61,22.635,0.05,19.62
Anemone sylvestris,Jena,Ane_syl_Jen,NA,21.6,245.57,13.4,26.2,NA,NA,NA,0.5667,NA
Anemone sylvestris,Leipzig,Ane_syl_Lei,1134.84791,23.1202628,237.1635427,12,21.9,77.05983,29.69,22.78,NA,21.17
Anemone transsilvanica,Halle,Ane_tra_Hal,NA,14.66222065,148.5951523,15.6,12.4,39.29541,26.19,14.57,NA,22.54
Anemone transsilvanica,Leipzig,Ane_tra_Lei,2491.69884,11.06025205,358.82444,9.3,11.2,NA,NA,NA,NA,NA
Angelica archangelica,Halle,Ang_arc_Hal,NA,NA,NA,70,97,NA,NA,NA,NA,NA
Angelica archangelica,Jena,Ang_arc_Jen,NA,NA,NA,96.8,129.4,135.23745,20.14,13.745,4.135,NA
Antennaria dioica,Jena,Ant_dio_Jen,24.89733333,17.338,228.844,3,6.3,NA,NA,NA,0.1126,22.82
Anthericum ramosum,Leipzig,Ant_ram_Lei,1754.679616,22.07762195,185.121163,2.6,50.6,55.7535525,20.74,9.005,4.5,28.98
Aquilegia chrysantha,Leipzig,Aqu_chr_Lei,3896.959948,19.46587996,256.7357516,31.7,90,50.267505,24.5,17.67,1.5,17.67
Aquilegia vulgaris,Halle,Aqu_vul_Hal,NA,15.234,215.32,56.6,64.8,64.556745,19.89,16.895,1.67,NA
Aquilegia vulgaris,Jena,Aqu_vul_Jen,7211.044815,28.83,204.944,84.64,82.1,95.8144575,19.3325,14.20833333,1.66,NA
Arctostaphylos uva-ursi,Halle,Arc_uva_Hal,NA,NA,NA,NA,NA,NA,NA,NA,NA,NA
Arctostaphylos uva-ursi,Jena,Arc_uva_Jen,86.565,8.34,384.312,20.7,NA,122.3516175,31.4675,21.965,NA,43.88
Armoracia rusticana,Halle,Arm_rus_Hal,NA,5.061413238,790.1658945,NA,NA,NA,NA,NA,NA,NA
Armoracia rusticana,Jena,Arm_rus_Jen,27926.445,15.5125,139.525,97.6,118.4,204.2595825,20.61166667,15.46083333,NA,7.99
Arnica longifolia,Jena,Arn_lon_Jen,725.476,21.728,215.068,38.5,43.4,NA,NA,NA,0.4167,18.61
Arnica longifolia,Leipzig,Arn_lon_Lei,1598.784616,19.25670927,207.4675813,20,25,32.916285,31.03,18.61,1.282,20.42
Arrhenatherum elatius,Halle,Arr_ela_Hal,1319.823496,34.82512729,271.2997462,90.2,111.2,60.474105,44.9425,9.78,NA,14.29
Artemisia absinthium,Halle,Art_abs_Hal,NA,26.19321267,135.9144543,133,133,31.895625,21.375,16.325,NA,11.94
Artemisia absinthium,Jena,Art_abs_Jen,14.01333333,73.12,66.73,104,105,NA,NA,NA,0.036,13.75
Arum italicum,Halle,Aru_ita_Hal,9642.989187,19.18903144,86.62114748,30,14.2,NA,NA,NA,NA,NA
Arum italicum,Jena,Aru_ita_Jen,NA,16.665,92.2375,29.75,NA,44.653875,35.4359375,23.8265625,NA,11.64
Arum maculatum,Halle,Aru_mac_Hal,NA,23.416,105.318,18.8,23,50.437615,28.03458333,14.69041667,20.53,12.1
Arum maculatum,Leipzig,Aru_mac_Lei,NA,NA,NA,NA,NA,NA,NA,NA,NA,NA
Asarum canadense,Leipzig,Asa_can_Lei,4448.862299,29.09082767,122.2544549,11.4,4.1,32.2783725,23.7,15.26,NA,NA
Asarum europaeum,Halle,Asa_eur_Hal,840.1945,26.77061672,243.9782155,9.9,2.64,56.64663,21.7625,11.51,NA,14.84
Asarum europaeum,Jena,Asa_eur_Jen,527.564,21.958,140.29,9.6,3.8,91.2214875,29.98,22.04625,3.89,13.11
Asarum europaeum,Leipzig,Asa_eur_Lei,2134.404333,23.11773225,172.5148202,8,NA,50.55456563,27.64375,18.153125,NA,9.98
Asphodelus albus,Halle,Asp_alb_Hal,2771.52,29.62779229,279.2256411,43,76,15.3099,24.2125,11.0125,11.02,17.48
Asphodelus albus,Jena,Asp_alb_Jen,6027.612222,10.53111111,139.6133333,61.8,93.2,64.9394925,29.1825,12.47375,15.4667,12.5
Atropa belladonna,Halle,Atr_bel_Hal,3463.9075,24.87080194,215.2467001,80,77.8,64.30158,30.5075,18.2875,1.41,13.76
Aurinia saxatilis,Halle,Aur_sax_Hal,NA,13.728,191.328,13.4,18.6,NA,NA,NA,0.81,8.04
Bergenia purpurascens,Jena,Ber_pur_Jen,5903.94,11.55,181.008,15.2,26.2,96.9627,21.815625,15.8515625,0.005,26.39
Bergenia purpurascens,Leipzig,Ber_pur_Lei,22240.22075,6.895477183,233.3484889,33.5,54.5,88.882475,22.54791667,15.85208333,0.1,14.77
Bistorta officinalis,Halle,Bis_off_Hal,NA,19.844,169.852,42,46.8,49.757175,26.2475,14.5025,5,13.62
Bistorta officinalis,Jena,Bis_off_Jen,3164.045,15.662,202.986,20.4,25,125.4135975,18.8975,13.44875,1.8396,10.16
Bromus erectus,Halle,Bro_ere_Hal,1148.382922,17.38900351,339.5531898,86.2,112.8,35.0851875,49,8.145,NA,28.71
Brunnera macrophylla,Halle,Bru_mac_Hal,NA,38.146,155.808,15.6,20,83.438955,21.3725,11.375,NA,13.57
Brunnera macrophylla,Jena,Bru_mac_Jen,1320.254,20.652,157.806,23,26,NA,NA,NA,0.7563,11.85
Bunias orientalis,Halle,Bun_ori_Hal,NA,20.598,144.37,96.4,106.2,170.705385,19.75,13.82,27.92,NA
Bunias orientalis,Jena,Bun_ori_Jen,2676.003,21.187,148.45,96.6,99.6,192.4369375,19.17416667,13.35541667,32.885,6.94
Bunias orientalis,Leipzig,Bun_ori_Lei,5480.760543,32.41070315,118.198246,76.5,88.5,174.4690688,20.134375,13.21875,NA,25.03
Cakile maritima,Halle,Cak_mar_Hal,NA,16.61167886,149.9678474,18.25,22.75,63.1533375,24.15,12.0125,6.35,10.56
Calla palustris,Halle,Cal_pal_Hal,35516.428,18.36552167,241.0801311,31,25,59.453445,30.1675,12.3325,32.58,17.81951641
Calla palustris,Jena,Cal_pal_Jen,2944.33,20.772,117.586,19.7,14.9,48.226185,26.3675,14.4625,3.3,13.53
Calla palustris,Leipzig,Cal_pal_Lei,NA,NA,NA,NA,NA,32.21458125,34.834375,27.771875,NA,15.20446097
Caltha palustris,Halle,Cal_pal_Hal,NA,26.79612427,110.3889188,33,39.5,41.78326875,32.021875,11.85,1.23,31.29
Caltha palustris,Leipzig,Cal_pal_Lei,824.7617913,22.28583394,152.0728207,3.6,7,48.48135,27.85208333,20.8875,NA,NA
Camassia cusickii,Halle,Cam_cus_Hal,NA,NA,NA,43.6,74.8,NA,NA,NA,5.5,NA
Camassia cusickii,Jena,Cam_cus_Jen,2917.16,17.456,152.172,45.4,79,52.05366,31.43375,11.765,5.2,24.96
Campanula rotundifolia,Halle,Cam_rot_Hal,NA,37.528,163.304,26.4,40.4,121.203375,27.33,18.935,0.07,NA
Campanula rotundifolia,Jena,Cam_rot_Jen,28.9565,23.746,284.054,23.1,27,143.7854775,17.965,10.39125,0.054,18.07
Campanula rotundifolia,Leipzig,Cam_rot_Lei,NA,NA,270.3974005,4.14,16.16,130.2617325,21.63625,12.56625,NA,23.06
Carex sylvatica,Halle,Car_syl_Hal,NA,25.04498347,82.2621076,22,62.5,34.957605,23.9575,10.7375,1.8,27.51
Centaurea cineraria,Leipzig,Cen_cin_Lei,2009.058374,19.12273372,5.239734794,65.7,69.2,NA,NA,NA,NA,NA
Centaurea jacea,Jena,Cen_jac_Jen,204.444,16.47,299.808,123.8,128.8,95.94204,21.49,15.2075,2.48,21.42
Centaurea scabiosa,Jena,Cen_sca_Jen,1421.0435,9.899,271.923,113.4,121.8,168.5364825,20.015,12.145,4.04,12.86
Centranthus ruber,Halle,Cen_rub_Hal,NA,20.376,151.482,65.5,90,108.70029,24.92,17.04,2.04,NA
Centranthus ruber,Jena,Cen_rub_Jen,440.88725,16.834,163.42,56.6,64.8,186.9083625,24.6575,13.6325,1.96,13.49
Cephalaria gigantea,Halle,Cep_gig_Hal,NA,NA,NA,NA,NA,94.73000625,29.525,20.10625,NA,NA
Chelidonium majus,Halle,Che_maj_Hal,1626.3055,23.70698629,150.1397389,46.4,49.4,100.02468,10.68,6.215,0.48,15.04
Chelidonium majus,Jena,Che_maj_Jen,851.089,18.434,220.12,26,28.9,56.901795,15.1275,11.375,0.84,14.45
Clematis integrifolia,Halle,Cle_int_Hal,NA,21.886,191.96,58.8,65,71.191035,28.73,19.255,0.67,NA
Clematis recta,Halle,Cle_rec_Hal,NA,19.58,265.052,121.8,137.8,68.129055,26.165,18.015,0.54,NA
Clematis recta,Jena,Cle_rec_Jen,5015.226,21.85,259.506,123.8,139.6,67.7463075,20.5875,12.405,7.6,15.01
Clematis stans,Leipzig,Cle_sta_Lei,36537.70196,20.94691393,236.8428199,79.25,79.1,70.32985313,28.615625,19.115625,NA,24.48
Colchicum autumnale,Halle,Col_aut_Hal,NA,16.90045024,286.2903277,47.7,13.56,45.164205,28.2775,12.725,NA,13.61
Colchicum autumnale,Jena,Col_aut_Jen,17624.128,24.142,108.166,35.8,24.4,45.674535,42.885,27.64375,NA,10.71
Colchicum autumnale,Leipzig,Col_aut_Lei,NA,NA,NA,NA,11.25,NA,NA,NA,NA,NA
Comarum palustre,Halle,Com_pal_Hal,NA,NA,NA,NA,NA,NA,NA,NA,0.55,NA
Comarum palustre,Jena,Com_pal_Jen,NA,15.525,388.71,12.5,16,NA,NA,NA,0.34,29.77
Conium maculatum,Halle,Con_mac_Hal,NA,20.5551259,243.4552548,52.25,59.5,163.3056,15.115625,12.109375,1.37,10.15
Conium maculatum,Jena,Con_mac_Jen,NA,25.148,214.314,107,104.4,NA,NA,NA,0.6467,10.66
Convallaria majalis,Halle,Con_maj_Hal,NA,21.91,183.294,24,22,38.9126625,21.97375,10.72875,21.6,14.16
Convallaria majalis,Jena,Con_maj_Jen,7529.22,19.602,256.886,31.7,27.6,42.2298075,27.615,16.81125,17.9545,15.77
Convallaria majalis,Leipzig,Con_maj_Lei,5116.870052,11.85439013,316.4565446,18,16,42.86772,27.8975,16.14125,8.8,12.6
Corydalis solida,Halle,Cor_sol_Hal,NA,NA,NA,NA,NA,NA,NA,NA,NA,NA
Corydalis solida,Jena,Cor_sol_Jen,NA,32.276,170.306,14.5,21,NA,NA,NA,0.746,NA
Crocus speciosus,Halle,Cro_spe_Hal,605.265,22.8237355,252.946029,12.6,NA,57.15696,19.645,11.235,NA,25.56
Crocus speciosus,Jena,Cro_spe_Jen,195.033,14.888,236.004,14.6,NA,60.9419075,22.52,11.06666667,8.3,16.09
Crocus vernus,Leipzig,Cro_ver_Lei,1113.106017,25.58980594,164.2786612,17.7,NA,127.327335,13.83,7.8925,NA,11.28
Cuphea ignea,Leipzig,Cup_ign_Lei,839.0821928,16.62290359,293.5151093,21.8,17.7,171.0881325,22.3875,14.5075,NA,14.88
Cyclamen coum,Jena,Cyc_cou_Jen,600.116,14.002,172.522,4,7.7,96.707535,22.4525,11.84,4.8733,19.02
Cyclamen coum,Leipzig,Cyc_cou_Lei,1521.092298,16.22288329,154.0277475,6.5,NA,82.2907125,31.2475,18.645,NA,18.04
Cyclamen hederifolium,Leipzig,Cyc_hed_Lei,1495.317439,10.24827465,193.5462412,5.5,9.4,96.197205,19.675,12.65875,NA,24.11
Dactylis glomerata,Halle,Dac_glo_Hal,NA,16.9746395,183.8574036,89.6,103.6,152.333505,35.52125,13.2675,NA,25.87
Dactylorhiza majalis,Jena,Dac_maj_Jen,1268.791,27.458,102.438,25.8,32,45.8021175,50.53625,32.61125,0.0341,14.35
Daphne laureola,Halle,Dap_lau_Hal,NA,4.87,363.64,62,60,73.99785,22.7125,12.4,NA,NA
Dianthus carthusianorum,Halle,Dia_car_Hal,NA,15.20417654,336.6057513,62.1,70.7,179.5085775,19.6675,10.89125,NA,19.8
Dianthus deltoides,Halle,Dia_del_Hal,NA,NA,NA,16.4,18.5,140.34075,17.93125,11.1125,0.09,NA
Dianthus gratianopolitanus,Halle,Dia_gra_Hal,NA,NA,NA,NA,NA,110.23128,35.0425,20.685,NA,NA
Dianthus plumarius,Leipzig,Dia_plu_Lei,99.14675511,16.6557816,245.2966812,17.5,19.3,195.96672,26.31333333,13.77875,NA,16.84
Dianthus superbus,Jena,Dia_sup_Jen,NA,16.4,262.13,31,36.4,96.28226,31.35875,20.75666667,0.606,NA
Dianthus superbus,Leipzig,Dia_sup_Lei,NA,NA,NA,NA,NA,NA,NA,NA,NA,NA
Dictamnus albus,Halle,Dic_alb_Hal,NA,14.3525,280.7425,43.65,65.6,59.00690625,26.125,17.296875,15.12,15.66
Dictamnus albus,Jena,Dic_alb_Jen,NA,12.7,291.25,41.5,52.4,60.6016875,28.575,17.7,24.555,NA
Dictamnus albus,Leipzig,Dic_alb_Lei,3335.864296,16.30950674,255.5194486,54,70,59.113225,29.94166667,20.30416667,2.9,24.8
Doronicum austriacum,Halle,Dor_aus_Hal,NA,NA,NA,107.2,124,17.35122,38.05,21.765,NA,20.9
Doronicum pardalianches,Halle,Dor_par_Hal,3649.846,15.41930217,153.0290154,NA,NA,NA,NA,NA,0.82,NA
Dryas octopetala,Halle,Dry_oct_Hal,NA,12.888,313.252,6.7,9.6,NA,NA,NA,0.44,18.06
Dryas octopetala,Jena,Dry_oct_Jen,179.751,11.32,365.986,7.2,10.4,NA,NA,NA,0.4333,18.06
Dryas octopetala,Leipzig,Dry_oct_Lei,124.9660583,13.46798592,312.8630258,5.9,10.4,NA,NA,NA,0.4,17.53
Epilobium angustifolium,Halle,Epi_ang_Hal,NA,17.75,280.668,126,167.4,255.67533,20.75,13.895,0.02,NA
Epilobium angustifolium,Jena,Epi_ang_Jen,636.174,19.336,253.99,126.4,157.6,233.475975,24.42,14.745,0.0316,13.8
Eranthis hyemalis,Halle,Era_hye_Hal,NA,30.738,163.342,16.2,NA,25.6440825,29.2675,12.4375,3.8,23.54
Eranthis hyemalis,Jena,Era_hye_Jen,359.427,29.938,139.792,10.8,12.6,24.8785875,34.25625,16.203125,3.1714,14.31
Eranthis hyemalis,Leipzig,Era_hye_Lei,1171.913427,23.86087419,167.875382,24.5,27.2,25.771665,46.31,34.62,4.4,15.08
Erica tetralix,Jena,Eri_tet_Jen,NA,NA,NA,15.4,16.4,NA,NA,NA,0.024,NA
Eryngium campestre,Halle,Ery_cam_Hal,NA,17.31727621,193.2945367,62.5,62.5,160.24362,16.26625,10.19375,1.27,19.34
Eryngium campestre,Leipzig,Ery_cam_Lei,17077.43227,7.613593304,252.0020576,19,55.33333333,138.1718475,17.3725,10.075,2.708,50.52
Eryngium maritimum,Halle,Ery_mar_Hal,NA,25.18858814,191.5342403,35.2,36.4,128.9859075,19.3625,12.6325,9.45,28.31
Eupatorium cannabinum,Halle,Eup_can_Hal,NA,26.418,197.7,118.6,146.4,43.88838,27.695,17.125,0.08,NA
Eupatorium cannabinum,Jena,Eup_can_Jen,5473.57,26.702,216.018,132.2,138.8,116.9931525,21.59,14.2075,0.36,11.49
Eupatorium cannabinum,Leipzig,Eup_can_Lei,6581.996155,36.42774412,189.0293155,144,150,62.77059,24.25875,16.6825,0.2,21.60406091
Filipendula vulgaris,Leipzig,Fil_vul_Lei,3688.505885,13.44753724,344.8643246,53,90.5,NA,NA,NA,1.2,15
Fragaria vesca,Halle,Fra_ves_Hal,NA,21.536,254.268,24.2,27.4,58.943115,17.225,11.25,0.24,NA
Fragaria vesca,Jena,Fra_ves_Jen,3239.85,16.33,265.492,30.8,24.2,54.60531,15.0125,7.6875,NA,16.79
Fragaria vesca,Leipzig,Fra_ves_Lei,2393.124963,25.42744589,289.3314861,18.3,22.5,46.184865,15.755,8.065,0.4,34.67
Fuchsia magellanica,Halle,Fuc_mag_Hal,149.06895,22.18825768,111.9932144,118,114.8,123.3722775,18.09,13.7275,NA,14.11
Galanthus ikariae,Halle,Gal_ika_Hal,NA,18.88666667,161.7766667,11,NA,64.6418,28.77708333,16.86666667,NA,14.4
Galanthus nivalis,Halle,Gal_niv_Hal,670.4735,27.24269233,303.0232238,19.56,15.6,20.25372188,31.61875,10.575,NA,15.06342922
Galanthus nivalis,Jena,Gal_niv_Jen,298.064,19.904,156.32,9.4,14.1,29.59914,27.5775,11.3725,13.6867,11.21
Galanthus nivalis,Leipzig,Gal_niv_Lei,1097.607841,22.15871302,141.1125598,15,NA,45.61074375,30.803125,10.471875,NA,29.26
Galanthus plicatus,Halle,Gal_pli_Hal,1558.075,26.85290103,272.5269238,31.3,25.4,28.57848,29.37,12.565,NA,18.09
Galega officinalis,Halle,Gal_off_Hal,NA,NA,NA,NA,NA,129.2410725,15.39625,11.25375,8.28,NA
Galega officinalis,Jena,Gal_off_Jen,NA,NA,NA,64.2,69.9,53.839815,22.29625,13.6125,7.875,NA
Galium glaucum,Halle,Gal_gla_Hal,NA,NA,NA,NA,NA,122.7981563,28.440625,12.446875,NA,NA
Galium mollugo,Jena,Gal_mol_Jen,NA,47.898,185.874,27.1,NA,NA,NA,NA,NA,NA
Galium mollugo,Leipzig,Gal_mol_Lei,45.03288485,20.80028491,233.5724086,48.5,53.5,64.046415,30.8075,18.06375,0.5,14.67
Galium odoratum,Halle,Gal_odo_Hal,NA,28.69,210.964,19.6,22,58.3052025,24.5,12.865,0.13,17.71
Galium odoratum,Jena,Gal_odo_Jen,NA,NA,NA,NA,NA,52.308825,27.155,17.29,NA,NA
Gaultheria shallon,Jena,Gau_sha_Jen,922.885,13.63,321.215,41.75,42.75,177.339675,14.925,8.50625,0.08,37.46
Gaultheria shallon,Leipzig,Gau_sha_Lei,2076.992979,4.965563143,514.0827789,35.6,36.3,115.84491,21.8025,15.54,0.2,20.34
Genista tinctoria,Halle,Gen_tin_Hal,NA,14.058,290.73,71.2,76.8,177.850005,27.7775,18,NA,NA
Genista tinctoria,Jena,Gen_tin_Jen,NA,NA,NA,64,59.7,156.0333975,24.28916667,16.23625,0.321,NA
Genista tinctoria,Leipzig,Gen_tin_Lei,168.3208103,18.86621033,273.3664082,96,95,103.7245725,29.82125,19.4325,3.9,10.5
Gentiana cruciata,Jena,Gen_cru_Jen,1251.025,12.884,213.372,38.2,40,61.3671825,30.8875,19.1375,0.1171,28.93
Gentiana lutea,Leipzig,Gen_lut_Lei,4325.975961,13.53039728,223.192871,8.64,NA,55.28575,27.80625,19.22291667,NA,34.76
Gentiana tibetica,Leipzig,Gen_tib_Lei,9102.082022,10.45413367,199.4228885,2.44,32,50.52267,24.3025,16.025,NA,33.15
Geranium sanguineum,Jena,Ger_san_Jen,388.0978,17.592,277.356,28.4,30.6,127.07217,19.2375,11.6075,11.9111,16.8
Geranium sanguineum,Leipzig,Ger_san_Lei,1521.362474,30.50933486,191.3605708,52,45,97.6006125,20.115,11.6875,9.7,54.66
Geum rivale,Halle,Geu_riv_Hal,NA,15.298,211.298,31.4,38.8,81.14247,21.0175,15.045,1.74,16.95
Geum rivale,Jena,Geu_riv_Jen,703.2446667,16.8025,252.365,NA,NA,103.341825,18.2175,11.7325,0.88,20.25
Geum rivale,Leipzig,Geu_riv_Lei,1465.893126,23.23088184,218.9865531,6.5,21,182.6556125,18.26666667,14.20416667,1.1,14.8
Geum urbanum,Halle,Geu_urb_Hal,2649.268,26.97210917,133.7649612,43.6,47,86.500935,17.505,9.03,2.65,36.88
Glechoma hederacea,Jena,Gle_hed_Jen,NA,27.95125,226.5375,3.875,4.25,NA,NA,NA,0.76,NA
Globularia cordifolia,Halle,Glo_cor_Hal,NA,NA,NA,NA,NA,NA,NA,NA,NA,NA
Globularia cordifolia,Jena,Glo_cor_Jen,15.90983333,10.652,263.184,6,15.5,204.47222,37.62541667,27.58625,0.615,22.27
Globularia cordifolia,Leipzig,Glo_cor_Lei,109.2908209,12.29307993,263.8040229,4.5,8,154.7575725,27.1625,19.80625,NA,17.55
Glycyrrhiza glabra,Halle,Gly_gla_Hal,5851.9665,18.47003289,209.5804134,172.2,159.6,239.8551,16.33125,8.2375,6.96,11.18
Glycyrrhiza glabra,Jena,Gly_gla_Jen,NA,17.5,299.24,NA,NA,105.2555625,21.3875,13.41875,4.018,NA
Gratiola officinalis,Halle,Gra_off_Hal,NA,26.394,151.372,36.6,34,82.16313,29.1175,18.6825,0.03,NA
Gratiola officinalis,Jena,Gra_off_Jen,56.81266667,17.942,315.6,38.8,36.5,76.5495,23.49875,12.1825,0.0079,49.1
Gunnera manicata,Halle,Gun_man_Hal,NA,14.12528824,293.6794582,179,51,NA,NA,NA,0.29,16.55413751
Gunnera manicata,Jena,Gun_man_Jen,NA,NA,NA,NA,NA,105.893475,41.68125,32.04375,2.35,13.99
Gunnera manicata,Leipzig,Gun_man_Lei,9485.50361,11.42355242,122.2286471,149.1,92.2,NA,NA,NA,NA,20.09
Helianthemum nummularium,Halle,Hel_num_Hal,NA,13.978,291.218,16.4,25,199.0287,22.7325,16.825,0.89,NA
Helianthemum nummularium,Jena,Hel_num_Jen,45.069,13.762,264.586,19.8,21.4,229.13817,18.5475,12.41625,1.2,13.06
Helianthemum nummularium,Leipzig,Hel_num_Lei,NA,13.5970779,258.4434194,45,47,NA,NA,NA,1.4,31.38
Helichrysum arenarium,Jena,Hel_are_Jen,137.934,21.966,212.748,32.8,37.1,NA,NA,NA,7.2741,19.35
Heliosperma pusillum,Leipzig,Hel_pus_Lei,NA,21.81410463,205.8596071,17,20,114.9518325,29.21875,17.74375,NA,18.48
Helleborus niger,Jena,Hel_nig_Jen,4464.7325,7.07,280.49,11,11.75,48.056075,32.1,20.4125,NA,28.98
Helleborus niger,Leipzig,Hel_nig_Lei,6953.32086,7.825469428,263.4262759,3.25,NA,66.3429,32.1125,19.7,NA,27.07
Helleborus orientalis,Halle,Hel_ori_Hal,NA,9.786,237.47,21.6,23,64.30158,25.735,18.795,12.91,19.22
Helleborus orientalis,Jena,Hel_ori_Jen,5011.68,8.896,302.692,34.1,31.5,71.191035,24.17,16.3575,10.4,29.97
Helleborus viridis,Halle,Hel_vir_Hal,NA,10.67227442,208.4794321,42.5,37.5,33.8093625,32.4125,14.775,NA,25.22
Helleborus viridis,Leipzig,Hel_vir_Lei,NA,11.48813054,231.0999159,20,10.5,53.90360625,33.94375,23.475,NA,32.87
Hemerocallis dumortieri,Leipzig,Hem_dum_Lei,NA,NA,228.3594168,2.7,43.1,41.33673,18.7725,9.605,27.3,22.34
Hemerocallis fulva,Halle,Hem_ful_Hal,NA,NA,NA,NA,NA,62.515425,25.86375,13.50625,NA,NA
Hemerocallis fulva,Jena,Hem_ful_Jen,7005.907,10.574,189.514,88.8,125.6,36.8713425,27.9175,16.715,NA,25.9
Hibiscus moschatus,Halle,Hib_mos_Hal,NA,12.866,279.924,162.8,153.6,118.141395,25.235,15.45,7.72,NA
Hibiscus moschatus,Jena,Hib_mos_Jen,3632.295,18.48,263.134,110.8,114.6,NA,NA,NA,NA,34.81
Hibiscus moschatus,Leipzig,Hib_mos_Lei,NA,NA,254.9459045,34.5,87.4,NA,NA,NA,4.5,25.62
Homogyne sylvestris,Jena,Hom_syl_Jen,287.9666667,16.4425,165.265,15.125,19.875,51.6709125,25.228125,19.9875,0.31,24.52
Honckenya peploides,Halle,Hon_pep_Hal,NA,23.67526008,201.0687645,8.3,6.88,92.4973125,29.43,13.355,NA,NA
Humulus lupulus,Halle,Hum_lup_Hal,8296.405,12.52876335,259.8726274,242.6,158,90.66863,19.91583333,11.61166667,NA,12.88
Humulus lupulus,Jena,Hum_lup_Jen,3119.61875,19.44,245.726,200,215,240.70565,17.86666667,11.83333333,NA,9.42
Humulus lupulus,Leipzig,Hum_lup_Lei,NA,NA,300.2900604,93,NA,60.1764125,18.97083333,10.525,NA,12.58
Hyacinthoides non-scripta,Halle,Hya_non_Hal,1594.428,16.02146298,266.4193848,23.92,38.4,36.488595,39.3675,14.0475,4.61,18.09
Hydrocotyle vulgaris,Jena,Hyd_vul_Jen,208.935,18.418,139.962,10.5,NA,121.3309575,35.085,28.6325,NA,37.94
Hydrocotyle vulgaris,Leipzig,Hyd_vul_Lei,325.3647973,35.06923798,99.79219707,NA,NA,73.6151025,20.22875,10.08,NA,NA
Hypericum olympicum,Halle,Hyp_oly_Hal,NA,14.15,349.756,18.8,20.8,173.00187,23.97875,14.1275,0.28,NA
Hypericum olympicum,Jena,Hyp_oly_Jen,8.93725,15.205,335.2725,13,18.75,160.2755156,22.1078125,13.1109375,0.297,21.74
Hypericum olympicum,Leipzig,Hyp_oly_Lei,99.99764947,13.10946592,294.703044,20.5,28,115.2069975,20.478125,11.07125,0.2,31.27
Hypericum perforatum,Halle,Hyp_per_Hal,56.17713333,18.59813567,274.7982535,80,84,106.0210575,18.0575,11.845,0.11,11.65
Hypericum perforatum,Jena,Hyp_per_Jen,70.7476,23.604,341.022,113.6,115.6,161.6470275,15.93125,9.8025,0.125,25.06
Hyssopus officinalis,Halle,Hys_off_Hal,NA,NA,NA,NA,NA,206.938815,23.435,16.0375,NA,NA
Iberis sempervirens,Halle,Ibe_sem_Hal,NA,25.076,160.492,19.4,23.1,89.562915,15.51375,10.26375,3.73,NA
Iberis sempervirens,Jena,Ibe_sem_Jen,65.05583333,10.804,231.458,26,27.8,85.22511,27.8525,19.1775,4.2,9.3
Iberis sempervirens,Leipzig,Ibe_sem_Lei,118.7488665,11.90613714,244.2504179,20.8,27.5,170.96055,19.95,19.02,3.1,18.57
Iris pseudacorus,Halle,Iri_pse_Hal,NA,27.337091,55.33373125,91,89,75.9115875,19.075,8.2125,NA,16.56
Iris pseudacorus,Jena,Iri_pse_Jen,NA,32.822,123.364,78.6,NA,128.60316,12.9975,13.03875,NA,NA
Iris pseudacorus,Leipzig,Iri_pse_Lei,21454.91169,11.50758576,176.4102329,39.6,60.8,165.0067,20.525,12.00625,NA,20.63
Knautia arvensis,Jena,Kna_arv_Jen,NA,19.798,212.9512469,55.2,62.6,120.693045,21.27875,11.6975,0.4633,NA
Lamium album,Halle,Lam_alb_Hal,NA,31.011,175.281,27.59,26.48,90.32841,18.735,12.365,NA,NA
Lamium album,Jena,Lam_alb_Jen,NA,28.326,226.7591612,30.2,27.4,146.97504,18.51375,18.05,0.31,NA
Lamium galeobdolon,Halle,Lam_gal_Hal,150.0025,26.3722174,170.5627983,12,16.5,74.423125,13.98333333,10.45,NA,NA
Lathyrus pratensis,Jena,Lat_pra_Jen,64.64,24.274,301.668,64.1,64.9,84.04497188,31.2625,21.8328125,14.575,15.2
Lathyrus vernus,Halle,Lat_ver_Hal,NA,30.882,208.342,19.6,22.2,70.0427925,17.05625,9.465,NA,8.92
Lathyrus vernus,Jena,Lat_ver_Jen,1125.109,33.682,188.222,23,29,54.350145,24.31,14.02,15.89,10.51
Lathyrus vernus,Leipzig,Lat_ver_Lei,3191.000787,32.97327465,220.1169567,24.5,27.4,30.7473825,19.4075,10.73,14.3,17.52
Lavandula angustifolia,Halle,Lav_ang_Hal,NA,14.056,218.484,81.2,102.4,133.70646,26.2675,17.3975,1.04,NA
Lavandula angustifolia,Jena,Lav_ang_Jen,68.7294,15.484,218.376,49.8,62.6,81.91859688,25.73645833,16.30416667,1.216,17.99
Lavandula angustifolia,Leipzig,Lav_ang_Lei,165.0203348,15.09661844,205.5749572,49.4,69.4,58.8155325,27.23875,18.27875,1,39.22
Leonurus cardiaca,Halle,Leo_car_Hal,1456.943333,18.20319681,119.735314,105,106.3333333,NA,NA,NA,0.56,16.46
Leonurus cardiaca,Jena,Leo_car_Jen,1279.2694,24.396,249.304,196.8,197.8,190.097925,20.465,14.8925,0.84,15.67
Leonurus cardiaca,Leipzig,Leo_car_Lei,NA,NA,NA,NA,NA,NA,NA,NA,0.9,NA
Leonurus quinquelobatus,Leipzig,Leo_qui_Lei,NA,NA,NA,NA,NA,NA,NA,NA,NA,NA
Leucanthemum vulgare,Halle,Leu_vul_Hal,582.9738635,21.97546377,154.3504274,51.5,59.6,51.6709125,25.70625,10.6075,NA,18.31
Leucojum aestivum,Halle,Leu_aes_Hal,2114.615,15.86589786,134.8090021,57,61,34.447275,53.5,12.1125,NA,12.54
Leucojum vernum,Halle,Leu_ver_Hal,1972.321,18.97619787,81.9935065,22.8,26.2,23.47518,37.645,15.79,NA,14.14
Leucojum vernum,Leipzig,Leu_ver_Lei,1805.220045,23.5693295,113.2277186,21,NA,25.771665,33.65125,10.59125,NA,22.17
Linaria genistifolia,Halle,Lin_gen_Hal,NA,NA,NA,NA,NA,138.554595,20.4225,10.09,NA,NA
Linum perenne,Jena,Lin_per_Jen,15.552,19.23,229.77,53.5,56.25,127.837665,21.5025,10.71375,1.5556,10.39
Linum usitatissimum,Leipzig,Lin_usi_Lei,48.93036809,35.57447323,199.1289532,40,41.5,84.09813125,25.74895833,16.63854167,4.6,20.66
Lotus corniculatus,Halle,Lot_cor_Hal,345.4007889,24.08172558,253.6268936,24.4,25,126.56184,18.5375,12.41,NA,11.62
Lotus maritimus,Jena,Lot_mar_Jen,476.836,21.79333333,214.6933333,27.2,28.8,143.91306,20.02625,12.395,2.9304,12.16
Lunaria rediviva,Halle,Lun_red_Hal,NA,NA,NA,NA,NA,94.0283025,16.9375,11.9625,19.63,9.61
Lupinus polyphyllus,Halle,Lup_pol_Hal,NA,NA,NA,NA,NA,NA,NA,NA,12.59,NA
Lupinus polyphyllus,Leipzig,Lup_pol_Lei,9272.655291,18.11982968,181.3583742,49.2,77.5,148.8887775,18.92791667,12.68583333,16.2,19.68
Lychnis flos-cuculi,Halle,Lyc_flo_Hal,334.6196326,NA,NA,26.8,30,114.4415025,20.10625,13.8925,NA,NA
Lysichiton americanus,Leipzig,Lys_ame_Lei,78819.05482,33.80392375,75.09853015,62,64,42.102225,19.26458333,8.33125,NA,NA
Lysichiton camtschatcensis,Halle,Lys_cam_Hal,NA,22.3,116.7,36,22,10.2066,15.625,9.175,NA,10.7
Lysichiton camtschatcensis,Jena,Lys_cam_Jen,1827.845,14.845,135.96,19.5,NA,15.3099,22.1875,15.51875,NA,25.22
Medicago falcata,Halle,Med_fal_Hal,NA,NA,NA,NA,NA,NA,NA,NA,NA,NA
Melissa officinalis,Halle,Mel_off_Hal,NA,21.534,330.008,82.4,89.6,165.602085,17.185,14.135,NA,23.23
Mentha longifolia,Halle,Men_lon_Hal,412.969,23.73445636,113.6595376,79.4,81.2,NA,NA,NA,NA,14.34
Menyanthes trifoliata,Halle,Men_tri_Hal,3215.4475,29.39983677,134.7218376,20.4,25.2,41.7194775,25.05875,13.3725,0.02,22.17
Menyanthes trifoliata,Jena,Men_tri_Jen,NA,20.6,175.47,15.5,20,NA,NA,NA,2.3375,NA
Menyanthes trifoliata,Leipzig,Men_tri_Lei,2342.256964,15.39369117,196.2924079,18.4,29.8,33.2990325,25.0175,13.69875,3.5,16.71
Mercurialis perennis,Jena,Mer_per_Jen,335.484,19.324,315.48,11.6,NA,45.0366225,35.17333333,23.1825,NA,16.56
Myriophyllum aquaticum,Leipzig,Myr_aqu_Lei,23.13708815,32.32347162,349.5066136,6.8,NA,NA,NA,NA,NA,37.29
Narcissus pseudonarcissus,Halle,Nar_pse_Hal,NA,12.67,149.228,NA,28,50.267505,45.4575,15.99,NA,16.31
Oenothera biennis,Jena,Oen_bie_Jen,1017.247,16.128,205.046,168.8,173.4,178.78561,18.13333333,13.48208333,NA,15.8
Oenothera fruticosa,Halle,Oen_fru_Hal,397.37,20.95018702,287.6153659,55.4,58.2,112.527765,18.15,10.06708333,0.13,19.27
Oenothera macrocarpa,Halle,Oen_mac_Hal,859.3916667,16.61568575,268.9161316,37.66666667,32,131.7927225,21.75875,11.52,NA,22.5
Origanum vulgare,Halle,Ori_vul_Hal,NA,NA,NA,NA,NA,357.8689125,15.36875,12.5,NA,NA
Origanum vulgare,Jena,Ori_vul_Jen,204.2333333,20.608,297.374,38.6,40.6,294.205245,16.8425,12.18125,0.081,25.16
Oxalis acetosella,Halle,Oxa_ace_Hal,NA,62.056,119.628,5.2,8.5,32.66112,13.3578125,9.0109375,0.98,10.75
Paeonia daurica,Halle,Pae_dau_Hal,12641.56,11.9298242,149.4105481,41.8,NA,NA,NA,NA,99.89,26.66
Paeonia daurica subsp. mlokosewitschii,Jena,Pae_dau_mlo_Jen,35220.02203,12.0529854,247.4270397,88.16666667,92.5,53.90360625,22.76041667,12.74375,121.6667,16.19
Paeonia daurica subsp. tomentosa,Halle,Pae_dau_tom_Hal,NA,NA,NA,NA,NA,NA,NA,NA,109.24,NA
Paeonia daurica subsp. wittmanniana,Halle,Pae_dau_wit_Hal,NA,NA,NA,NA,NA,26.792325,21.6,9.075,NA,NA
Paeonia daurica subsp. wittmanniana,Jena,Pae_dau_wit_Jen,49886.462,19.643142,293.494,67.4,72,68.129055,22.1225,12.7825,NA,18.05
Paeonia delavayi,Halle,Pae_del_Hal,NA,11.356,241.418,137.6,115.6,60.21894,19.9,9.86,326.47,14.43
Paeonia delavayi,Jena,Pae_del_Jen,31846.162,12.674402,205.522,132.2,145.4,51.4157475,20.3575,11.255,595.7,11.75
Paeonia officinalis,Halle,Pae_off_Hal,NA,12.106,239.88,46,48.6,53.07432,29.445,15.545,497.94,NA
Paeonia officinalis,Jena,Pae_off_Jen,30226.545,13.481158,261.494,46,53,38.78508,27.18,13.5175,132.3938,14.54
Paeonia officinalis,Leipzig,Pae_off_Lei,NA,9.656915453,374.7830918,50,52,40.571235,25.9975,9.0675,NA,22.29
Paeonia peregrina,Halle,Pae_per_Hal,NA,11.03,252.58,59.4,62.96,48.48135,35.04,17.035,175.52,NA
Paeonia peregrina,Jena,Pae_per_Jen,64697.96167,10.03022133,279.3166667,NA,NA,44.653875,25.021875,13.85625,179.1,17.77
Paeonia peregrina,Leipzig,Pae_per_Lei,10431.24939,13.37179832,321.3966919,47.5,56,29.2163925,32.7325,15.6425,NA,14.64
Papaver grande,Halle,Pap_gra_Hal,18082.78518,20.23814794,102.3072079,43,NA,15.3099,31.15,14.03125,NA,18.22
Penstemon grandiflorus,Leipzig,Pen_gra_Lei,NA,NA,330.8300484,21.3,56.8,97.47303,25.62875,16.7275,NA,51.7
Petasites hybridus,Jena,Pet_hyb_Jen,6665.498333,14.36333333,147.9533333,12,16.8,NA,NA,NA,NA,21.7
Phedimus spurius,Halle,Phe_spu_Hal,82.57113333,17.9468,62.392,15,16.2,41.591895,23.68625,13.8825,0.07,NA
Phedimus stoloniferus,Leipzig,Phe_sto_Lei,136.8035857,17.51207532,71.58638097,5.2,10.04,36.998925,24.6775,12.8475,NA,NA
Phedimus stoloniferus,Leipzig,Phe_sto_Lei,NA,NA,NA,NA,NA,NA,NA,NA,0.1,NA
Phlomis russeliana,Halle,Phl_rus_Hal,8919.488,14.50268996,227.5933533,94.2,91.4,NA,NA,NA,8.62,18.5
Phlomis russeliana,Jena,Phl_rus_Jen,7756.544,11.956,267.452,109.4,106,195.5839725,22.74875,15.3475,9.05,17.82
Plantago lanceolata,Halle,Pla_lan_Hal,NA,22.402,103.622,26.4,39.4,113.548425,19.76,11.1625,1.21,NA
Plantago lanceolata,Jena,Pla_lan_Jen,1204.341,15.726,166.678,25.6,53.6,189.67265,18.18375,10.94541667,1.4464,17.42
Plantago lanceolata,Leipzig,Pla_lan_Lei,3314.159736,21.84459586,159.5806074,0.78,26.6,253.12368,15.5275,8.93875,0.6,15.5
Platycodon grandiflorus,Halle,Pla_gra_Hal,906.483,17.20420704,257.3765997,106.6,108.6,230.7967425,28.2525,15.145,1.03,15.78
Podophyllum peltatum,Halle,Pod_pel_Hal,NA,27.488,142.74,50.6,34.8,89.0610905,28.0425,16.36166667,0.02,14.91
Podophyllum peltatum,Leipzig,Pod_pel_Lei,15472.77909,21.4867116,198.8903438,29,25,33.8093625,18.69375,8.146875,NA,27.12
Polygonatum multiflorum,Halle,Pol_mul_Hal,NA,36.14,178.036,50.4,49.2,45.56517857,16.86095238,9.520238095,24.24,12.25
Polygonatum multiflorum,Jena,Pol_mul_Jen,2323.903,27.62,199.862,28.2,37.8,50.6502525,24.0675,10.9825,25.8,13.75
Polygonatum multiflorum,Leipzig,Pol_mul_Lei,2826.78001,40.14699899,175.2441443,49,48,43.2504675,18.325,7.8075,NA,19.79
Polygonatum verticillatum,Leipzig,Pol_ver_Lei,NA,NA,NA,NA,NA,NA,NA,NA,39.7,NA
Potentilla indica,Jena,Pot_ind_Jen,NA,22.14,291.345,22.25,23.5,74.6357625,17.6625,11.578125,NA,31.47
Primula acaulis,Halle,Pri_aca_Hal,NA,23.306,158.758,8.9,8.7,131.409975,25.4425,19.98,NA,NA
Primula acaulis,Jena,Pri_aca_Jen,196.2985,25.426,151.828,6.1,10,79.9942275,22.67791667,14.65041667,NA,20.24
Primula denticulata,Halle,Pri_den_Hal,NA,23.306,114.818,7.9,25.8,66.9808125,25.315,20.9275,0.05,16.38
Primula denticulata,Jena,Pri_den_Jen,1266.665,27.92,105.434,13.8,35.6,125.796345,30.4825,28.16625,0.057,NA
Primula denticulata,Leipzig,Pri_den_Lei,NA,23.92444516,94.00216744,4.5,16.4,43.122885,28.14708333,20.64,0.1,31.15
Primula veris,Halle,Pri_ver_Hal,NA,16.01,193.2733333,6.5,10.83333333,128.007775,26.07083333,21.63333333,NA,NA
Primula veris,Jena,Pri_ver_Jen,549.0220833,18.3575,157.575,15.75,28,78.59082,27.7525,20.50875,1.189,14.63
Prunella grandiflora,Halle,Pru_gra_Hal,NA,21.194,154.732,12.6,20.4,96.197205,29.3025,18.2775,2.15,17.74
Prunella grandiflora,Jena,Pru_gra_Jen,223.51375,20.2425,191.2425,8.5,13.25,113.4208425,20.90875,14.63,0.975,17.85
Prunella grandiflora,Leipzig,Pru_gra_Lei,291.4675174,14.36103309,218.179765,5,9.5,86.8836825,20.26625,14.21625,NA,21.56
Prunella vulgaris,Halle,Pru_vul_Hal,NA,NA,NA,NA,NA,NA,NA,NA,NA,25.66
Prunella vulgaris,Jena,Pru_vul_Jen,NA,NA,NA,NA,NA,189.4600125,28.89375,19.775,0.7667,NA
Pulsatilla vulgaris,Halle,Pul_vul_Hal,765.665,19.16474813,195.3581918,11,NA,91.2214875,26.7375,17.1,NA,23.84
Pulsatilla vulgaris,Jena,Pul_vul_Jen,1075.007,13.772,196.476,24,30,53.58465,36.84791667,36.66875,3.25,24.49
Pulsatilla vulgaris,Leipzig,Pul_vul_Lei,3466.093426,13.70728818,209.3028748,34.3,52.1,70.170375,33.04875,23.73625,3.8,14.34
Puschkinia scilloides,Halle,Pus_sci_Hal,682.602,17.99389071,188.1577351,12.8,19.2,42.86772,36.1525,12.75,NA,13.54
Ranunculus acris,Halle,Ran_acr_Hal,NA,14.61,265.9066667,21.33333333,30,76.5495,36.44375,23.79375,2.08,NA
Ranunculus acris,Jena,Ran_acr_Jen,632.224,19.136,249.17,67.7,75.1,5.9963775,22.5625,11.9375,1.3667,17.14
Ranunculus bulbosus,Jena,Ran_bul_Jen,529.073,20.368,215.688,NA,NA,40.571235,20.05125,11.17916667,NA,15.05
Ranunculus lanuginosus,Jena,Ran_lan_Jen,644.345625,19.0925,179.135,11,37.5,NA,NA,NA,1.4,24.84
Rheum rhabarbarum,Jena,Rhe_rha_Jen,30844.575,11.6548325,92.06,62,86,59.963775,30.2875,18.9875,6.03,12.14
Roscoea purpurea,Leipzig,Ros_pur_Lei,NA,NA,176.3277162,19.8,42.8,37.8920025,25.795,9.945,NA,19.23
Rubus chamaemorus,Jena,Rub_cha_Jen,1458.39,13.5,354.7133333,7.166666667,NA,83.3539,28.1625,18.85833333,NA,28.41
Rumex acetosa,Jena,Rum_ace_Jen,1412.483,24.868,125.698,59.4,100,51.033,37.3425,24.12625,1.3159,16.34
Salvia amplexicaulis,Leipzig,Sal_amp_Lei,1529.430171,30.64495995,255.0324249,92.46,94.06,138.4270125,14.5175,8.16,0.9,17.3
Salvia nemorosa,Halle,Sal_nem_Hal,NA,NA,NA,NA,NA,302.370525,16.5875,11.9375,NA,NA
Salvia nemorosa,Jena,Sal_nem_Jen,708.138,23.958,176.278,88.2,102.2,NA,NA,NA,0.8571,13.51
Salvia officinalis,Halle,Sal_off_Hal,NA,24.442,184.616,49.1,64.5,NA,NA,NA,1.39,11.03
Salvia officinalis,Jena,Sal_off_Jen,1081.608,14.58066667,234.7473333,53.5,72.7,NA,NA,NA,NA,10.36
Salvia officinalis,Leipzig,Sal_off_Lei,1269.611798,4.086479245,1000,54,70,NA,NA,NA,8.3,10.17
Salvia patens,Jena,Sal_pat_Jen,NA,NA,NA,NA,NA,NA,NA,NA,1.568,NA
Salvia pratensis,Jena,Sal_pra_Jen,3805.471667,20.05,148.096,63.6,73.2,172.6191225,18.82625,18.9825,NA,8.58
Sanguisorba minor,Halle,San_min_Hal,NA,NA,NA,NA,NA,76.804665,25.6325,9.8825,NA,NA
Sanguisorba minor,Jena,San_min_Jen,NA,21.786,269.73,37.5,48.1,NA,NA,NA,5.1542,NA
Sanguisorba officinalis,Jena,San_off_Jen,NA,13.21,357.424,139.6,161,NA,NA,NA,NA,NA
Saponaria officinalis,Halle,Sap_off_Hal,NA,18.85,223.592,44.8,51.4,139.32009,29.2925,21.27,1.4,NA
Saponaria officinalis,Jena,Sap_off_Jen,717.177,14.702,246.156,76,85,140.595915,29.21125,18.47125,1.8462,12.58
Saponaria officinalis,Leipzig,Sap_off_Lei,909.6630875,18.23756878,329.2253037,33,36.6,42.4849725,19.1325,10.185,NA,24.24
Saxifraga paniculata,Halle,Sax_pan_Hal,NA,7.463333333,203.62,2,18,75.69895,26.6375,19.15833333,0.04,NA
Saxifraga paniculata,Jena,Sax_pan_Jen,15.16833333,7.224,253.236,13.4,19,80.12181,35.2425,28.1725,0.0538,69.44
Saxifraga paniculata,Leipzig,Sax_pan_Lei,501.9011836,11.96475799,184.0373486,1.1,21.5,87.011265,21.0675,12.24,1.2,51.13
Saxifraga rotundifolia,Halle,Sax_rot_Hal,704.417,18.058,129.778,8.6,55,80.12181,16.255,9.43,0.02,38.8
Scabiosa ochroleuca,Leipzig,Sca_och_Lei,501.9011836,23.14812132,206.2783858,52.6,79.9,110.1036975,20.1825,10.26875,1.8,38.77
Scopolia carniolica,Halle,Sco_car_Hal,NA,32.082,145.814,49,36.4,27.72793,19.88833333,9.011666667,NA,8.3
Scopolia carniolica,Jena,Sco_car_Jen,NA,26.98,179.4652655,31,23.33333333,37.849475,16.82916667,16.4,NA,NA
Scopolia carniolica,Leipzig,Sco_car_Lei,3849.911297,29.31422088,173.7044334,53.1,40.8,41.7194775,23.38,15.0075,NA,20.92
Securigera varia,Halle,Sec_var_Hal,1204.986011,22.15665779,260.4474064,48.4,49.2,96.0696225,17.3325,8.355,3.9,9.6
Securigera varia,Jena,Sec_var_Jen,NA,29.542,202.392,30.1,33.9,NA,NA,NA,2.6233,NA
Sempervivum tectorum,Jena,Sem_tec_Jen,29.827,4.232,229.654,2.3,14.5,NA,NA,NA,0.0348,85.6
Senecio nemorensis,Halle,Sen_nem_Hal,6184.014699,26.09146433,187.8340968,167.8,171.6,NA,NA,NA,0.55,12.34
Senecio nemorensis,Jena,Sen_nem_Jen,2105.061,21.107,199.268,108.9,111.5,37.08398,40.743625,29.38904167,0.2833,13.64
Silene coronaria,Halle,Sil_cor_Hal,1814.548,26.602,138.9412,74.6,79.8,38.019585,21.905,11.2175,0.46,17.37
Silene coronaria,Jena,Sil_cor_Jen,460.52375,19.1825,201.045,55.75,60.25,102.8633906,21.2671875,17.0984375,0.558,19.54
Silene coronaria,Leipzig,Sil_cor_Lei,1479.989155,12.72540427,216.6672829,47,53,NA,NA,NA,NA,13.21
Silene dioica,Halle,Sil_dio_Hal,678.383,31.1118,146.2738,82.8,87.6,73.48752,23.2425,12.1925,0.53,21.7
Silene nutans,Jena,Sil_nut_Jen,NA,NA,NA,22,35.5,79.9942275,23.63625,15.545,NA,NA
Silene nutans,Leipzig,Sil_nut_Lei,962.8661746,22.15953907,207.4136725,58,55,146.209545,21.8825,16.915,NA,13.82
Silene vulgaris,Halle,Sil_vul_Hal,NA,25.23,169.754,58.8,66.2,187.546275,22.9075,17.085,0.4,NA
Silene vulgaris,Jena,Sil_vul_Jen,215.997,28.936,129.41,46.7,50.9,142.38207,23.97375,12.69125,0.6,14.64
Silene vulgaris,Leipzig,Sil_vul_Lei,592.137167,29.38564161,145.7589046,58,63,147.6129525,22.42,15.9275,NA,24.81
Silphium integrifolium,Halle,Sil_int_Hal,NA,12.58,255.66,128,135.8,157.18164,28.1975,18.4725,6.56,NA
Silphium integrifolium,Jena,Sil_int_Jen,523.6058333,11.132,281.176,78.1,83.2,184.3567125,22.8275,15.2025,4.9421,21.7
Solanum dulcamara,Halle,Sol_dul_Hal,NA,23.276,214.992,68.6,65.2,110.486445,18.2675,11.6375,0.15,10.5
Solidago canadensis,Jena,Sol_can_Jen,344.4533333,18.9,347.778,175,185.4,176.9569275,17.9325,13.94,0.068,17.28
Solidago virgaurea,Halle,Sol_vir_Hal,NA,17.878,256.91,33.2,45,105.893475,21.09125,13.625,0.08,17.54
Solidago virgaurea,Jena,Sol_vir_Jen,257.47825,19.83,213.744,NA,NA,99.6419325,25.68375,19.2225,0.2064,12.38
Stachys officinalis,Jena,Sta_off_Jen,NA,NA,NA,46.6,54.1,117.120735,29.89125,20.7925,NA,NA
Tanacetum vulgare,Halle,Tan_vul_Hal,NA,14.926,265.364,107.8,110.6,107.2968825,21.84375,16.42625,0.09,11.66
Tanacetum vulgare,Jena,Tan_vul_Jen,324.9404537,21.156,246.878,124,127.8,119.2896375,23.07875,14.73625,0.06,16.83
Tanacetum vulgare,Leipzig,Tan_vul_Lei,5816.791235,36.46891056,383.4134615,99.3,105.6,NA,NA,NA,NA,15.03
Thalictrum minus,Jena,Tha_min_Jen,NA,20.209,305.47,107.8,154.6,113.548425,21.09,20.5625,1.18,NA
Thalictrum minus,Leipzig,Tha_min_Lei,5555.829271,17.77847571,368.2491766,82.5,107,343.8348375,13.00625,8.9125,NA,22.41
Thymus praecox,Jena,Thy_pra_Jen,14.47737778,24.07,254.712,12.8,16.6,168.664065,17.49125,10.6575,0.42,19.82
Thymus pulegioides,Jena,Thy_pul_Jen,5.186166667,22.174,288.26,16.2,17.4,215.9971725,18.31,11.515,0.0712,30.76
Thymus serpyllum,Halle,Thy_ser_Hal,NA,15.295,366.321,5.78,6.42,175.4259375,17.42125,14.2175,NA,29.03
Thymus serpyllum,Jena,Thy_ser_Jen,11.893,25.952,272.494,9.4,10.8,268.178415,17.09,12.2,0.248,33.28
Tragopogon orientalis,Halle,Tra_ori_Hal,NA,NA,NA,NA,NA,NA,NA,NA,NA,NA
Trapa natans,Halle,Tra_nat_Hal,190.8143521,13.96945886,330.2065874,23,NA,244.192905,21.33,9.355,NA,29.05
Trapa natans,Jena,Tra_nat_Jen,447.338,9.856,243.536,7.8,5.5,258.73731,20.675,11.035,NA,31.09
Trapa natans,Leipzig,Tra_nat_Lei,291.0669916,15.61418908,228.4391459,32,NA,199.0287,15.76,8.01,NA,NA
Trillium sessile,Jena,Tri_ses_Jen,3113.37875,24.02,180.898,25.4,29.2,NA,NA,NA,16.62,11.16
Trillium sessile,Leipzig,Tri_ses_Lei,11372.79446,32.28682261,170.1264527,28,34,18.4994625,29.66,12.315,NA,23.69
Trollius europaeus,Halle,Tro_eur_Hal,NA,14.78,192.14,27.33333333,33,49.3319,36.95833333,29.325,0.04,12.57
Trollius europaeus,Jena,Tro_eur_Jen,NA,23.2,183.82,35,42.6,NA,NA,NA,0.2333,NA
Trollius europaeus,Leipzig,Tro_eur_Lei,3964.263756,12.5332546,238.2242132,16,32.4,89.9456625,33.055,19.81666667,NA,10.71
Tulipa saxatilis,Halle,Tul_sax_Hal,NA,14.0186,137.0348,33.2,NA,30.10947,49.365,21.1975,NA,34.7
Tulipa sylvestris,Halle,Tul_syl_Hal,NA,11.208,184.456,31,39.6,34.5748575,48.62625,20.25,7.33,15.36
Tulipa sylvestris,Jena,Tul_syl_Jen,1004.466,13.796,192.532,25,23.74,28.57848,45.9325,16.255,7.04,NA
Tussilago farfara,Halle,Tus_far_Hal,NA,18.472,125.592,4.9,NA,38.529915,45.025,32.6075,0.13,NA
Tussilago farfara,Leipzig,Tus_far_Lei,17728.84023,12.95232494,130.2963404,22.5,19.9,20.1155075,27.55416667,18.84958333,NA,13.99
Urtica dioica,Jena,Urt_dio_Jen,540.6053333,18.77,261.992,79,81.6,99.1316025,15.60583333,9.583333333,0.2,10.92
Urtica dioica,Leipzig,Urt_dio_Lei,1979.459124,48.23969523,191.0532537,106.5,105,113.548425,17.909375,11.34375,NA,14.42
Vaccinium intermedium_x,Jena,Vac_int_Jen,NA,NA,NA,18,15.5,160.498785,18.36,11.2775,0.3909,46.81
Vaccinium myrtillus,Jena,Vac_myr_Jen,62.98713636,7.997272727,440.3045455,17,15.8,NA,NA,NA,NA,39.92
Vaccinium myrtillus,Leipzig,Vac_myr_Lei,NA,NA,372.5806452,8,15,68.89455,18.025,13.5625,NA,NA
Vaccinium oxycoccos,Jena,Vac_oxy_Jen,20.981,7.12,508.954,11.2,12.4,NA,NA,NA,NA,86.78
Vaccinium oxycoccos,Leipzig,Vac_oxy_Lei,42.06156462,19.08816789,310.1331764,21,18,316.7873475,12.115,6.205,NA,12.59
Vaccinium uliginosum,Halle,Vac_uli_Hal,NA,15.75252918,400,84,93,72.0841125,20.2125,10.65,NA,23.2
Veratrum album,Halle,Ver_alb_Hal,NA,NA,NA,48.8,59.6,16.84089,27.2975,10.2275,3.21,14.6
Veratrum album,Jena,Ver_alb_Jen,11999.67167,17.3485684,159.066,65,104,20.668365,50.285,34.4975,4.55,18.99
Veratrum nigrum,Halle,Ver_nig_Hal,NA,13.77,188.05,49,131,32.0232075,24.9275,14.82375,13.52,23.43
Veratrum nigrum,Jena,Ver_nig_Jen,9023.463333,15.9205708,169.24,NA,NA,20.0304525,52.2575,37.41,13,31.87
Veratrum nigrum,Leipzig,Ver_nig_Lei,14902.07235,14.28044085,186.4342274,45.5,107.5,13.3961625,26.125,8.56875,NA,10
Vicia villosa,Halle,Vic_vil_Hal,NA,NA,NA,NA,NA,131.15481,16.0925,7.3475,NA,NA
Vinca minor,Halle,Vin_min_Hal,201.199,16.62844262,281.5430011,23.4,NA,126.73195,18.7,13.53333333,NA,23.72
Vinca minor,Jena,Vin_min_Jen,NA,21.974,247.85,14,13.8,203.11134,19.855,26.2625,NA,NA
Vinca minor,Leipzig,Vin_min_Lei,318.9957778,23.28644219,247.933345,26.8,24.5,224.1624525,19.01,14.285,NA,17.22
Vincetoxicum hirundinaria,Halle,Vin_hir_Hal,NA,22.362,197.814,63.1,64.6,109.976115,14.4225,8.485,3.16,11.02
Vincetoxicum hirundinaria,Jena,Vin_hir_Jen,435.0166667,31.844,181.142,62.7,62.6,85.3526925,12.905,8.075,1.2143,9.85
Vincetoxicum hirundinaria,Leipzig,Vin_hir_Lei,1545.652106,21.38961168,234.9169326,70.5,70,205.918155,18.24,13.6225,NA,23.05
Viola odorata,Halle,Vio_odo_Hal,892.277,18.65464687,190.7441972,15,4.66,103.341825,20.26,12.63,NA,14.24428523
Viscaria vulgaris,Halle,Vis_vul_Hal,NA,13.964,182.92,22.6,44.2,59.70861,26.725,18.7275,0.06,NA